IncidentID,AgencyORI,AgencyName,IncidentStatusDesc,County,RdwyNumber,Street,RoadwayName,StreetSfx,StreetDir,IntersectionRdwy,IntersectionRdwyName,BetweenStRdwy1,BetweenStRdwyName1,BetweenStRdwy2,BetweenStRdwyName2,Latitude,Longitude,Milepoint,CollisionDate,CollisionTime,UnitsInvolved,MotorVehiclesInvolved,NumberKilled,NumberInjured,Weather,RdwyConditionCode,HitandRun,DirAnalysisCode,MannerofCollision,RdwyCharacter,LightCondition,RampFromRdwyId,RampToRdwyId,AcceptedDate,IsSecondaryCollision,OwnerBadge,IncidentStatus,
28348228,0568000,LOUISVILLE METRO POLICE DEPT,Accepted,JEFFERSON,,,RIVER,RD,,,WALDOAH BEACH,,,,,38.280950243,-85.694301499,0.185,7/5/2021 12:00:00 AM,0537,1,1,0,1,CLEAR,DRY,False,COLLISION WITH FIXED OBJECT IN INTERSECTION - FIRST EVENT COLLISION 09 - 32,SINGLE VEHICLE,STRAIGHT & LEVEL,DARK-HWY NOT LIGHTED,,,7/9/2021 8:24:21 AM,False,7304,Accepted,
28343805,0568000,LOUISVILLE METRO POLICE DEPT,Accepted,JEFFERSON,,3129,DEL PARK,TER,,,,,31ST,,32ND,38.252739654,-85.804161973,0.075,7/5/2021 12:00:00 AM,0335,3,3,0,0,CLEAR,DRY,True,1 VEHICLE PARKED POSITION (NOT PARKING LOT/DRIVEWAY),SIDESWIPE-SAME DIRECTION,STRAIGHT & LEVEL,DARK-HWY LIGHTED/ON,,,7/8/2021 8:18:52 AM,False,5295,Accepted,
28334784,0568000,LOUISVILLE METRO POLICE DEPT,Accepted,JEFFERSON,US0060A,3135,TAYLOR,BLVD,,,,,,,,38.205336181,-85.777538623,2.194,7/5/2021 12:00:00 AM,0409,2,2,0,0,CLEAR,DRY,False,1 VEHICLE ENTERING/LEAVING ENTRANCE,ANGLE,STRAIGHT & GRADE,DARK-HWY LIGHTED/ON,,,7/6/2021 8:57:14 AM,False,5386,Accepted,
28334798,0568000,LOUISVILLE METRO POLICE DEPT,Accepted,JEFFERSON,I 0065,,I65 N,,,,,,,,,38.207605641,-85.751186641,132.563,7/5/2021 12:00:00 AM,1114,2,2,0,0,CLEAR,DRY,False,SIDESWIPE COLLISION - SAME DIRECTION,SIDESWIPE-SAME DIRECTION,STRAIGHT & LEVEL,DAYLIGHT,,,7/6/2021 8:58:37 AM,False,5148,Accepted,
28334806,0568000,LOUISVILLE METRO POLICE DEPT,Accepted,JEFFERSON,US0042,,STORY,AVE,,US0042,BROWNSBORO,,,,,38.260550848,-85.719488035,0.826,7/5/2021 12:00:00 AM,1352,3,3,0,1,CLEAR,DRY,True,COLLISION IN PARKING LOT,REAR END,CURVE & LEVEL,DAYLIGHT,,,7/6/2021 8:59:15 AM,True,5362,Accepted,
28334814,0568000,LOUISVILLE METRO POLICE DEPT,Accepted,JEFFERSON,US0042,,BROWNSBORO,RD,,,HILLCREST,,,,,38.260541448,-85.685764455,2.743,7/5/2021 12:00:00 AM,1910,3,3,0,1,CLEAR,DRY,False,ANGLE COLLISION - OTHER,ANGLE,STRAIGHT & LEVEL,DAYLIGHT,,,7/6/2021 9:00:21 AM,False,7219,Accepted,
28334809,0568000,LOUISVILLE METRO POLICE DEPT,Accepted,JEFFERSON,US0031W,14512,DIXIE,HWY,,,,,,,,38.048313892,-85.897901924,4.136,7/5/2021 12:00:00 AM,1328,1,1,0,1,CLEAR,DRY,False,RAN OFF ROADWAY (1 VEHICLE WITH/EARTH EMBANKMENT/DITCH),SINGLE VEHICLE,STRAIGHT & LEVEL,DAYLIGHT,,,7/6/2021 8:59:44 AM,False,7234,Accepted,
28334816,0568000,LOUISVILLE METRO POLICE DEPT,Accepted,JEFFERSON,KY2801,,FLORENCE,AVE,W,,,,3RD,KY1020,SOUTHERN,38.191170445,-85.765858428,0.215,7/5/2021 12:00:00 AM,2318,2,2,0,0,CLEAR,DRY,True,1 VEHICLE PARKED POSITION (NOT PARKING LOT/DRIVEWAY),SIDESWIPE-SAME DIRECTION,STRAIGHT & GRADE,DARK-HWY LIGHTED/ON,,,7/6/2021 9:00:39 AM,False,5316,Accepted,
28339627,0568000,LOUISVILLE METRO POLICE DEPT,Accepted,JEFFERSON,US0150,100BLK,BROADWAY,,E,,,,,,,38.245726499,-85.753010136,2.672,7/5/2021 12:00:00 AM,2210,2,1,0,1,CLEAR,DRY,False,COLLISION WITH PEDESTRIAN NON - INTERSECTION,SINGLE VEHICLE,STRAIGHT & LEVEL,DARK-HWY LIGHTED/ON,,,7/7/2021 9:24:12 AM,False,5135,Accepted,
28339610,0568000,LOUISVILLE METRO POLICE DEPT,Accepted,JEFFERSON,US0031W,,22ND,ST,S,,GARLAND,,,,,38.244080672,-85.789105939,19.200,7/5/2021 12:00:00 AM,1836,2,2,0,1,CLEAR,DRY,False,ANGLE COLLISION - OTHER,ANGLE,STRAIGHT & LEVEL,DAYLIGHT,,,7/7/2021 9:23:27 AM,False,5273,Accepted,
28339607,0568000,LOUISVILLE METRO POLICE DEPT,Accepted,JEFFERSON,US0060A,,TAYLOR,BLVD,,,CENTRAL,,,,,38.206327684,-85.776189342,2.293,7/5/2021 12:00:00 AM,1309,3,3,0,1,CLEAR,DRY,False,OPPOSING LEFT TURN,OPPOSING LEFT TURN,STRAIGHT & LEVEL,DAYLIGHT,,,7/7/2021 9:23:19 AM,False,2745,Accepted,
28334785,0568000,LOUISVILLE METRO POLICE DEPT,Accepted,JEFFERSON,,,DIXIE,HWY,,,,CS1057F,LEE,CS1055F,GAULBERT,38.226878768,-85.791058996,1.600,7/5/2021 12:00:00 AM,0310,2,2,0,1,CLEAR,DRY,False,SIDESWIPE COLLISION - SAME DIRECTION,SIDESWIPE-SAME DIRECTION,STRAIGHT & LEVEL,DARK-HWY LIGHTED/ON,,,7/6/2021 8:57:27 AM,False,5343,Accepted,
28334786,0568000,LOUISVILLE METRO POLICE DEPT,Accepted,JEFFERSON,,3300,KRAMERS,LN,,,,,,,,38.201454467,-85.835953356,0.061,7/5/2021 12:00:00 AM,0123,3,3,0,0,CLEAR,DRY,True,SIDESWIPE COLLISION - SAME DIRECTION,SIDESWIPE-SAME DIRECTION,STRAIGHT & LEVEL,DARK-HWY LIGHTED/ON,,,7/6/2021 8:57:32 AM,False,7466,Accepted,
28334813,0568000,LOUISVILLE METRO POLICE DEPT,Accepted,JEFFERSON,,,BUECHEL BANK,RD,,,,,,,,38.190835904,-85.647691495,0.147,7/5/2021 12:00:00 AM,1934,3,3,0,0,CLEAR,DRY,False,REAR END IN TRAFFIC LANES BOTH VEHICLES MOVING,REAR END,STRAIGHT & LEVEL,DAYLIGHT,,,7/6/2021 9:00:11 AM,False,5182,Accepted,
28334777,0568000,LOUISVILLE METRO POLICE DEPT,Accepted,JEFFERSON,,,ALLSTON,AVE,,,,,,,,38.220168664,-85.793841503,0.003,7/5/2021 12:00:00 AM,0107,2,2,0,1,CLEAR,DRY,False,1 VEHICLE ENTERING/LEAVING ENTRANCE,ANGLE,STRAIGHT & LEVEL,DARK-HWY LIGHTED/ON,,,7/6/2021 8:56:43 AM,False,7154,Accepted,
28339633,0568000,LOUISVILLE METRO POLICE DEPT,Accepted,JEFFERSON,,,JEFFERSON,BLVD,,,,,,,,38.156717980,-85.671401868,0.210,7/5/2021 12:00:00 AM,2005,2,2,0,1,CLEAR,DRY,False,SIDESWIPE COLLISION - SAME DIRECTION,SIDESWIPE-SAME DIRECTION,STRAIGHT & LEVEL,DUSK,,,7/7/2021 9:24:37 AM,False,7449,Accepted,
28334804,0568000,LOUISVILLE METRO POLICE DEPT,Accepted,JEFFERSON,KY1065,,OUTER,LOOP,,,,,NOLTEMEYER WYNDE,,LAMBERT,38.138142634,-85.677693535,6.554,7/5/2021 12:00:00 AM,1122,2,2,0,0,CLEAR,DRY,False,OTHER ROADWAY OR MID-BLOCK COLLISION,REAR END,STRAIGHT & LEVEL,DAYLIGHT,,,7/6/2021 8:59:04 AM,False,2324,Accepted,
28334810,0568000,LOUISVILLE METRO POLICE DEPT,Accepted,JEFFERSON,US0031W,,DIXIE,HWY,,,,,,,,38.048024948,-85.898005694,4.116,7/5/2021 12:00:00 AM,1351,2,2,0,0,CLEAR,DRY,False,REAR END IN TRAFFIC LANES BOTH VEHICLES MOVING,REAR END,STRAIGHT & LEVEL,DAYLIGHT,,,7/6/2021 8:59:53 AM,False,7234,Accepted,
28334811,0568000,LOUISVILLE METRO POLICE DEPT,Accepted,JEFFERSON,KY1865,,NEW CUT,RD,,KY0907,3RD ST,,,,,38.145787879,-85.775174160,2.673,7/5/2021 12:00:00 AM,2242,2,2,0,0,CLEAR,DRY,False,ANGLE COLLISION - OTHER,ANGLE,STRAIGHT & LEVEL,DARK-HWY LIGHTED/ON,,,7/6/2021 8:59:59 AM,False,5110,Accepted,
28334818,0568000,LOUISVILLE METRO POLICE DEPT,Accepted,JEFFERSON,US0060A,,WINKLER,AVE,,,4TH,,,,,38.210321585,-85.764687196,3.070,7/5/2021 12:00:00 AM,2022,2,2,0,1,CLEAR,DRY,False,ANGLE COLLISION - OTHER,ANGLE,STRAIGHT & LEVEL,DAYLIGHT,,,7/6/2021 9:01:08 AM,False,7291,Accepted,
28334820,0568000,LOUISVILLE METRO POLICE DEPT,Accepted,JEFFERSON,,4344,LYNNVIEW,DR,,,,,,,,38.190703611,-85.843832730,0.314,7/5/2021 12:00:00 AM,2230,2,2,0,0,CLEAR,DRY,False,1 VEHICLE PARKED POSITION (NOT PARKING LOT/DRIVEWAY),HEAD ON,STRAIGHT & LEVEL,DARK-HWY NOT LIGHTED,,,7/6/2021 9:01:22 AM,False,2877,Accepted,
28348908,0568000,LOUISVILLE METRO POLICE DEPT,Accepted,JEFFERSON,,,WENDELL,AVE,,,BETTY,,,,,38.220370194,-85.657365842,0.800,7/5/2021 12:00:00 AM,2250,2,2,0,1,CLEAR,DRY,False,COLLISION WITH PARKED VEHICLE,REAR END,STRAIGHT & LEVEL,DARK-HWY LIGHTED/ON,,,7/9/2021 11:13:36 AM,False,2034,Accepted,
28334794,0568000,LOUISVILLE METRO POLICE DEPT,Accepted,JEFFERSON,US0150,100,BROADWAY,,W,,,,,,,38.245723855,-85.753495687,2.649,7/5/2021 12:00:00 AM,0446,2,2,0,0,CLEAR,DRY,True,COLLISION IN PARKING LOT,SIDESWIPE-OPPOSITE DIRECTION,STRAIGHT & LEVEL,DARK-HWY LIGHTED/ON,,,7/6/2021 8:58:12 AM,False,5311,Accepted,
28340367,0568000,LOUISVILLE METRO POLICE DEPT,Accepted,JEFFERSON,US0060A,,EASTERN,PKWY,,KY0061,SHELBY,,,,,38.214836969,-85.742649393,4.582,7/4/2021 12:00:00 AM,1822,2,1,0,1,CLEAR,DRY,False,COLLISION WITH BICYCLE IN INTERSECTION,SINGLE VEHICLE,STRAIGHT & LEVEL,DAYLIGHT,,,7/7/2021 12:31:28 PM,False,7257,Accepted,
28348215,0568000,LOUISVILLE METRO POLICE DEPT,Accepted,JEFFERSON,,,FLOYD,ST,S,,,,,,,38.245487238,-85.749790880,0.718,7/4/2021 12:00:00 AM,1611,2,2,0,1,CLEAR,DRY,False,1 VEHICLE ENTERING/LEAVING ENTRANCE,ANGLE,STRAIGHT & LEVEL,DAYLIGHT,,,7/9/2021 8:23:18 AM,False,7239,Accepted,
28458469,0568000,LOUISVILLE METRO POLICE DEPT,Accepted,JEFFERSON,,3000,FREYS HILL,RD,,,,,,,,38.287258976,-85.556183836,0.506,7/4/2021 12:00:00 AM,2140,2,1,0,0,CLEAR,DRY,True,COLLISION IN PARKING LOT,ANGLE,STRAIGHT & LEVEL,DARK-HWY LIGHTED/OFF,,,8/2/2021 10:32:31 AM,False,7571,Accepted,
28334787,0568000,LOUISVILLE METRO POLICE DEPT,Accepted,JEFFERSON,I 0071,,I71 S,,,I 0071,I71 S EXIT9A RAMP TO I265 W,,,,,38.314269322,-85.583338800,8.995,7/4/2021 12:00:00 AM,1850,2,2,0,0,CLEAR,DRY,False,SIDESWIPE-SAME DIRECTION,SIDESWIPE-SAME DIRECTION,STRAIGHT & LEVEL,DAYLIGHT,,,7/6/2021 8:57:38 AM,False,5228,Accepted,
28334793,0568000,LOUISVILLE METRO POLICE DEPT,Accepted,JEFFERSON,US0031E,1000B,BARDSTOWN,RD,,,,,,,,38.238825314,-85.721749869,15.476,7/4/2021 12:00:00 AM,2300,5,5,0,0,CLEAR,DRY,True,1 VEHICLE PARKED POSITION (NOT PARKING LOT/DRIVEWAY),SIDESWIPE-SAME DIRECTION,STRAIGHT & LEVEL,DARK (UNKNOWN ROADWAY LIGHTING),,,7/6/2021 8:58:07 AM,False,7488,Accepted,
28343801,0568000,LOUISVILLE METRO POLICE DEPT,Accepted,JEFFERSON,,2907,MARKET,ST,W,,29TH,,,,,38.260060904,-85.798978375,0.688,7/4/2021 12:00:00 AM,2127,2,1,0,1,CLEAR,DRY,True,COLLISION WITH BICYCLE IN INTERSECTION,SINGLE VEHICLE,STRAIGHT & LEVEL,DUSK,,,7/8/2021 8:18:49 AM,False,5295,Accepted,
28343810,0568000,LOUISVILLE METRO POLICE DEPT,Accepted,JEFFERSON,US0031W,,DIXIE,HWY,,,SPEEDWAY,,,,,38.117623770,-85.858839403,9.446,7/4/2021 12:00:00 AM,1820,2,1,0,1,CLEAR,DRY,False,COLLISION WITH BICYCLE IN INTERSECTION,SINGLE VEHICLE,STRAIGHT & LEVEL,DAYLIGHT,,,7/8/2021 8:19:02 AM,False,5170,Accepted,
28334776,0568000,LOUISVILLE METRO POLICE DEPT,Accepted,JEFFERSON,,,ADAMS,ST,,,CABEL,,,,,38.260217918,-85.731036981,0.440,7/4/2021 12:00:00 AM,2238,2,2,0,0,CLEAR,DRY,False,OTHER INTERSECTION COLLISIONS,REAR END,STRAIGHT & LEVEL,DAYLIGHT,,,7/6/2021 8:56:39 AM,False,7386,Accepted,
28343787,0568000,LOUISVILLE METRO POLICE DEPT,Accepted,JEFFERSON,I 0065,,,,,,,,,,,38.250301003,-85.747589295,0.020,7/4/2021 12:00:00 AM,1918,2,2,0,0,CLOUDY,DRY,False,OTHER RAMP RELATED COLLISIONS NOT LISTED ABOVE,ANGLE,CURVE & GRADE,DAYLIGHT,W MUHAMMAD ALI BLVD,I 0065,7/8/2021 8:18:12 AM,False,7904,Accepted,
28334778,0568000,LOUISVILLE METRO POLICE DEPT,Accepted,JEFFERSON,I 0264,,I264 E,,,,,,,,,38.253905458,-85.806027427,1.635,7/4/2021 12:00:00 AM,2326,2,2,0,0,CLEAR,DRY,True,1 VEHICLE ENTERING/LEAVING ENTRANCE,ANGLE,STRAIGHT & LEVEL,DARK-HWY LIGHTED/ON,,,7/6/2021 8:56:48 AM,False,5047,Accepted,
28334779,0568000,LOUISVILLE METRO POLICE DEPT,Accepted,JEFFERSON,US0031E,,BAXTER,AVE,,,,,MORTON,,HIGHLAND,38.240379218,-85.724385796,15.662,7/4/2021 12:00:00 AM,2336,2,1,0,2,CLEAR,DRY,False,COLLISION WITH PEDESTRIAN NON - INTERSECTION,SINGLE VEHICLE,CURVE & LEVEL,DARK-HWY LIGHTED/ON,,,7/6/2021 8:56:51 AM,False,5365,Accepted,
28334754,0568000,LOUISVILLE METRO POLICE DEPT,Accepted,JEFFERSON,,3622,PARTHENIA,AVE,,,CAMDEN,,,,,38.193865056,-85.792258294,0.624,7/4/2021 12:00:00 AM,0103,2,2,0,0,CLEAR,DRY,True,COLLISION WITH PARKED VEHICLE,SIDESWIPE-SAME DIRECTION,STRAIGHT & LEVEL,DARK-HWY NOT LIGHTED,,,7/6/2021 8:55:12 AM,False,5382,Accepted,
28334760,0568000,LOUISVILLE METRO POLICE DEPT,Accepted,JEFFERSON,,,BURNETT,AVE,E,,HILL,,,,,38.225967288,-85.750892444,0.323,7/4/2021 12:00:00 AM,0838,1,1,0,0,CLEAR,DRY,True,COLLISION WITH FIXED OBJECT IN INTERSECTION - FIRST EVENT COLLISION 09 - 32,SINGLE VEHICLE,STRAIGHT & LEVEL,DAYLIGHT,,,7/6/2021 8:55:37 AM,False,7257,Accepted,
28334761,0568000,LOUISVILLE METRO POLICE DEPT,Accepted,JEFFERSON,,,OAK,ST,E,,,KY0864,LOGAN,,CHESTER,38.233240222,-85.740168359,0.841,7/4/2021 12:00:00 AM,1544,2,2,0,0,CLEAR,DRY,False,SIDESWIPE COLLISION - SAME DIRECTION,SIDESWIPE-SAME DIRECTION,STRAIGHT & LEVEL,DAYLIGHT,,,7/6/2021 8:55:40 AM,False,5120,Accepted,
28334762,0568000,LOUISVILLE METRO POLICE DEPT,Accepted,JEFFERSON,,6613,OLD NEW CUT,RD,,,,,,,,38.117938755,-85.779092883,0.152,7/4/2021 12:00:00 AM,1313,1,1,0,1,CLEAR,DRY,False,COLLISION WITH FIXED OBJECT NON - INTERSECTION - FIRST EVENT COLLISION 09 - 32 EXCLUDING 16,SINGLE VEHICLE,CURVE & LEVEL,DAYLIGHT,,,7/6/2021 8:55:44 AM,False,7483,Accepted,
28334768,0568000,LOUISVILLE METRO POLICE DEPT,Accepted,JEFFERSON,KY1865,,TAYLOR,BLVD,,,,,,,,38.181464015,-85.783518237,5.165,7/4/2021 12:00:00 AM,1720,2,2,0,0,CLEAR,DRY,False,1 VEHICLE ENTERING/LEAVING ENTRANCE,ANGLE,STRAIGHT & LEVEL,DAYLIGHT,,,7/6/2021 8:56:09 AM,False,5302,Accepted,
28334769,0568000,LOUISVILLE METRO POLICE DEPT,Accepted,JEFFERSON,,,RIVER,RD,,,,,MOCKINGBIRD VALLEY,,WALDOAH BEACH,38.280001156,-85.695590904,0.089,7/4/2021 12:00:00 AM,1752,2,2,0,0,CLEAR,DRY,False,OTHER ROADWAY OR MID-BLOCK COLLISION,OPPOSING LEFT TURN,STRAIGHT & LEVEL,DAYLIGHT,,,7/6/2021 8:56:13 AM,False,7632,Accepted,
28334770,0568000,LOUISVILLE METRO POLICE DEPT,Accepted,JEFFERSON,KY2052,5584,SHEPHERDSVILLE,RD,,,,,,,,38.168435939,-85.659560927,2.059,7/4/2021 12:00:00 AM,0828,1,1,0,1,CLEAR,DRY,False,COLLISION WITH FIXED OBJECT NON - INTERSECTION - FIRST EVENT COLLISION 09 - 32 EXCLUDING 16,SINGLE VEHICLE,STRAIGHT & LEVEL,DAYLIGHT,,,7/6/2021 8:56:20 AM,False,7864,Accepted,
28334780,0568000,LOUISVILLE METRO POLICE DEPT,Accepted,JEFFERSON,,,26TH,ST,S,,BROADWAY,,,,,38.249453131,-85.794885650,0.781,7/4/2021 12:00:00 AM,2026,2,2,0,0,CLEAR,DRY,False,OPPOSING LEFT TURN,OPPOSING LEFT TURN,STRAIGHT & LEVEL,DUSK,,,7/6/2021 8:56:56 AM,False,5355,Accepted,
28334788,0568000,LOUISVILLE METRO POLICE DEPT,Accepted,JEFFERSON,,1500B,SALE,AVE,,,,,,,,38.197776190,-85.788811931,0.642,7/4/2021 12:00:00 AM,2052,2,2,0,0,CLEAR,DRY,False,1 VEHICLE ENTERING/LEAVING ENTRANCE,ANGLE,STRAIGHT & LEVEL,DAYLIGHT,,,7/6/2021 8:57:44 AM,False,5382,Accepted,
28334767,0568000,LOUISVILLE METRO POLICE DEPT,Accepted,JEFFERSON,US0031W,,22ND,ST,S,,,,BROADWAY,,ANDERSON,38.248733563,-85.788286592,19.502,7/4/2021 12:00:00 AM,1740,2,2,0,1,CLEAR,DRY,False,SIDESWIPE COLLISION - SAME DIRECTION,SIDESWIPE-SAME DIRECTION,STRAIGHT & LEVEL,DAYLIGHT,,,7/6/2021 8:56:05 AM,False,7381,Accepted,
28334792,0568000,LOUISVILLE METRO POLICE DEPT,Accepted,JEFFERSON,KY1931,,MANSLICK,RD,,,MARCH,,,,,38.191682552,-85.800783783,8.104,7/4/2021 12:00:00 AM,2341,2,2,0,0,CLEAR,DRY,False,REAR END - ONE VEHICLE TURNING RIGHT,REAR END,STRAIGHT & LEVEL,DARK-HWY LIGHTED/ON,,,7/6/2021 8:58:01 AM,False,5131,Accepted,
28362281,0568000,LOUISVILLE METRO POLICE DEPT,Accepted,JEFFERSON,,,WATTERSON,TRL,,,NACHAND,,,,,38.181330584,-85.616110616,0.517,7/4/2021 12:00:00 AM,2013,2,2,0,0,CLEAR,DRY,False,ANGLE COLLISION - OTHER,ANGLE,STRAIGHT & LEVEL,DAYLIGHT,,,7/13/2021 8:52:56 AM,False,5222,Accepted,
28334756,0568000,LOUISVILLE METRO POLICE DEPT,Accepted,JEFFERSON,,,23RD,ST,S,,MARKET,,,,,38.258744908,-85.788254923,0.094,7/4/2021 12:00:00 AM,0215,1,1,0,2,CLEAR,DRY,False,COLLISION WITH FIXED OBJECT IN INTERSECTION - FIRST EVENT COLLISION 09 - 32,SINGLE VEHICLE,STRAIGHT & LEVEL,DARK-HWY LIGHTED/ON,,,7/6/2021 8:55:21 AM,False,5355,Accepted,
28334757,0568000,LOUISVILLE METRO POLICE DEPT,Accepted,JEFFERSON,,,3RD,ST,S,,WELLINGTON,,,,,38.184230987,-85.765768198,1.133,7/4/2021 12:00:00 AM,0359,1,1,0,0,CLEAR,DRY,False,COLLISION WITH FIXED OBJECT IN INTERSECTION - FIRST EVENT COLLISION 09 - 32,SINGLE VEHICLE,STRAIGHT & LEVEL,DARK-HWY LIGHTED/ON,,,7/6/2021 8:55:25 AM,False,5337,Accepted,
28334764,0568000,LOUISVILLE METRO POLICE DEPT,Accepted,JEFFERSON,KY1065,,OUTER,LOOP,,,BRIARCLIFF,,,,,38.136132064,-85.697086756,5.471,7/4/2021 12:00:00 AM,1354,2,2,0,3,CLEAR,DRY,False,ANGLE COLLISION - ONE VEHICLE TURNING RIGHT,ANGLE,STRAIGHT & LEVEL,DAYLIGHT,,,7/6/2021 8:55:51 AM,True,7442,Accepted,
28334765,0568000,LOUISVILLE METRO POLICE DEPT,Accepted,JEFFERSON,KY0061,,PRESTON,HWY,,,ANTLE,,,,,38.087446124,-85.667567938,0.266,7/4/2021 12:00:00 AM,1625,2,2,0,0,CLEAR,DRY,False,OTHER INTERSECTION COLLISIONS,REAR END,STRAIGHT & LEVEL,DAYLIGHT,,,7/6/2021 8:55:55 AM,False,7442,Accepted,
28334759,0568000,LOUISVILLE METRO POLICE DEPT,Accepted,JEFFERSON,I 0265,,,,,,,,,,,38.288214736,-85.513095004,0.361,7/4/2021 12:00:00 AM,1200,2,2,0,0,CLEAR,DRY,False,REAR END IN TRAFFIC LANES BOTH VEHICLES MOVING,REAR END,CURVE & GRADE,DAYLIGHT,,,7/6/2021 8:55:32 AM,False,6532,Accepted,
28334766,0568000,LOUISVILLE METRO POLICE DEPT,Accepted,JEFFERSON,KY1934,,CANE RUN,RD,,KY2051,CAMP GROUND,,,,,38.215599536,-85.817926563,10.729,7/4/2021 12:00:00 AM,1733,1,1,0,0,CLEAR,DRY,False,COLLISION WITH ANIMAL IN INTERSECTION,SINGLE VEHICLE,STRAIGHT & LEVEL,DAYLIGHT,,,7/6/2021 8:56:01 AM,False,5351,Accepted,
28334773,0568000,LOUISVILLE METRO POLICE DEPT,Accepted,JEFFERSON,,3000,FREYS HILL,RD,,,,,,,,38.287010168,-85.556093320,0.501,7/4/2021 12:00:00 AM,2140,2,2,0,0,CLEAR,DRY,True,COLLISION IN PARKING LOT,ANGLE,STRAIGHT & LEVEL,DARK-HWY LIGHTED/OFF,,,7/6/2021 8:56:29 AM,False,7571,Accepted,
28334781,0568000,LOUISVILLE METRO POLICE DEPT,Accepted,JEFFERSON,,2720,KLONDIKE,LN,,,,,,,,38.200456275,-85.644005135,0.080,7/4/2021 12:00:00 AM,1946,1,1,0,0,CLEAR,DRY,False,COLLISION WITH FIXED OBJECT NON - INTERSECTION - FIRST EVENT COLLISION 09 - 32 EXCLUDING 16,SINGLE VEHICLE,STRAIGHT & LEVEL,DAYLIGHT,,,7/6/2021 8:56:59 AM,False,5328,Accepted,
28334783,0568000,LOUISVILLE METRO POLICE DEPT,Accepted,JEFFERSON,KY1865,,TAYLOR,BLVD,,,ASHLAND,,,,,38.186671919,-85.783766523,5.533,7/4/2021 12:00:00 AM,2141,2,2,0,0,CLEAR,DRY,False,ANGLE COLLISION - ONE VEHICLE TURNING LEFT,ANGLE,STRAIGHT & LEVEL,DARK-HWY LIGHTED/ON,,,7/6/2021 8:57:08 AM,False,5245,Accepted,
28334790,0568000,LOUISVILLE METRO POLICE DEPT,Accepted,JEFFERSON,KY1931,,GREENWOOD,RD,,KY1934,GREENBELT,,,,,38.146971774,-85.886492211,0.529,7/4/2021 12:00:00 AM,0024,2,2,0,1,CLEAR,DRY,True,ANGLE COLLISION - OTHER,ANGLE,STRAIGHT & LEVEL,DARK-HWY NOT LIGHTED,,,7/6/2021 8:57:54 AM,False,7264,Accepted,
28334791,0568000,LOUISVILLE METRO POLICE DEPT,Accepted,JEFFERSON,,,ST CATHERINE,ST,E,,HANCOCK,,,,,38.235125078,-85.745307919,0.756,7/3/2021 12:00:00 AM,1941,4,4,0,0,CLEAR,DRY,False,COLLISION WITH PARKED VEHICLE,REAR END,STRAIGHT & LEVEL,DAYLIGHT,,,7/6/2021 8:57:57 AM,False,5204,Accepted,
28334782,0568000,LOUISVILLE METRO POLICE DEPT,Accepted,JEFFERSON,,,HAZELWOOD,AVE,,,,,,,,38.178822920,-85.788793870,0.766,7/3/2021 12:00:00 AM,0417,1,1,0,0,CLEAR,DRY,True,COLLISION WITH FIXED OBJECT NON - INTERSECTION - FIRST EVENT COLLISION 09 - 32 EXCLUDING 16,SINGLE VEHICLE,CURVE & LEVEL,DARK-HWY LIGHTED/ON,,,7/6/2021 8:57:03 AM,False,5163,Accepted,
28334758,0568000,LOUISVILLE METRO POLICE DEPT,Accepted,JEFFERSON,,3700,PARTHENIA,AVE,,,,,STRADER,,SOUTHERN HEIGHTS,38.191377727,-85.792431106,0.452,7/3/2021 12:00:00 AM,2214,3,3,0,0,CLEAR,DRY,False,1 VEHICLE PARKED POSITION (NOT PARKING LOT/DRIVEWAY),SIDESWIPE-SAME DIRECTION,STRAIGHT & LEVEL,DARK (UNKNOWN ROADWAY LIGHTING),,,7/6/2021 8:55:28 AM,False,5319,Accepted,
28334742,0568000,LOUISVILLE METRO POLICE DEPT,Accepted,JEFFERSON,KY0061,,JACKSON,ST,S,,SHELBY,,,,,38.232525090,-85.747783604,11.409,7/3/2021 12:00:00 AM,0636,2,2,0,1,CLEAR,DRY,False,ANGLE COLLISION - OTHER,ANGLE,STRAIGHT & LEVEL,DAYLIGHT,,,7/6/2021 8:54:24 AM,False,5120,Accepted,
28334748,0568000,LOUISVILLE METRO POLICE DEPT,Accepted,JEFFERSON,KY0061,7701,PRESTON,HWY,,,,,,,,38.141950511,-85.688715370,4.216,7/3/2021 12:00:00 AM,1041,2,2,0,0,CLEAR,DRY,True,SIDESWIPE COLLISION - SAME DIRECTION,SIDESWIPE-SAME DIRECTION,,DAYLIGHT,,,7/6/2021 8:54:53 AM,False,7442,Accepted,
28334749,0568000,LOUISVILLE METRO POLICE DEPT,Accepted,JEFFERSON,,,DIXIE,HWY,,,BURNETT,,,,,38.230065923,-85.789755089,1.369,7/3/2021 12:00:00 AM,1245,2,1,0,0,CLEAR,DRY,False,COLLISION WITH PEDESTRIAN IN INTERSECTION,SINGLE VEHICLE,STRAIGHT & LEVEL,DAYLIGHT,,,7/6/2021 8:54:58 AM,False,7437,Accepted,
28334750,0568000,LOUISVILLE METRO POLICE DEPT,Accepted,JEFFERSON,KY0864,,FEGENBUSH,LN,,,NORLYNN,,,,,38.145046289,-85.627766459,5.180,7/3/2021 12:00:00 AM,2104,2,1,0,0,CLEAR,DRY,False,COLLISION WITH BICYCLE IN INTERSECTION,SINGLE VEHICLE,STRAIGHT & LEVEL,DUSK,,,7/6/2021 8:55:03 AM,False,5014,Accepted,