IncidentID,AgencyORI,AgencyName,IncidentStatusDesc,County,RdwyNumber,Street,RoadwayName,StreetSfx,StreetDir,IntersectionRdwy,IntersectionRdwyName,BetweenStRdwy1,BetweenStRdwyName1,BetweenStRdwy2,BetweenStRdwyName2,Latitude,Longitude,Milepoint,CollisionDate,CollisionTime,UnitsInvolved,MotorVehiclesInvolved,NumberKilled,NumberInjured,Weather,RdwyConditionCode,HitandRun,DirAnalysisCode,MannerofCollision,RdwyCharacter,LightCondition,RampFromRdwyId,RampToRdwyId,AcceptedDate,IsSecondaryCollision,OwnerBadge,IncidentStatus,
28334732,0568000,LOUISVILLE METRO POLICE DEPT,Accepted,JEFFERSON,,,CRAIG,AVE,,,BICKNELL,,,,,38.183631947,-85.789970960,0.655,7/3/2021 12:00:00 AM,0114,2,1,0,1,CLEAR,DRY,True,COLLISION WITH BICYCLE IN INTERSECTION,SINGLE VEHICLE,STRAIGHT & LEVEL,DARK-HWY LIGHTED/ON,,,7/6/2021 8:53:37 AM,False,5284,Accepted,
28334734,0568000,LOUISVILLE METRO POLICE DEPT,Accepted,JEFFERSON,,,BUECHEL BANK,RD,,,,,,,,38.178192137,-85.648711876,0.935,7/3/2021 12:00:00 AM,0630,1,1,0,1,CLEAR,DRY,False,COLLISION WITH FIXED OBJECT NON - INTERSECTION - FIRST EVENT COLLISION 09 - 32 EXCLUDING 16,SINGLE VEHICLE,CURVE & LEVEL,DAYLIGHT,,,7/6/2021 8:53:46 AM,False,5178,Accepted,
28334740,0568000,LOUISVILLE METRO POLICE DEPT,Accepted,JEFFERSON,,,KRANET,WAY,,,RACELAND PARK,,,,,38.182203559,-85.640930380,0.075,7/3/2021 12:00:00 AM,0557,2,2,0,0,CLEAR,DRY,False,COLLISION WITH PARKED VEHICLE,SIDESWIPE-OPPOSITE DIRECTION,STRAIGHT & LEVEL,DAWN,,,7/6/2021 8:54:09 AM,False,7864,Accepted,
28326165,0560400,SHIVELY POLICE DEPARTMENT,Accepted,JEFFERSON,US0031W,,DIXIE,HWY,,KY2051,ROCKFORD,,,,,38.174384883,-85.823212819,13.826,7/3/2021 12:00:00 AM,1451,2,2,0,0,CLEAR,DRY,False,SIDESWIPE-SAME DIRECTION,SIDESWIPE-SAME DIRECTION,STRAIGHT & LEVEL,DAYLIGHT,,,7/3/2021 5:13:44 PM,False,7088,Accepted,
28343774,0568000,LOUISVILLE METRO POLICE DEPT,Accepted,JEFFERSON,KY0841,,,,,,,,,,,38.100418869,-85.825546586,0.423,7/3/2021 12:00:00 AM,1320,2,2,0,1,CLEAR,DRY,False,OTHER RAMP RELATED COLLISIONS NOT LISTED ABOVE,REAR END,STRAIGHT & LEVEL,DAYLIGHT,KY0841,STONESTREET RD,7/8/2021 8:17:12 AM,False,5385,Accepted,
28343780,0568000,LOUISVILLE METRO POLICE DEPT,Accepted,JEFFERSON,,,MARKET,ST,W,US0031W,22ND,,,,,38.258534752,-85.786486952,0.004,7/3/2021 12:00:00 AM,1225,2,2,0,1,CLEAR,DRY,False,OTHER INTERSECTION COLLISIONS,REAR END,STRAIGHT & LEVEL,DAYLIGHT,,,7/8/2021 8:17:45 AM,False,7361,Accepted,
28340364,0568000,LOUISVILLE METRO POLICE DEPT,Accepted,JEFFERSON,US0060,,FRANKFORT,AVE,,,KEATS,,,,,38.253564196,-85.701671353,1.019,7/3/2021 12:00:00 AM,1850,3,3,0,0,CLEAR,DRY,False,ANGLE COLLISION - OTHER,ANGLE,STRAIGHT & LEVEL,DAYLIGHT,,,7/7/2021 12:30:32 PM,False,5358,Accepted,
28439185,0566900,LOUISVILLE AIRPORT POLICE,Accepted,JEFFERSON,,100,STANDIFORD FIELD,,,,,,,,,38.189044259,-85.741720035,0.367,7/3/2021 12:00:00 AM,1800,1,1,0,0,CLEAR,DRY,False,OTHER COLLISIONS ON SHOULDER,SINGLE VEHICLE,CURVE & GRADE,DAYLIGHT,,,7/27/2021 10:19:07 PM,False,5880,Accepted,
28362290,0568000,LOUISVILLE METRO POLICE DEPT,Accepted,JEFFERSON,KY1703,,NEWBURG,RD,,,BISHOP,,,,,38.200965091,-85.686312171,2.135,7/3/2021 12:00:00 AM,0014,3,3,0,0,CLEAR,DRY,True,OTHER INTERSECTION COLLISIONS,REAR END,STRAIGHT & GRADE,DARK-HWY NOT LIGHTED,,,7/13/2021 8:53:44 AM,False,5342,Accepted,
28334755,0568000,LOUISVILLE METRO POLICE DEPT,Accepted,JEFFERSON,,1825,DUNCAN,ST,,,,,,,,38.261957938,-85.780117158,0.174,7/3/2021 12:00:00 AM,2209,2,2,0,0,CLEAR,DRY,False,1 VEHICLE PARKED POSITION (NOT PARKING LOT/DRIVEWAY),SIDESWIPE-OPPOSITE DIRECTION,STRAIGHT & LEVEL,DARK-HWY LIGHTED/ON,,,7/6/2021 8:55:17 AM,False,5306,Accepted,
28334744,0568000,LOUISVILLE METRO POLICE DEPT,Accepted,JEFFERSON,,,SHANKS,LN,,KY1934,CANE RUN,,,,,38.195416496,-85.842644927,0.007,7/3/2021 12:00:00 AM,1302,2,2,0,0,CLEAR,DRY,False,OTHER INTERSECTION COLLISIONS,REAR END,STRAIGHT & LEVEL,DAYLIGHT,,,7/6/2021 8:54:33 AM,False,7329,Accepted,
28334745,0568000,LOUISVILLE METRO POLICE DEPT,Accepted,JEFFERSON,KY1065,4900,OUTER,LOOP,,,JUDGE,,,,,38.137450089,-85.669186376,7.021,7/3/2021 12:00:00 AM,1400,3,3,0,0,CLEAR,DRY,False,COLLISION IN PARKING LOT,ANGLE,STRAIGHT & LEVEL,DAYLIGHT,,,7/6/2021 8:54:37 AM,False,2547,Accepted,
28334730,0568000,LOUISVILLE METRO POLICE DEPT,Accepted,JEFFERSON,,4105,MARKET,ST,W,,,,,,,38.262750965,-85.816205158,1.633,7/3/2021 12:00:00 AM,0017,2,2,0,0,CLEAR,DRY,False,VEHICLE BACKING NON INTERSECTION,BACKING,STRAIGHT & LEVEL,DARK-HWY LIGHTED/ON,,,7/6/2021 8:53:24 AM,False,7489,Accepted,
28334735,0568000,LOUISVILLE METRO POLICE DEPT,Accepted,JEFFERSON,,,9TH,ST,S,,,,,,,38.240771121,-85.767802782,0.424,7/3/2021 12:00:00 AM,0326,1,1,0,1,CLEAR,DRY,False,COLLISION WITH FIXED OBJECT NON - INTERSECTION - FIRST EVENT COLLISION 09 - 32 EXCLUDING 16,SINGLE VEHICLE,STRAIGHT & LEVEL,DARK-HWY LIGHTED/ON,,,7/6/2021 8:53:50 AM,False,5343,Accepted,
28334743,0568000,LOUISVILLE METRO POLICE DEPT,Accepted,JEFFERSON,I 0071,,I71 N,,,,,I 0064,I64 N TRANSIT,I 0071,I71 N EXIT2 OFF RAMP TO  ZORN AVE,38.268926699,-85.706192754,1.124,7/3/2021 12:00:00 AM,0850,1,1,0,0,CLEAR,DRY,False,COLLISION WITH FIXED OBJECT NON - INTERSECTION - FIRST EVENT COLLISION 09 - 32 EXCLUDING 16,SINGLE VEHICLE,CURVE & LEVEL,DAYLIGHT,,,7/6/2021 8:54:29 AM,False,2673,Accepted,
28334751,0568000,LOUISVILLE METRO POLICE DEPT,Accepted,JEFFERSON,KY0864,,POPLAR LEVEL,RD,,,TAYLOR,,,,,38.199210872,-85.708027800,11.573,7/3/2021 12:00:00 AM,2233,2,2,0,0,CLEAR,DRY,False,ANGLE COLLISION - OTHER,ANGLE,STRAIGHT & LEVEL,DARK-HWY LIGHTED/ON,,,7/6/2021 8:55:08 AM,False,5299,Accepted,
28357958,0568000,LOUISVILLE METRO POLICE DEPT,Accepted,JEFFERSON,KY1020,,3RD,ST,S,,,,,,,38.221215954,-85.761261982,10.441,7/3/2021 12:00:00 AM,0300,2,1,0,1,CLEAR,DRY,True,OTHER ROADWAY OR MID-BLOCK COLLISION,SINGLE VEHICLE,STRAIGHT & LEVEL,DARK-HWY LIGHTED/ON,,,7/12/2021 8:38:45 AM,False,7040,Accepted,
28383360,0568000,LOUISVILLE METRO POLICE DEPT,Accepted,JEFFERSON,,3800,MARKET,ST,W,,,,,,,38.261470855,-85.811797374,1.390,7/2/2021 12:00:00 AM,1437,3,3,0,1,CLEAR,DRY,False,1 VEHICLE ENTERING/LEAVING ENTRANCE,ANGLE,STRAIGHT & LEVEL,DAYLIGHT,,,7/19/2021 8:14:25 AM,False,7469,Accepted,
28776289,0568000,LOUISVILLE METRO POLICE DEPT,Accepted,JEFFERSON,,,HIKES,LN,,,GOLDSMITH,,,,,38.205236099,-85.650111193,1.552,7/2/2021 12:00:00 AM,1548,2,2,1,0,CLEAR,DRY,True,ANGLE COLLISION - ONE VEHICLE TURNING LEFT,ANGLE,STRAIGHT & LEVEL,DAYLIGHT,,,9/30/2021 8:22:07 AM,False,2308,Accepted,
28334726,0568000,LOUISVILLE METRO POLICE DEPT,Accepted,JEFFERSON,KY0864,,POPLAR LEVEL,RD,,,SHADY VILLA,,,,,38.163124115,-85.678778717,8.547,7/2/2021 12:00:00 AM,1703,2,2,0,1,CLEAR,DRY,False,ANGLE COLLISION - OTHER,ANGLE,STRAIGHT & LEVEL,DAYLIGHT,,,7/6/2021 8:53:04 AM,False,5146,Accepted,
28334727,0568000,LOUISVILLE METRO POLICE DEPT,Accepted,JEFFERSON,,,3RD,ST,S,,WOODLAWN,,,,,38.181584527,-85.766240039,1.320,7/2/2021 12:00:00 AM,1711,2,2,0,0,CLEAR,DRY,True,VEHICLE BACKING IN INTERSECTION,BACKING,STRAIGHT & LEVEL,DAYLIGHT,,,7/6/2021 8:53:10 AM,False,5221,Accepted,
28334693,0568000,LOUISVILLE METRO POLICE DEPT,Accepted,JEFFERSON,KY1931,,ST ANDREWS CHURCH,RD,,,,,,,,38.151512407,-85.820035626,4.379,7/2/2021 12:00:00 AM,0846,2,2,0,0,CLEAR,DRY,False,1 VEHICLE ENTERING/LEAVING ENTRANCE,ANGLE,STRAIGHT & LEVEL,DAYLIGHT,,,7/6/2021 8:50:38 AM,False,7244,Accepted,
28334695,0568000,LOUISVILLE METRO POLICE DEPT,Accepted,JEFFERSON,,,MADISON,ST,W,,,,,,,38.252983314,-85.784386571,0.647,7/2/2021 12:00:00 AM,0910,3,3,0,0,CLEAR,DRY,True,SIDESWIPE COLLISION - SAME DIRECTION,SIDESWIPE-SAME DIRECTION,STRAIGHT & LEVEL,DAYLIGHT,,,7/6/2021 8:50:47 AM,False,7220,Accepted,
28334696,0568000,LOUISVILLE METRO POLICE DEPT,Accepted,JEFFERSON,,,GOLDSMITH,LN,,US0031E,BARDSTOWN,,,,,38.208514566,-85.668911096,1.056,7/2/2021 12:00:00 AM,0900,2,2,0,0,CLOUDY,DRY,False,HEAD-ON COLLISION,HEAD ON,STRAIGHT & LEVEL,DAYLIGHT,,,7/6/2021 8:50:53 AM,False,5373,Accepted,
28334711,0568000,LOUISVILLE METRO POLICE DEPT,Accepted,JEFFERSON,,,LOWER HUNTERS,TRCE,,,MARAVIAN,,,,,38.167040369,-85.870440328,2.152,7/2/2021 12:00:00 AM,1143,2,2,0,2,CLEAR,DRY,False,ANGLE COLLISION - OTHER,ANGLE,STRAIGHT & LEVEL,DAYLIGHT,,,7/6/2021 8:51:39 AM,False,7723,Accepted,
28321968,0568000,LOUISVILLE METRO POLICE DEPT,Accepted,JEFFERSON,,,SHADY VILLA,DR,,,NORENE,,,,,38.162628602,-85.681691994,0.175,7/2/2021 12:00:00 AM,0040,2,2,0,0,CLEAR,DRY,True,ANGLE COLLISION - OTHER,ANGLE,STRAIGHT & LEVEL,DARK-HWY LIGHTED/ON,,,7/2/2021 8:24:46 AM,False,5189,Accepted,
28334710,0568000,LOUISVILLE METRO POLICE DEPT,Accepted,JEFFERSON,,2107,BANK,ST,,,,,,,,38.266667489,-85.783672068,0.007,7/2/2021 12:00:00 AM,1150,1,1,0,1,CLEAR,DRY,False,COLLISION WITH FIXED OBJECT NON - INTERSECTION - FIRST EVENT COLLISION 09 - 32 EXCLUDING 16,SINGLE VEHICLE,STRAIGHT & LEVEL,DAYLIGHT,,,7/6/2021 8:51:34 AM,False,5354,Accepted,
28334736,0568000,LOUISVILLE METRO POLICE DEPT,Accepted,JEFFERSON,,1500,HEPBURN,AVE,,,RUBEL,,,,,38.238395522,-85.724976087,0.098,7/2/2021 12:00:00 AM,0200,3,3,0,0,CLEAR,DRY,True,COLLISION WITH PARKED VEHICLE,REAR TO REAR,STRAIGHT & LEVEL,DARK (UNKNOWN ROADWAY LIGHTING),,,7/6/2021 8:53:53 AM,False,5358,Accepted,
28334738,0568000,LOUISVILLE METRO POLICE DEPT,Accepted,JEFFERSON,,,BRECKINRIDGE,ST,W,,,KY1020,2ND,KY1020,3RD,38.241657649,-85.757076624,0.161,7/2/2021 12:00:00 AM,0856,2,2,0,0,CLEAR,DRY,False,1 VEHICLE PARKED POSITION (NOT PARKING LOT/DRIVEWAY),SIDESWIPE-SAME DIRECTION,STRAIGHT & LEVEL,DAYLIGHT,,,7/6/2021 8:54:02 AM,False,7619,Accepted,
28334721,0568000,LOUISVILLE METRO POLICE DEPT,Accepted,JEFFERSON,,1860,MELLWOOD,AVE,,,,,,,,38.262597505,-85.714648556,0.211,7/2/2021 12:00:00 AM,1629,2,2,0,0,CLEAR,DRY,False,HEAD-ON COLLISION,HEAD ON,STRAIGHT & LEVEL,DAYLIGHT,,,7/6/2021 8:52:33 AM,False,5358,Accepted,
28334728,0568000,LOUISVILLE METRO POLICE DEPT,Accepted,JEFFERSON,US0031W,10304,DIXIE,HWY,,,,,,,,38.103313548,-85.869506439,8.300,7/2/2021 12:00:00 AM,1541,1,1,0,0,CLEAR,DRY,False,COLLISION IN PARKING LOT,SINGLE VEHICLE,STRAIGHT & LEVEL,DAYLIGHT,,,7/6/2021 8:53:14 AM,False,7234,Accepted,
28334729,0568000,LOUISVILLE METRO POLICE DEPT,Accepted,JEFFERSON,,3612,SPRING VILLA,CIR,,,,,,,,38.292464731,-85.507965747,0.059,7/2/2021 12:00:00 AM,1956,1,1,0,0,CLEAR,MUD-DIRT,False,COLLISION IN PARKING LOT,SINGLE VEHICLE,STRAIGHT & LEVEL,DAYLIGHT,,,7/6/2021 8:53:18 AM,False,5004,Accepted,
28334771,0568000,LOUISVILLE METRO POLICE DEPT,Accepted,JEFFERSON,KY1020,,2ND,ST,S,,MUHAMMAD ALI,,,,,38.250778324,-85.754264920,12.437,7/2/2021 12:00:00 AM,1729,2,2,0,0,CLEAR,DRY,False,ANGLE COLLISION - OTHER,ANGLE,STRAIGHT & LEVEL,DAYLIGHT,,,7/6/2021 8:56:24 AM,False,2854,Accepted,
28375226,0560600,WEST BUECHEL POLICE DEPT.,Accepted,JEFFERSON,US0031E,3616,BUECHEL,BYP,,,,,,,,38.199177139,-85.661945309,11.057,7/2/2021 12:00:00 AM,1435,2,2,0,2,CLEAR,DRY,False,1 VEHICLE ENTERING/LEAVING ENTRANCE,ANGLE,STRAIGHT & LEVEL,DAYLIGHT,,,7/16/2021 10:53:28 AM,False,1272,Accepted,
28334708,0568000,LOUISVILLE METRO POLICE DEPT,Accepted,JEFFERSON,,,MARKET,ST,W,,,,,,,38.259225176,-85.791499602,0.274,7/2/2021 12:00:00 AM,1200,2,2,0,1,CLEAR,DRY,False,1 VEHICLE ENTERING/LEAVING ENTRANCE,ANGLE,STRAIGHT & LEVEL,DAYLIGHT,,,7/6/2021 8:51:25 AM,False,7305,Accepted,
28334715,0568000,LOUISVILLE METRO POLICE DEPT,Accepted,JEFFERSON,,,WEIGELA,DR,,,,,BLUEBELL,KY1450,BLUE LICK,38.124065167,-85.688307262,0.063,7/2/2021 12:00:00 AM,1115,2,2,0,0,CLOUDY,DRY,False,1 VEHICLE PARKED POSITION (NOT PARKING LOT/DRIVEWAY),SIDESWIPE-SAME DIRECTION,STRAIGHT & LEVEL,DAYLIGHT,,,7/6/2021 8:51:58 AM,False,2324,Accepted,
28334716,0568000,LOUISVILLE METRO POLICE DEPT,Accepted,JEFFERSON,KY0864,,CEDAR CREEK,RD,,,,KY2053,MT WASHINGTON,,REMEMBRANCE,38.087609005,-85.623079695,0.372,7/2/2021 12:00:00 AM,1320,2,2,0,0,CLEAR,DRY,False,SIDESWIPE COLLISION - OPPOSITE DIRECTION,SIDESWIPE-OPPOSITE DIRECTION,STRAIGHT & HILLCREST,DAYLIGHT,,,7/6/2021 8:52:01 AM,False,6878,Accepted,
28321971,0568000,LOUISVILLE METRO POLICE DEPT,Accepted,JEFFERSON,US0031E,,BARDSTOWN,RD,,,PATTERSON,,,,,38.237741805,-85.719765884,15.342,7/2/2021 12:00:00 AM,0158,3,3,0,0,CLEAR,DRY,False,SIDESWIPE-SAME DIRECTION,SIDESWIPE-SAME DIRECTION,STRAIGHT & LEVEL,DARK-HWY LIGHTED/ON,,,7/2/2021 8:25:00 AM,False,5274,Accepted,
28321972,0568000,LOUISVILLE METRO POLICE DEPT,Accepted,JEFFERSON,,,MUHAMMAD ALI,BLVD,W,,40TH,,,,,38.257688609,-85.816528921,3.516,7/2/2021 12:00:00 AM,0322,2,2,0,1,CLEAR,DRY,False,ANGLE COLLISION - OTHER,ANGLE,STRAIGHT & LEVEL,DARK-HWY LIGHTED/ON,,,7/2/2021 8:25:04 AM,False,5285,Accepted,
28334741,0568000,LOUISVILLE METRO POLICE DEPT,Accepted,JEFFERSON,KY0061,,PRESTON,ST,S,KY0061,JACKSON,,,,,38.227812884,-85.750555486,11.353,7/2/2021 12:00:00 AM,0856,2,2,0,0,CLEAR,DRY,False,ANGLE COLLISION - OTHER,ANGLE,STRAIGHT & LEVEL,DAYLIGHT,,,7/6/2021 8:54:17 AM,False,5120,Accepted,
28334733,0568000,LOUISVILLE METRO POLICE DEPT,Accepted,JEFFERSON,,,HUDSON,LN,,,IDLEWOOD,,,,,38.168577891,-85.584059793,0.058,7/2/2021 12:00:00 AM,2320,2,2,0,1,CLEAR,DRY,True,ANGLE COLLISION - OTHER,ANGLE,STRAIGHT & LEVEL,DARK-HWY NOT LIGHTED,,,7/6/2021 8:53:43 AM,False,5169,Accepted,
28334714,0568000,LOUISVILLE METRO POLICE DEPT,Accepted,JEFFERSON,US0031W,,DIXIE,HWY,,,MILLERS,,,,,38.214633713,-85.795642851,17.084,7/2/2021 12:00:00 AM,0739,2,1,0,0,CLOUDY,DRY,False,COLLISION WITH BICYCLE IN INTERSECTION,SINGLE VEHICLE,STRAIGHT & LEVEL,DAYLIGHT,,,7/6/2021 8:51:54 AM,False,7720,Accepted,
28334747,0568000,LOUISVILLE METRO POLICE DEPT,Accepted,JEFFERSON,,427,41ST,ST,N,,,,,,,38.269994610,-85.814075038,0.130,7/2/2021 12:00:00 AM,1702,3,3,0,1,CLEAR,DRY,False,1 VEHICLE PARKED POSITION (NOT PARKING LOT/DRIVEWAY),SIDESWIPE-SAME DIRECTION,STRAIGHT & LEVEL,DAYLIGHT,,,7/6/2021 8:54:46 AM,False,7467,Accepted,
28334723,0568000,LOUISVILLE METRO POLICE DEPT,Accepted,JEFFERSON,KY0155,,TAYLORSVILLE LAKE,RD,,,,KY1531,KY1531 TURN LANE,,OLD TAYLORSVILLE,38.177366670,-85.464409692,3.069,7/2/2021 12:00:00 AM,1700,2,2,0,0,CLEAR,DRY,False,SIDESWIPE COLLISION - SAME DIRECTION,SIDESWIPE-SAME DIRECTION,STRAIGHT & LEVEL,DAYLIGHT,,,7/6/2021 8:52:43 AM,False,6878,Accepted,
28334797,0568000,LOUISVILLE METRO POLICE DEPT,Accepted,JEFFERSON,,,4TH,ST,S,,LIBRARY,,,,,38.244248913,-85.758686367,0.861,7/1/2021 12:00:00 AM,0754,2,2,0,0,CLOUDY,WET,True,ANGLE COLLISION - OTHER,ANGLE,STRAIGHT & LEVEL,DAYLIGHT,,,7/6/2021 8:58:34 AM,False,5287,Accepted,
28319592,0568000,LOUISVILLE METRO POLICE DEPT,Accepted,JEFFERSON,,,ST CATHERINE,ST,E,KY0061,PRESTON,,,,,38.235519638,-85.749216764,0.046,7/1/2021 12:00:00 AM,1300,2,2,0,1,RAINING,WET,False,ANGLE COLLISION - OTHER,ANGLE,STRAIGHT & LEVEL,DAYLIGHT,,,7/1/2021 3:08:56 PM,False,7433,Accepted,
28319598,0568000,LOUISVILLE METRO POLICE DEPT,Accepted,JEFFERSON,KY1747,,HURSTBOURNE,PKWY,S,,,,,,,38.176655814,-85.607008449,8.045,7/1/2021 12:00:00 AM,0728,3,3,0,0,RAINING,WET,False,REAR END IN TRAFFIC LANES BOTH VEHICLES MOVING,REAR END,STRAIGHT & LEVEL,DAYLIGHT,,,7/1/2021 3:09:30 PM,False,4693,Accepted,
28319599,0568000,LOUISVILLE METRO POLICE DEPT,Accepted,JEFFERSON,I 0065,,I65 S,,,,,,,,,38.176120953,-85.719540019,129.594,7/1/2021 12:00:00 AM,1013,1,1,0,2,RAINING,WET,False,OTHER COLLISIONS ON SHOULDER,SINGLE VEHICLE,CURVE & GRADE,DAYLIGHT,,,7/1/2021 3:09:34 PM,False,4693,Accepted,
28319600,0568000,LOUISVILLE METRO POLICE DEPT,Accepted,JEFFERSON,I 0065,,I65 S,,,,,,,,,38.176632351,-85.719474401,129.628,7/1/2021 12:00:00 AM,1013,3,3,0,0,RAINING,WET,False,1 VEHICLE ENTERING/LEAVING ENTRANCE,ANGLE,CURVE & GRADE,DAYLIGHT,,,7/1/2021 3:09:37 PM,True,4693,Accepted,
28318422,0568000,LOUISVILLE METRO POLICE DEPT,Accepted,JEFFERSON,,,29TH,ST,S,,,,BROADWAY,,MAGAZINE,38.251255174,-85.799664902,0.493,7/1/2021 12:00:00 AM,0156,2,2,0,0,CLOUDY,WET,False,1 VEHICLE PARKED POSITION (NOT PARKING LOT/DRIVEWAY),REAR END,STRAIGHT & LEVEL,DARK-HWY LIGHTED/ON,,,7/1/2021 9:22:54 AM,False,5021,Accepted,
28319597,0568000,LOUISVILLE METRO POLICE DEPT,Accepted,JEFFERSON,US0060,,SHELBYVILLE,RD,,,WILLOW STONE,,,,,38.244160357,-85.548711546,9.389,7/1/2021 12:00:00 AM,1318,3,3,0,0,RAINING,WET,False,OTHER INTERSECTION COLLISIONS,REAR END,STRAIGHT & LEVEL,DAYLIGHT,,,7/1/2021 3:09:17 PM,False,7337,Accepted,
28319601,0568000,LOUISVILLE METRO POLICE DEPT,Accepted,JEFFERSON,I 0065,,I65 S,,,,,,,,,38.161786532,-85.720771813,128.595,7/1/2021 12:00:00 AM,1341,1,1,0,1,RAINING,WET,False,OTHER COLLISIONS ON SHOULDER,SINGLE VEHICLE,CURVE & LEVEL,DAYLIGHT,,,7/1/2021 3:09:41 PM,False,4693,Accepted,
28334709,0568000,LOUISVILLE METRO POLICE DEPT,Accepted,JEFFERSON,,,JEFFERSON,ST,E,KY0061,JACKSON,,,,,38.252494286,-85.744347268,0.622,7/1/2021 12:00:00 AM,1500,2,2,0,1,CLEAR,DRY,False,ANGLE COLLISION - OTHER,ANGLE,STRAIGHT & LEVEL,DAYLIGHT,,,7/6/2021 8:51:29 AM,False,7797,Accepted,
28319591,0568000,LOUISVILLE METRO POLICE DEPT,Accepted,JEFFERSON,,,24TH,ST,S,,CHESTNUT,,,,,38.252707313,-85.791860969,0.535,7/1/2021 12:00:00 AM,1007,2,2,0,1,CLOUDY,WET,False,ANGLE COLLISION - OTHER,ANGLE,STRAIGHT & LEVEL,DAYLIGHT,,,7/1/2021 3:08:52 PM,False,5341,Accepted,
28318419,0568000,LOUISVILLE METRO POLICE DEPT,Accepted,JEFFERSON,I 0064,,164 W EXIT 8 ON RAMP FROM US60,,,US0060A,I64 W EXIT8 ON RAMP FROM US60 ALT,,,,,38.245007291,-85.697074919,,7/1/2021 12:00:00 AM,0002,1,1,0,0,CLEAR,DRY,False,COLLISION WITH FIXED OBJECT IN INTERSECTION - FIRST EVENT COLLISION 09 - 32,SINGLE VEHICLE,CURVE & HILLCREST,DARK (UNKNOWN ROADWAY LIGHTING),,,7/1/2021 9:22:27 AM,False,5330,Accepted,
28321948,0568000,LOUISVILLE METRO POLICE DEPT,Accepted,JEFFERSON,KY1747,,HURSTBOURNE,PKWY,S,,STONY BROOK,,,,,38.171065115,-85.604437458,7.630,7/1/2021 12:00:00 AM,1400,2,2,0,1,RAINING,WET,False,ANGLE COLLISION - ONE VEHICLE TURNING LEFT,ANGLE,STRAIGHT & LEVEL,DAYLIGHT,,,7/2/2021 8:23:06 AM,False,7486,Accepted,
28321949,0568000,LOUISVILLE METRO POLICE DEPT,Accepted,JEFFERSON,KY1727,,TERRY,RD,,,RIVER FOREST,,,,,38.153623684,-85.868933910,2.233,7/1/2021 12:00:00 AM,1021,2,2,0,0,RAINING,WET,False,REAR END - ONE VEHICLE TURNING LEFT,REAR END,STRAIGHT & LEVEL,DAYLIGHT,,,7/2/2021 8:23:11 AM,False,7817,Accepted,
28321954,0568000,LOUISVILLE METRO POLICE DEPT,Accepted,JEFFERSON,I 0064,,I64 E,,,,,I 0064,I64 E EXIT17 ON RAMP FROM KY913,I 0064,I64 E EXIT19A RAMP TO I265 S,38.222861262,-85.512128396,18.621,7/1/2021 12:00:00 AM,1642,2,2,0,0,CLOUDY,DRY,False,REAR END IN TRAFFIC LANES BOTH VEHICLES MOVING,REAR END,STRAIGHT & LEVEL,DAYLIGHT,,,7/2/2021 8:23:33 AM,False,7337,Accepted,
28321955,0568000,LOUISVILLE METRO POLICE DEPT,Accepted,JEFFERSON,,,FEGENBUSH,LN,,US0031E,BARDSTOWN,,,,,38.187217413,-85.637943152,0.004,7/1/2021 12:00:00 AM,1541,2,2,0,0,CLOUDY,WET,False,ANGLE COLLISION - OTHER,ANGLE,STRAIGHT & LEVEL,DAYLIGHT,,,7/2/2021 8:23:41 AM,False,5247,Accepted,
28321956,0568000,LOUISVILLE METRO POLICE DEPT,Accepted,JEFFERSON,US0060,,SHELBYVILLE,RD,,,BIRCHAM,,,,,38.235953863,-85.476947222,13.552,7/1/2021 12:00:00 AM,1348,1,1,0,2,RAINING,WET,False,OTHER INTERSECTION COLLISIONS,SINGLE VEHICLE,CURVE & GRADE,DAYLIGHT,,,7/2/2021 8:23:47 AM,False,7802,Accepted,
28321957,0568000,LOUISVILLE METRO POLICE DEPT,Accepted,JEFFERSON,KY0061,,PRESTON,HWY,,,,,PARK,,BOERSTE,38.114394544,-85.676265799,2.162,7/1/2021 12:00:00 AM,1723,3,3,0,1,CLOUDY,DRY,False,REAR END IN TRAFFIC LANES BOTH VEHICLES MOVING,REAR END,STRAIGHT & GRADE,DAYLIGHT,,,7/2/2021 8:23:51 AM,False,7669,Accepted,
28321962,0568000,LOUISVILLE METRO POLICE DEPT,Accepted,JEFFERSON,,,AMY,AVE,,,HERMAN,,,,,38.259620732,-85.813345266,0.137,7/1/2021 12:00:00 AM,1507,2,2,0,0,RAINING,WET,False,ANGLE COLLISION - OTHER,ANGLE,STRAIGHT & LEVEL,DAYLIGHT,,,7/2/2021 8:24:11 AM,False,5282,Accepted,
28321963,0568000,LOUISVILLE METRO POLICE DEPT,Accepted,JEFFERSON,KY1020,,SOUTHSIDE,DR,,,STRAWBERRY,,,,,38.158120692,-85.764713878,6.088,7/1/2021 12:00:00 AM,1808,2,2,0,0,CLOUDY,DRY,False,VEHICLE BACKING IN INTERSECTION,BACKING,CURVE & LEVEL,DAYLIGHT,,,7/2/2021 8:24:25 AM,False,5379,Accepted,
28321964,0568000,LOUISVILLE METRO POLICE DEPT,Accepted,JEFFERSON,,,INDIAN,TRL,E,KY1703,NEWBURG,,,,,38.184577527,-85.665414634,2.612,7/1/2021 12:00:00 AM,0838,2,2,0,0,RAINING,WET,False,ANGLE COLLISION - OTHER,ANGLE,STRAIGHT & LEVEL,DAYLIGHT,,,7/2/2021 8:24:31 AM,False,7319,Accepted,