IncidentID,AgencyORI,AgencyName,IncidentStatusDesc,County,RdwyNumber,Street,RoadwayName,StreetSfx,StreetDir,IntersectionRdwy,IntersectionRdwyName,BetweenStRdwy1,BetweenStRdwyName1,BetweenStRdwy2,BetweenStRdwyName2,Latitude,Longitude,Milepoint,CollisionDate,CollisionTime,UnitsInvolved,MotorVehiclesInvolved,NumberKilled,NumberInjured,Weather,RdwyConditionCode,HitandRun,DirAnalysisCode,MannerofCollision,RdwyCharacter,LightCondition,RampFromRdwyId,RampToRdwyId,AcceptedDate,IsSecondaryCollision,OwnerBadge,IncidentStatus,
28313793,0568000,LOUISVILLE METRO POLICE DEPT,Accepted,JEFFERSON,,,PARTHENIA,AVE,,,CLOVERBROOK,,,,,38.188006868,-85.792537579,0.217,6/28/2021 12:00:00 AM,1700,2,2,0,0,CLEAR,DRY,False,COLLISION WITH PARKED VEHICLE,SIDESWIPE-SAME DIRECTION,STRAIGHT & LEVEL,DAYLIGHT,,,6/30/2021 8:45:51 AM,False,7298,Accepted,
28318406,0568000,LOUISVILLE METRO POLICE DEPT,Accepted,JEFFERSON,,8133,AFTERGLOW,DR,,,ANDLE,,,,,38.131897870,-85.787302896,0.395,6/28/2021 12:00:00 AM,2210,2,2,0,1,OTHER,DRY,False,COLLISION WITH PARKED VEHICLE,REAR END,STRAIGHT & LEVEL,DARK-HWY LIGHTED/ON,,,7/1/2021 9:20:37 AM,False,7115,Accepted,
28313809,0568000,LOUISVILLE METRO POLICE DEPT,Accepted,JEFFERSON,KY1703,,NEWBURG,RD,,,DUNDEE,,,,,38.210810059,-85.694694374,2.994,6/28/2021 12:00:00 AM,2240,2,2,0,0,CLEAR,DRY,False,ANGLE COLLISION - OTHER,ANGLE,CURVE & LEVEL,DARK-HWY LIGHTED/ON,,,6/30/2021 8:46:43 AM,False,7012,Accepted,
28318427,0568000,LOUISVILLE METRO POLICE DEPT,Accepted,JEFFERSON,US0150,,BROADWAY,,W,US0031W,DR W J HODGE,,,,,38.249185073,-85.786515331,0.824,6/28/2021 12:00:00 AM,0805,2,2,0,2,CLEAR,DRY,True,ANGLE COLLISION - OTHER,ANGLE,STRAIGHT & LEVEL,DAYLIGHT,,,7/1/2021 9:23:35 AM,False,5251,Accepted,
28304775,0568000,LOUISVILLE METRO POLICE DEPT,Accepted,JEFFERSON,US0031E,7715,BARDSTOWN,RD,,,,,,,,38.135886176,-85.580684595,4.507,6/28/2021 12:00:00 AM,0332,1,1,0,2,CLEAR,DRY,False,OTHER COLLISIONS ON SHOULDER,SINGLE VEHICLE,STRAIGHT & LEVEL,DARK-HWY LIGHTED/ON,,,6/28/2021 8:43:10 AM,False,5375,Accepted,
28306164,0568000,LOUISVILLE METRO POLICE DEPT,Accepted,JEFFERSON,I 0065,,I65 N,,,I 0064,I64 W RAMP FROM I65 N,,,,,38.254866104,-85.742365081,136.168,6/28/2021 12:00:00 AM,0925,2,2,0,1,CLEAR,DRY,False,OTHER INTERSECTION COLLISIONS,REAR END,STRAIGHT & LEVEL,DAYLIGHT,,,6/28/2021 2:23:52 PM,False,5354,Accepted,
28309372,0568000,LOUISVILLE METRO POLICE DEPT,Accepted,JEFFERSON,,,7TH,ST,S,,MAGNOLIA,,,,,38.229650244,-85.767563162,0.872,6/28/2021 12:00:00 AM,0941,2,2,0,0,CLEAR,DRY,False,HEAD-ON COLLISION,HEAD ON,STRAIGHT & LEVEL,DAYLIGHT,,,6/29/2021 8:59:57 AM,False,5346,Accepted,
28309373,0568000,LOUISVILLE METRO POLICE DEPT,Accepted,JEFFERSON,,,32ND,ST,S,,,,HALE,,VIRGINIA,38.239551851,-85.806878052,0.892,6/28/2021 12:00:00 AM,1510,2,2,0,1,CLEAR,DRY,False,SIDESWIPE COLLISION - SAME DIRECTION,SIDESWIPE-SAME DIRECTION,STRAIGHT & GRADE,DAYLIGHT,,,6/29/2021 9:00:00 AM,False,2469,Accepted,
28309380,0568000,LOUISVILLE METRO POLICE DEPT,Accepted,JEFFERSON,KY2054,,ALGONQUIN,PKWY,,,,,,,,38.223407469,-85.795373881,1.488,6/28/2021 12:00:00 AM,1804,2,2,0,4,CLEAR,DRY,False,OTHER ROADWAY OR MID-BLOCK COLLISION,OPPOSING LEFT TURN,STRAIGHT & LEVEL,DAYLIGHT,,,6/29/2021 9:00:53 AM,False,5351,Accepted,
28304767,0568000,LOUISVILLE METRO POLICE DEPT,Accepted,JEFFERSON,,,LIBERTY,ST,W,KY1020,3RD,,,,,38.252932929,-85.755519450,0.695,6/27/2021 12:00:00 AM,0110,2,2,0,0,CLEAR,DRY,True,SIDESWIPE-SAME DIRECTION,SIDESWIPE-SAME DIRECTION,STRAIGHT & LEVEL,DARK-HWY LIGHTED/ON,,,6/28/2021 8:42:38 AM,False,5268,Accepted,
28304768,0568000,LOUISVILLE METRO POLICE DEPT,Accepted,JEFFERSON,KY1931,,GREENWOOD,RD,,,HELEN,,,,,38.143695260,-85.844192410,2.891,6/27/2021 12:00:00 AM,2338,2,2,0,1,CLEAR,DRY,False,ANGLE COLLISION - OTHER,ANGLE,STRAIGHT & LEVEL,DARK-HWY NOT LIGHTED,,,6/28/2021 8:42:43 AM,False,5212,Accepted,
28304776,0568000,LOUISVILLE METRO POLICE DEPT,Accepted,JEFFERSON,I 0065,,I65 N,,,,,,,,,38.222782690,-85.751033335,133.645,6/27/2021 12:00:00 AM,2001,2,2,0,0,CLEAR,DRY,True,REAR END IN TRAFFIC LANES BOTH VEHICLES MOVING,REAR END,STRAIGHT & GRADE,DAYLIGHT,,,6/28/2021 8:43:15 AM,False,5152,Accepted,
28304752,0568000,LOUISVILLE METRO POLICE DEPT,Accepted,JEFFERSON,I 0265,,I265 E,,,I 0265,I265 E EXIT17 ON RAMP FROM US31E,,,,,38.141554497,-85.583475296,17.289,6/27/2021 12:00:00 AM,1032,1,1,0,1,CLEAR,DRY,False,COLLISION WITH FIXED OBJECT IN INTERSECTION - FIRST EVENT COLLISION 09 - 32,SINGLE VEHICLE,STRAIGHT & LEVEL,DAYLIGHT,,,6/28/2021 8:41:37 AM,False,7465,Accepted,
28304758,0568000,LOUISVILLE METRO POLICE DEPT,Accepted,JEFFERSON,,,FREEDOM,WAY,,,STANDIFORD FIELD,,,,,38.193657850,-85.739616458,0.337,6/27/2021 12:00:00 AM,1713,2,2,0,1,CLEAR,DRY,False,OPPOSING LEFT TURN,OPPOSING LEFT TURN,STRAIGHT & LEVEL,DAYLIGHT,,,6/28/2021 8:42:01 AM,False,7872,Accepted,
28304760,0568000,LOUISVILLE METRO POLICE DEPT,Accepted,JEFFERSON,KY0841,,GENE SNYDER,FWY,,,,I 0071,I71 S EXIT9B OFF RAMP TO KY841 N,KY0841,KY841 N RAMP TO US42,38.317896696,-85.595512093,35.498,6/27/2021 12:00:00 AM,1458,1,1,0,0,RAINING,WATER (STANDING OR MOVING),False,OTHER COLLISIONS ON SHOULDER,SINGLE VEHICLE,STRAIGHT & GRADE,DAYLIGHT,,,6/28/2021 8:42:08 AM,False,7876,Accepted,
28304742,0568000,LOUISVILLE METRO POLICE DEPT,Accepted,JEFFERSON,,,OAK GROVE,RD,,,THOMAS GROVE,,,,,38.093148170,-85.593433118,0.049,6/27/2021 12:00:00 AM,0519,1,1,0,0,CLEAR,DRY,False,COLLISION WITH FIXED OBJECT IN INTERSECTION - FIRST EVENT COLLISION 09 - 32,SINGLE VEHICLE,STRAIGHT & GRADE,DARK-HWY NOT LIGHTED,,,6/28/2021 8:40:32 AM,False,5369,Accepted,
28304743,0568000,LOUISVILLE METRO POLICE DEPT,Accepted,JEFFERSON,KY1020,,2ND,ST,S,,,,OAK,,ST CATHERINE,38.235849120,-85.756826788,11.437,6/27/2021 12:00:00 AM,0554,2,2,0,0,CLEAR,DRY,False,1 VEHICLE PARKED POSITION (NOT PARKING LOT/DRIVEWAY),SIDESWIPE-SAME DIRECTION,STRAIGHT & LEVEL,DAWN,,,6/28/2021 8:40:36 AM,False,5316,Accepted,
28304732,0568000,LOUISVILLE METRO POLICE DEPT,Accepted,JEFFERSON,US0031W,,MARKET,ST,W,,5TH,,,,,38.255404896,-85.758420641,21.760,6/27/2021 12:00:00 AM,0003,2,2,0,0,CLEAR,OTHER,False,SIDESWIPE-SAME DIRECTION,SIDESWIPE-SAME DIRECTION,STRAIGHT & LEVEL,DARK-HWY LIGHTED/ON,,,6/28/2021 8:40:00 AM,False,7111,Accepted,
28319590,0568000,LOUISVILLE METRO POLICE DEPT,Accepted,JEFFERSON,,,TENNESSEE,AVE,,,MONTANA,,,,,38.209779405,-85.773641506,0.069,6/27/2021 12:00:00 AM,1640,2,2,0,2,CLEAR,DRY,False,ANGLE COLLISION - OTHER,ANGLE,STRAIGHT & LEVEL,DAYLIGHT,,,7/1/2021 3:08:48 PM,False,7046,Accepted,
28318404,0568000,LOUISVILLE METRO POLICE DEPT,Accepted,JEFFERSON,I 0264,,,,,,,,,,,38.196173812,-85.706887407,0.094,6/27/2021 12:00:00 AM,1610,2,2,0,1,CLEAR,DRY,False,OTHER RAMP RELATED COLLISIONS NOT LISTED ABOVE,REAR END,CURVE & LEVEL,DAYLIGHT,I 0264,KY0864,7/1/2021 9:20:15 AM,False,5362,Accepted,
28318396,0568000,LOUISVILLE METRO POLICE DEPT,Accepted,JEFFERSON,,,28TH,ST,S,,MUHAMMAD ALI,,,,,38.255527379,-85.797223647,0.383,6/27/2021 12:00:00 AM,1712,2,2,0,1,CLEAR,DRY,False,ANGLE COLLISION - OTHER,ANGLE,STRAIGHT & LEVEL,DAYLIGHT,,,7/1/2021 9:19:15 AM,False,7805,Accepted,
28304782,0568000,LOUISVILLE METRO POLICE DEPT,Accepted,JEFFERSON,KY1747,,HURSTBOURNE,PKWY,,,HAMES,,,,,38.166559866,-85.606583253,7.302,6/27/2021 12:00:00 AM,2129,3,3,0,1,CLEAR,DRY,False,OTHER INTERSECTION COLLISIONS,REAR END,STRAIGHT & LEVEL,DARK-HWY LIGHTED/ON,,,6/28/2021 8:44:04 AM,False,7449,Accepted,
28304757,0568000,LOUISVILLE METRO POLICE DEPT,Accepted,JEFFERSON,KY0907,5414,VALLEY STATION,RD,,,,,,,,38.106594396,-85.863775537,0.176,6/27/2021 12:00:00 AM,1203,2,2,0,1,CLEAR,DRY,True,1 VEHICLE ENTERING/LEAVING ENTRANCE,ANGLE,,DAYLIGHT,,,6/28/2021 8:41:57 AM,False,2311,Accepted,
28304765,0568000,LOUISVILLE METRO POLICE DEPT,Accepted,JEFFERSON,,,DUMESNIL,ST,,US0031W,22ND,,,,,38.236501958,-85.790361881,1.648,6/27/2021 12:00:00 AM,1837,1,1,0,1,CLEAR,DRY,False,COLLISION WITH FIXED OBJECT IN INTERSECTION - FIRST EVENT COLLISION 09 - 32,SINGLE VEHICLE,STRAIGHT & LEVEL,DAYLIGHT,,,6/28/2021 8:42:28 AM,False,7269,Accepted,
28339603,0568000,LOUISVILLE METRO POLICE DEPT,Accepted,JEFFERSON,,,4TH,ST,S,,ORMSBY,,,,,38.232856274,-85.760702200,1.655,6/27/2021 12:00:00 AM,1820,2,2,0,0,CLEAR,DRY,False,ANGLE COLLISION - OTHER,ANGLE,STRAIGHT & LEVEL,DAYLIGHT,,,7/7/2021 9:23:03 AM,False,7101,Accepted,
28304771,0568000,LOUISVILLE METRO POLICE DEPT,Accepted,JEFFERSON,I 0264,,I264 W,,,,,I 0264,I264 W EXIT15A OFF RAMP TO KY1703 N,I 0264,I264 W EXIT16 ON RAMP FROM US31E,38.203061653,-85.685294372,14.722,6/27/2021 12:00:00 AM,2206,1,1,0,1,CLEAR,DRY,False,COLLISION WITH FIXED OBJECT NON - INTERSECTION - FIRST EVENT COLLISION 09 - 32 EXCLUDING 16,SINGLE VEHICLE,STRAIGHT & LEVEL,DARK-HWY LIGHTED/ON,,,6/28/2021 8:42:55 AM,False,7049,Accepted,
28304772,0568000,LOUISVILLE METRO POLICE DEPT,Accepted,JEFFERSON,I 0265,,I265 N,,,,,,,,,38.310351895,-85.573566838,34.170,6/27/2021 12:00:00 AM,2143,2,2,0,0,CLEAR,DRY,False,REAR END IN TRAFFIC LANES BOTH VEHICLES MOVING,REAR END,STRAIGHT & LEVEL,DARK-HWY LIGHTED/ON,,,6/28/2021 8:42:58 AM,False,5155,Accepted,
28304755,0568000,LOUISVILLE METRO POLICE DEPT,Accepted,JEFFERSON,KY0061,,PRESTON,HWY,,,OAKLAWN,,,,,38.148856391,-85.692438158,4.727,6/27/2021 12:00:00 AM,1351,3,3,0,1,CLEAR,DRY,False,OTHER INTERSECTION COLLISIONS,REAR END,STRAIGHT & LEVEL,DAYLIGHT,,,6/28/2021 8:41:48 AM,False,7269,Accepted,
28304746,0568000,LOUISVILLE METRO POLICE DEPT,Accepted,JEFFERSON,US0031E,,BARDSTOWN,RD,,,SPEED,,,,,38.228552484,-85.701215577,14.134,6/27/2021 12:00:00 AM,0312,1,1,0,0,CLEAR,DRY,False,OTHER INTERSECTION COLLISIONS,SINGLE VEHICLE,STRAIGHT & LEVEL,DARK-HWY LIGHTED/ON,,,6/28/2021 8:40:49 AM,False,5274,Accepted,
28304761,0568000,LOUISVILLE METRO POLICE DEPT,Accepted,JEFFERSON,KY0841,,GENE SNYDER,FWY,,,,,,,,38.118370138,-85.763565214,6.796,6/27/2021 12:00:00 AM,1616,1,1,0,1,CLEAR,DRY,False,OTHER ROADWAY OR MID-BLOCK COLLISION,SINGLE VEHICLE,CURVE & LEVEL,DAYLIGHT,,,6/28/2021 8:42:11 AM,False,7221,Accepted,
28334712,0568000,LOUISVILLE METRO POLICE DEPT,Accepted,JEFFERSON,,,GRIFFITHS,AVE,,,25TH,,,,,38.266011517,-85.789883745,0.619,6/27/2021 12:00:00 AM,1821,2,2,0,1,CLEAR,DRY,False,ANGLE COLLISION - OTHER,ANGLE,STRAIGHT & LEVEL,DAYLIGHT,,,7/6/2021 8:51:44 AM,False,7720,Accepted,
28321969,0568000,LOUISVILLE METRO POLICE DEPT,Accepted,JEFFERSON,,,SOUTHERN,PKWY,,,BROOKLINE,,,,,38.176641643,-85.772314324,0.432,6/26/2021 12:00:00 AM,1156,2,1,0,1,CLEAR,DRY,False,COLLISION WITH BICYCLE IN INTERSECTION,SINGLE VEHICLE,STRAIGHT & LEVEL,DAYLIGHT,,,7/2/2021 8:24:50 AM,False,7963,Accepted,
28321966,0568000,LOUISVILLE METRO POLICE DEPT,Accepted,JEFFERSON,KY0864,4326,POPLAR LEVEL,RD,,,,,,,,38.193631079,-85.706952266,11.179,6/26/2021 12:00:00 AM,1754,2,2,0,0,CLEAR,DRY,False,REAR END IN TRAFFIC LANES BOTH VEHICLES MOVING,REAR END,STRAIGHT & LEVEL,DAYLIGHT,,,7/2/2021 8:24:39 AM,False,2063,Accepted,
28339631,0568000,LOUISVILLE METRO POLICE DEPT,Accepted,JEFFERSON,KY0155,,TAYLORSVILLE,RD,,,POPE LICK,,,,,38.190806851,-85.486884458,4.874,6/26/2021 12:00:00 AM,2000,3,3,0,1,CLEAR,DRY,False,ANGLE COLLISION - OTHER,ANGLE,STRAIGHT & LEVEL,DAYLIGHT,,,7/7/2021 9:24:26 AM,False,7415,Accepted,
28387748,0568000,LOUISVILLE METRO POLICE DEPT,Accepted,JEFFERSON,KY3082,,BANK,ST,,US0150,22ND,,,,,38.266556251,-85.783554352,1.538,6/26/2021 12:00:00 AM,2159,2,2,0,0,CLEAR,DRY,False,ANGLE COLLISION - ONE VEHICLE TURNING LEFT,ANGLE,STRAIGHT & LEVEL,DAYLIGHT,,,7/20/2021 8:03:35 AM,False,5348,Accepted,
28349746,0568000,LOUISVILLE METRO POLICE DEPT,Accepted,JEFFERSON,KY0907,9106,3RD ST,RD,,,,,,,,38.116245477,-85.819609033,2.961,6/26/2021 12:00:00 AM,1747,1,1,0,1,CLEAR,DRY,False,OTHER ROADWAY OR MID-BLOCK COLLISION,SINGLE VEHICLE,CURVE & HILLCREST,DAYLIGHT,,,7/9/2021 2:37:42 PM,False,7496,Accepted,
28348306,0568000,LOUISVILLE METRO POLICE DEPT,Accepted,JEFFERSON,US0031E,,BAXTER,AVE,,,JEFFERSON,,,,,38.251203717,-85.732958318,16.540,6/26/2021 12:00:00 AM,0335,1,1,0,2,CLEAR,DRY,False,COLLISION WITH FIXED OBJECT IN INTERSECTION - FIRST EVENT COLLISION 09 - 32,SINGLE VEHICLE,CURVE & LEVEL,DARK-HWY LIGHTED/ON,,,7/9/2021 8:54:18 AM,False,7720,Accepted,
28304747,0568000,LOUISVILLE METRO POLICE DEPT,Accepted,JEFFERSON,,,DIXIE,HWY,,,MAPLE,,,,,38.246656447,-85.782992458,0.167,6/26/2021 12:00:00 AM,2216,3,3,0,1,CLEAR,DRY,False,OTHER INTERSECTION COLLISIONS,REAR END,STRAIGHT & LEVEL,DARK-HWY LIGHTED/ON,,,6/28/2021 8:40:53 AM,False,5261,Accepted,
28304703,0568000,LOUISVILLE METRO POLICE DEPT,Accepted,JEFFERSON,KY1065,,OUTER,LOOP,,,SMYRNA,,,,,38.137935867,-85.641900438,8.514,6/26/2021 12:00:00 AM,1425,2,2,0,1,CLEAR,DRY,False,OPPOSING LEFT TURN,OPPOSING LEFT TURN,STRAIGHT & LEVEL,DAYLIGHT,,,6/28/2021 8:38:36 AM,False,5356,Accepted,
28304731,0568000,LOUISVILLE METRO POLICE DEPT,Accepted,JEFFERSON,KY1065,,OUTER,LOOP,,KY1020,NATIONAL,,,,,38.126981442,-85.748986663,2.516,6/26/2021 12:00:00 AM,2320,2,2,0,0,CLEAR,DRY,True,ANGLE COLLISION - OTHER,ANGLE,STRAIGHT & LEVEL,DARK-HWY LIGHTED/ON,,,6/28/2021 8:39:57 AM,False,5209,Accepted,
28304737,0568000,LOUISVILLE METRO POLICE DEPT,Accepted,JEFFERSON,US0031W,,DIXIE,HWY,,,WILART,,,,,38.219301560,-85.794134565,17.315,6/26/2021 12:00:00 AM,2154,2,2,0,0,CLEAR,DRY,False,ANGLE COLLISION - OTHER,ANGLE,STRAIGHT & LEVEL,DARK-HWY LIGHTED/ON,,,6/28/2021 8:40:13 AM,False,7181,Accepted,
28304738,0568000,LOUISVILLE METRO POLICE DEPT,Accepted,JEFFERSON,KY0061,,PRESTON,HWY,,,,KY1747,FERN VALLEY,,OLD FERN VALLEY,38.156339613,-85.696792106,5.320,6/26/2021 12:00:00 AM,1945,2,2,0,0,CLEAR,DRY,False,REAR END IN TRAFFIC LANES BOTH VEHICLES MOVING,REAR END,STRAIGHT & LEVEL,DAYLIGHT,,,6/28/2021 8:40:17 AM,False,5336,Accepted,
28304739,0568000,LOUISVILLE METRO POLICE DEPT,Accepted,JEFFERSON,KY2803,,ARTHUR,ST,,,WARNOCK,,,,,38.214401918,-85.752893721,0.275,6/26/2021 12:00:00 AM,2221,2,1,0,1,CLEAR,DRY,False,COLLISION WITH PEDESTRIAN IN INTERSECTION,SINGLE VEHICLE,STRAIGHT & LEVEL,DARK-HWY LIGHTED/ON,,,6/28/2021 8:40:20 AM,False,5183,Accepted,
28304744,0568000,LOUISVILLE METRO POLICE DEPT,Accepted,JEFFERSON,KY2054,,ALGONQUIN,PKWY,,,COLORADO,,,,,38.213849439,-85.772791922,3.011,6/26/2021 12:00:00 AM,2320,2,2,0,1,CLEAR,DRY,False,ANGLE COLLISION - OTHER,ANGLE,STRAIGHT & LEVEL,DUSK,,,6/28/2021 8:40:40 AM,False,5324,Accepted,
28304745,0568000,LOUISVILLE METRO POLICE DEPT,Accepted,JEFFERSON,US0031E,426,BAXTER,AVE,,,LEXINGTON,,,,,38.248503461,-85.730698031,16.298,6/26/2021 12:00:00 AM,2344,2,2,0,0,CLEAR,DRY,True,OTHER INTERSECTION COLLISIONS,REAR END,STRAIGHT & GRADE,DARK-HWY LIGHTED/ON,,,6/28/2021 8:40:44 AM,False,5274,Accepted,
28301853,0561000,JEFFERSONTOWN POLICE DEPT,Accepted,JEFFERSON,KY0155,,TAYLORSVILLE,RD,,,FURMAN,,,,,38.221050102,-85.646267688,14.441,6/26/2021 12:00:00 AM,1340,2,2,0,2,CLEAR,DRY,False,ANGLE COLLISION - ONE VEHICLE TURNING LEFT,ANGLE,STRAIGHT & LEVEL,DAYLIGHT,,,6/27/2021 2:46:12 PM,False,8292,Accepted,
28304672,0568000,LOUISVILLE METRO POLICE DEPT,Accepted,JEFFERSON,,3400,CLINGSTONE,WAY,,,,,,,,38.215401936,-85.633447347,0.001,6/26/2021 12:00:00 AM,0053,1,1,0,0,CLEAR,DRY,True,OTHER ROADWAY OR MID-BLOCK COLLISION,SINGLE VEHICLE,STRAIGHT & LEVEL,DARK-HWY LIGHTED/ON,,,6/28/2021 8:37:33 AM,False,5305,Accepted,
28304694,0568000,LOUISVILLE METRO POLICE DEPT,Accepted,JEFFERSON,,,ST ANDREWS CHURCH,RD,,KY1931,ST ANDREWS CHURCH,,,,,38.143503414,-85.837724388,0.116,6/26/2021 12:00:00 AM,1214,2,2,0,0,CLOUDY,DRY,False,OTHER INTERSECTION COLLISIONS,REAR END,STRAIGHT & LEVEL,DAYLIGHT,,,6/28/2021 8:38:14 AM,False,7339,Accepted,
28304756,0568000,LOUISVILLE METRO POLICE DEPT,Accepted,JEFFERSON,,,JOHNSONTOWN,RD,,KY1727,TERRY,,,,,38.121724074,-85.874722093,1.037,6/26/2021 12:00:00 AM,0938,2,2,0,0,CLEAR,DRY,False,OTHER INTERSECTION COLLISIONS,REAR END,STRAIGHT & LEVEL,DAYLIGHT,,,6/28/2021 8:41:52 AM,False,2311,Accepted,
28304762,0568000,LOUISVILLE METRO POLICE DEPT,Accepted,JEFFERSON,,,DIXIE,HWY,,,DATE,,,,,38.242673571,-85.784648762,0.456,6/26/2021 12:00:00 AM,1515,2,2,0,0,CLEAR,DRY,False,ANGLE COLLISION - OTHER,ANGLE,STRAIGHT & LEVEL,DAYLIGHT,,,6/28/2021 8:42:14 AM,False,5179,Accepted,
28304677,0568000,LOUISVILLE METRO POLICE DEPT,Accepted,JEFFERSON,KY0864,,POPLAR LEVEL,RD,,,POPLAR PLACE,,,,,38.180593075,-85.694460521,10.030,6/26/2021 12:00:00 AM,0041,2,2,0,1,CLEAR,DRY,False,ANGLE COLLISION - OTHER,ANGLE,STRAIGHT & LEVEL,DARK-HWY LIGHTED/ON,,,6/28/2021 8:37:43 AM,False,5299,Accepted,
28304679,0568000,LOUISVILLE METRO POLICE DEPT,Accepted,JEFFERSON,KY2053,,THIXTON,LN,,,RISEN,,,,,38.079235736,-85.616611498,3.256,6/26/2021 12:00:00 AM,0341,1,1,0,0,CLEAR,DRY,False,COLLISION WITH FIXED OBJECT IN INTERSECTION - FIRST EVENT COLLISION 09 - 32,SINGLE VEHICLE,CURVE & LEVEL,DARK-HWY NOT LIGHTED,,,6/28/2021 8:37:46 AM,False,7761,Accepted,
28304688,0568000,LOUISVILLE METRO POLICE DEPT,Accepted,JEFFERSON,US0150,,BROADWAY,,W,,18TH,,,,,38.248963558,-85.781499080,1.101,6/26/2021 12:00:00 AM,0331,2,2,0,0,CLEAR,DRY,False,ANGLE COLLISION - ONE VEHICLE TURNING LEFT,ANGLE,STRAIGHT & LEVEL,DARK-HWY LIGHTED/ON,,,6/28/2021 8:38:02 AM,False,7111,Accepted,
28304720,0568000,LOUISVILLE METRO POLICE DEPT,Accepted,JEFFERSON,US0031W,,DR W J HODGE,ST,,,MADISON,,,,,38.253163793,-85.785819917,19.949,6/26/2021 12:00:00 AM,0843,1,1,0,1,CLEAR,DRY,False,OTHER INTERSECTION COLLISIONS,SINGLE VEHICLE,STRAIGHT & LEVEL,DAYLIGHT,,,6/28/2021 8:39:12 AM,False,5344,Accepted,
28457968,0568000,LOUISVILLE METRO POLICE DEPT,Accepted,JEFFERSON,I 0264,,I264 W,,,,,,,,,38.190788059,-85.723680820,12.413,6/26/2021 12:00:00 AM,1745,2,2,0,0,CLEAR,DRY,True,1 VEHICLE ENTERING/LEAVING ENTRANCE,ANGLE,STRAIGHT & LEVEL,DAYLIGHT,,,8/2/2021 8:39:03 AM,False,5221,Accepted,
28304691,0568000,LOUISVILLE METRO POLICE DEPT,Accepted,JEFFERSON,KY0061,,PRESTON,ST,S,,CHESTNUT,,,,,38.247791664,-85.747191884,12.431,6/26/2021 12:00:00 AM,1002,2,2,0,1,CLEAR,DRY,False,ANGLE COLLISION - OTHER,ANGLE,STRAIGHT & LEVEL,DAYLIGHT,,,6/28/2021 8:38:06 AM,False,7823,Accepted,
28304699,0568000,LOUISVILLE METRO POLICE DEPT,Accepted,JEFFERSON,,,4TH,ST,S,US0060A,WINKLER,,,,,38.210276119,-85.764668078,3.220,6/26/2021 12:00:00 AM,1229,2,2,0,1,CLEAR,DRY,False,OPPOSING LEFT TURN,OPPOSING LEFT TURN,STRAIGHT & LEVEL,DAYLIGHT,,,6/28/2021 8:38:24 AM,False,7872,Accepted,
28304701,0568000,LOUISVILLE METRO POLICE DEPT,Accepted,JEFFERSON,KY2054,,ALGONQUIN,PKWY,,KY1934,CANE RUN,,,,,38.224443805,-85.809308880,0.717,6/26/2021 12:00:00 AM,1248,2,2,0,1,CLEAR,DRY,False,ANGLE COLLISION - ONE VEHICLE TURNING LEFT,ANGLE,STRAIGHT & LEVEL,DAYLIGHT,,,6/28/2021 8:38:33 AM,False,2569,Accepted,
28304733,0568000,LOUISVILLE METRO POLICE DEPT,Accepted,JEFFERSON,I 0264,MM9.6,I264 E,,,,,,,,,38.189334720,-85.774571806,9.619,6/26/2021 12:00:00 AM,2234,4,4,0,1,CLEAR,DRY,True,REAR END IN TRAFFIC LANES BOTH VEHICLES MOVING,REAR END,STRAIGHT & LEVEL,DARK-HWY LIGHTED/ON,,,6/28/2021 8:40:04 AM,False,5316,Accepted,
28304683,0568000,LOUISVILLE METRO POLICE DEPT,Accepted,JEFFERSON,I 0065,,I65 N,,,,,,,,,38.158837684,-85.718977551,128.378,6/26/2021 12:00:00 AM,0132,1,1,0,1,CLEAR,DRY,False,COLLISION WITH FIXED OBJECT NON - INTERSECTION - FIRST EVENT COLLISION 09 - 32 EXCLUDING 16,SINGLE VEHICLE,STRAIGHT & LEVEL,DARK-HWY LIGHTED/ON,,,6/28/2021 8:37:54 AM,False,5383,Accepted,
28304707,0568000,LOUISVILLE METRO POLICE DEPT,Accepted,JEFFERSON,I 0265,,I265 E,,,,,,,,,38.193194831,-85.508548023,23.434,6/26/2021 12:00:00 AM,1348,1,1,0,1,CLEAR,DRY,False,OTHER ROADWAY OR MID-BLOCK COLLISION,SINGLE VEHICLE,STRAIGHT & LEVEL,DAYLIGHT,,,6/28/2021 8:38:42 AM,False,7278,Accepted,
28304715,0568000,LOUISVILLE METRO POLICE DEPT,Accepted,JEFFERSON,US0031W,,DIXIE,HWY,,KY0907,VALLEY STATION,,,,,38.107640395,-85.866729939,8.633,6/26/2021 12:00:00 AM,1019,2,2,0,2,CLOUDY,DRY,False,ANGLE COLLISION - OTHER,ANGLE,STRAIGHT & LEVEL,DAYLIGHT,,,6/28/2021 8:38:57 AM,False,7144,Accepted,
28304716,0568000,LOUISVILLE METRO POLICE DEPT,Accepted,JEFFERSON,KY1020,,3RD,ST,S,,KENTUCKY,,,,,38.238748735,-85.757975952,11.598,6/26/2021 12:00:00 AM,1442,2,2,0,0,CLEAR,DRY,False,ANGLE COLLISION - OTHER,ANGLE,STRAIGHT & LEVEL,DAYLIGHT,,,6/28/2021 8:39:01 AM,False,2745,Accepted,