IncidentID,AgencyORI,AgencyName,IncidentStatusDesc,County,RdwyNumber,Street,RoadwayName,StreetSfx,StreetDir,IntersectionRdwy,IntersectionRdwyName,BetweenStRdwy1,BetweenStRdwyName1,BetweenStRdwy2,BetweenStRdwyName2,Latitude,Longitude,Milepoint,CollisionDate,CollisionTime,UnitsInvolved,MotorVehiclesInvolved,NumberKilled,NumberInjured,Weather,RdwyConditionCode,HitandRun,DirAnalysisCode,MannerofCollision,RdwyCharacter,LightCondition,RampFromRdwyId,RampToRdwyId,AcceptedDate,IsSecondaryCollision,OwnerBadge,IncidentStatus,
28304717,0568000,LOUISVILLE METRO POLICE DEPT,Accepted,JEFFERSON,,,VIRGINIA,AVE,,,VIRGINIA AVE CONN,,,,,38.239739318,-85.815351468,1.052,6/26/2021 12:00:00 AM,1556,2,2,0,0,CLEAR,DRY,False,ANGLE COLLISION - OTHER,ANGLE,STRAIGHT & LEVEL,DAYLIGHT,,,6/28/2021 8:39:04 AM,False,5282,Accepted,
28304750,0568000,LOUISVILLE METRO POLICE DEPT,Accepted,JEFFERSON,KY1747,,HURSTBOURNE,PKWY,N,,WHIPPS MILL,,,,,38.274038405,-85.563668042,15.969,6/26/2021 12:00:00 AM,1500,2,2,0,0,CLOUDY,DRY,True,ANGLE COLLISION - OTHER,ANGLE,STRAIGHT & LEVEL,DAYLIGHT,,,6/28/2021 8:41:29 AM,False,6456,Accepted,
28304751,0568000,LOUISVILLE METRO POLICE DEPT,Accepted,JEFFERSON,,,29TH,ST,N,,DUNCAN,,,,,38.264040334,-85.798858341,0.808,6/26/2021 12:00:00 AM,1333,2,2,0,0,CLEAR,DRY,False,COLLISION WITH PARKED VEHICLE,HEAD ON,STRAIGHT & LEVEL,DAYLIGHT,,,6/28/2021 8:41:34 AM,False,5173,Accepted,
28304740,0568000,LOUISVILLE METRO POLICE DEPT,Accepted,JEFFERSON,KY1450,,BLUE LICK,RD,,,OAKLEAF,,,,,38.130493233,-85.689021951,3.173,6/26/2021 12:00:00 AM,2349,2,2,0,0,CLEAR,DRY,False,HEAD-ON COLLISION,HEAD ON,STRAIGHT & LEVEL,DARK-HWY LIGHTED/ON,,,6/28/2021 8:40:23 AM,False,5383,Accepted,
28304749,0568000,LOUISVILLE METRO POLICE DEPT,Accepted,JEFFERSON,,,CHESTNUT,ST,W,US0031W,DR W J HODGE,,,,,38.252100295,-85.786101187,0.679,6/26/2021 12:00:00 AM,1843,2,2,0,1,CLEAR,DRY,False,ANGLE COLLISION - OTHER,ANGLE,STRAIGHT & LEVEL,DAYLIGHT,,,6/28/2021 8:41:11 AM,False,5168,Accepted,
28304766,0568000,LOUISVILLE METRO POLICE DEPT,Accepted,JEFFERSON,,,ELLIOTT,AVE,,,42ND,,,,,38.253704977,-85.822297811,0.851,6/25/2021 12:00:00 AM,1910,2,2,0,1,CLEAR,DRY,False,ANGLE COLLISION - OTHER,ANGLE,STRAIGHT & LEVEL,DAYLIGHT,,,6/28/2021 8:42:35 AM,False,5164,Accepted,
28304759,0568000,LOUISVILLE METRO POLICE DEPT,Accepted,JEFFERSON,,,DIXIE,HWY,,,BERNHEIM,,,,,38.221374217,-85.793241847,1.992,6/25/2021 12:00:00 AM,1648,2,2,0,0,CLOUDY,DRY,False,REAR END - ONE VEHICLE TURNING LEFT,REAR END,STRAIGHT & LEVEL,DAYLIGHT,,,6/28/2021 8:42:04 AM,False,5253,Accepted,
28304777,0568000,LOUISVILLE METRO POLICE DEPT,Accepted,JEFFERSON,,,ZORN,AVE,,,MELLWOOD,,,,,38.273531945,-85.696326909,1.431,6/25/2021 12:00:00 AM,2110,2,2,0,1,CLEAR,DRY,False,ANGLE COLLISION - OTHER,ANGLE,STRAIGHT & LEVEL,DAYLIGHT,,,6/28/2021 8:43:21 AM,False,5243,Accepted,
28304724,0568000,LOUISVILLE METRO POLICE DEPT,Accepted,JEFFERSON,,1013,BLUEGRASS,AVE,,,,,,,,38.179592170,-85.783266465,0.852,6/25/2021 12:00:00 AM,2110,3,3,0,1,CLEAR,DRY,False,HEAD-ON COLLISION,HEAD ON,STRAIGHT & LEVEL,DAYLIGHT,,,6/28/2021 8:39:32 AM,False,5240,Accepted,
28304674,0568000,LOUISVILLE METRO POLICE DEPT,Accepted,JEFFERSON,KY0061,5318,PRESTON,HWY,,,,,,,,38.171135157,-85.709089954,6.552,6/25/2021 12:00:00 AM,2218,2,2,0,2,CLEAR,DRY,False,1 VEHICLE ENTERING/LEAVING ENTRANCE,ANGLE,STRAIGHT & LEVEL,DARK-HWY LIGHTED/ON,,,6/28/2021 8:37:39 AM,False,5299,Accepted,
28304651,0568000,LOUISVILLE METRO POLICE DEPT,Accepted,JEFFERSON,,,CHESTNUT,ST,E,,,,,,,38.247613993,-85.745805837,0.391,6/25/2021 12:00:00 AM,1417,2,2,0,0,CLOUDY,DRY,False,SIDESWIPE COLLISION - SAME DIRECTION,SIDESWIPE-SAME DIRECTION,STRAIGHT & LEVEL,DAYLIGHT,,,6/28/2021 8:36:45 AM,False,7239,Accepted,
28304666,0568000,LOUISVILLE METRO POLICE DEPT,Accepted,JEFFERSON,,,HUNTOON,AVE,,KY1865,TAYLOR,,,,,38.171605977,-85.781792554,0.002,6/25/2021 12:00:00 AM,1541,2,2,0,0,CLOUDY,DRY,True,ANGLE COLLISION - OTHER,ANGLE,STRAIGHT & LEVEL,DAYLIGHT,,,6/28/2021 8:37:20 AM,False,7471,Accepted,
28304642,0568000,LOUISVILLE METRO POLICE DEPT,Accepted,JEFFERSON,,7300,DEUTSCH,RD,,,,,,,,38.093381358,-85.640996531,0.001,6/25/2021 12:00:00 AM,1058,2,2,0,0,CLOUDY,DRY,False,1 VEHICLE PARKED POSITION (NOT PARKING LOT/DRIVEWAY),SIDESWIPE-SAME DIRECTION,CURVE & LEVEL,DAYLIGHT,,,6/28/2021 8:36:13 AM,False,2324,Accepted,
28304648,0568000,LOUISVILLE METRO POLICE DEPT,Accepted,JEFFERSON,KY2048,,CANNONS,LN,,,,,,,,38.233919202,-85.656895806,1.072,6/25/2021 12:00:00 AM,1715,2,2,0,0,CLOUDY,DRY,False,OTHER ROADWAY OR MID-BLOCK COLLISION,REAR END,STRAIGHT & LEVEL,DAYLIGHT,,,6/28/2021 8:36:36 AM,False,7028,Accepted,
28304649,0568000,LOUISVILLE METRO POLICE DEPT,Accepted,JEFFERSON,US0060,,SHELBYVILLE,RD,,I 0264,I264 E EXIT20A OFF RAMP TO US60 E,,,,,38.249486434,-85.615590839,5.742,6/25/2021 12:00:00 AM,1731,2,2,0,0,CLOUDY,DRY,False,ANGLE COLLISION - OTHER,ANGLE,STRAIGHT & LEVEL,DAYLIGHT,,,6/28/2021 8:36:42 AM,False,6456,Accepted,
28304657,0568000,LOUISVILLE METRO POLICE DEPT,Accepted,JEFFERSON,,,GRAND,AVE,,,26TH,,,,,38.240850810,-85.795894497,0.552,6/25/2021 12:00:00 AM,1940,1,1,0,0,CLEAR,DRY,False,COLLISION WITH FIXED OBJECT IN INTERSECTION - FIRST EVENT COLLISION 09 - 32,SINGLE VEHICLE,STRAIGHT & LEVEL,DAYLIGHT,,,6/28/2021 8:36:56 AM,False,5273,Accepted,
28304658,0568000,LOUISVILLE METRO POLICE DEPT,Accepted,JEFFERSON,,,OAK,ST,E,,,,,,,38.233208212,-85.739969964,0.852,6/25/2021 12:00:00 AM,1007,2,2,0,0,CLEAR,DRY,False,1 VEHICLE ENTERING/LEAVING ENTRANCE,ANGLE,STRAIGHT & LEVEL,DAYLIGHT,,,6/28/2021 8:37:01 AM,False,5258,Accepted,
28304660,0568000,LOUISVILLE METRO POLICE DEPT,Accepted,JEFFERSON,US0031W,,DIXIE,HWY,,,ASHBY,,,,,38.103002856,-85.869636943,8.272,6/25/2021 12:00:00 AM,1012,2,2,0,0,CLOUDY,DRY,False,OTHER INTERSECTION COLLISIONS,REAR END,STRAIGHT & LEVEL,DAYLIGHT,,,6/28/2021 8:37:05 AM,False,7234,Accepted,
28302260,0560300,ST. MATTHEWS POLICE DEPARTMENT,Accepted,JEFFERSON,I 0064,,I64 E,,,I 0064,I64 E EXIT10 OFF RAMP TO KY2048,,,,,38.235216097,-85.654520999,10.753,6/25/2021 12:00:00 AM,1938,1,1,0,0,CLEAR,DRY,False,COLLISION WITH ANIMAL IN INTERSECTION,SINGLE VEHICLE,STRAIGHT & LEVEL,DAYLIGHT,,,6/27/2021 4:11:29 PM,False,9151,Accepted,
28304634,0568000,LOUISVILLE METRO POLICE DEPT,Accepted,JEFFERSON,KY1065,,OUTER,LOOP,,,,,GRADE,KY1065,KY1065 CROSSOVER,38.131825068,-85.728930695,3.658,6/25/2021 12:00:00 AM,0757,2,2,0,2,CLOUDY,DRY,False,1 VEHICLE ENTERING/LEAVING ENTRANCE,ANGLE,STRAIGHT & LEVEL,DAYLIGHT,,,6/28/2021 8:35:40 AM,False,2324,Accepted,
28776283,0568000,LOUISVILLE METRO POLICE DEPT,Accepted,JEFFERSON,US0031E,,BARDSTOWN,RD,,,LITTLE SPRING,,,,,38.095897287,-85.562541296,1.530,6/25/2021 12:00:00 AM,1853,2,2,1,0,CLEAR,DRY,False,SIDESWIPE-SAME DIRECTION,SIDESWIPE-SAME DIRECTION,STRAIGHT & LEVEL,DAYLIGHT,,,9/30/2021 8:21:37 AM,False,2308,Accepted,
28457912,0568000,LOUISVILLE METRO POLICE DEPT,Accepted,JEFFERSON,,913,40TH,ST,S,,,,,,,38.246255289,-85.818283860,1.008,6/25/2021 12:00:00 AM,1310,2,2,0,0,CLEAR,DRY,False,1 VEHICLE PARKED POSITION (NOT PARKING LOT/DRIVEWAY),HEAD ON,STRAIGHT & LEVEL,DAYLIGHT,,,8/2/2021 8:34:47 AM,False,5160,Accepted,
28304729,0568000,LOUISVILLE METRO POLICE DEPT,Accepted,JEFFERSON,US0150,,22ND,ST,N,,,,DUNCAN,,COLUMBIA,38.262490666,-85.785871574,0.553,6/25/2021 12:00:00 AM,1320,2,2,0,0,CLEAR,DRY,False,SIDESWIPE COLLISION - SAME DIRECTION,SIDESWIPE-SAME DIRECTION,STRAIGHT & LEVEL,DAYLIGHT,,,6/28/2021 8:39:50 AM,False,5173,Accepted,
28304730,0568000,LOUISVILLE METRO POLICE DEPT,Accepted,JEFFERSON,US0150,,BROADWAY,,W,,15TH,,,,,38.248271104,-85.776546609,1.375,6/25/2021 12:00:00 AM,1431,2,2,0,1,CLEAR,DRY,False,ANGLE COLLISION - OTHER,ANGLE,STRAIGHT & LEVEL,DAYLIGHT,,,6/28/2021 8:39:54 AM,False,5173,Accepted,
28304714,0568000,LOUISVILLE METRO POLICE DEPT,Accepted,JEFFERSON,KY0864,,SHELBY,ST,S,,BRECKINRIDGE,,,,,38.239963435,-85.740412946,15.150,6/25/2021 12:00:00 AM,1601,2,2,0,0,CLEAR,DRY,False,ANGLE COLLISION - OTHER,ANGLE,STRAIGHT & LEVEL,DAYLIGHT,,,6/28/2021 8:38:54 AM,False,5301,Accepted,
28304719,0568000,LOUISVILLE METRO POLICE DEPT,Accepted,JEFFERSON,US0031W,10307,DIXIE,HWY,,,,,,,,38.122761499,-85.854327080,9.880,6/25/2021 12:00:00 AM,0825,2,2,0,0,CLOUDY,DRY,True,SIDESWIPE COLLISION - SAME DIRECTION,SIDESWIPE-SAME DIRECTION,STRAIGHT & LEVEL,DAYLIGHT,,,6/28/2021 8:39:09 AM,False,2311,Accepted,
28304638,0568000,LOUISVILLE METRO POLICE DEPT,Accepted,JEFFERSON,I 0065,,I65 N,,,I 0065,I65 N EXIT132 ON RAMP FROM  CRITTENDEN DR,,,,,38.206702644,-85.748100166,132.380,6/25/2021 12:00:00 AM,1033,2,2,0,0,CLOUDY,DRY,False,SIDESWIPE-SAME DIRECTION,SIDESWIPE-SAME DIRECTION,CURVE & LEVEL,DAYLIGHT,,,6/28/2021 8:35:56 AM,False,7772,Accepted,
28304644,0568000,LOUISVILLE METRO POLICE DEPT,Accepted,JEFFERSON,US0060,,FRANKFORT,AVE,,,,,,,,38.254083739,-85.670726394,2.721,6/25/2021 12:00:00 AM,1521,2,2,0,0,CLOUDY,DRY,False,OTHER ROADWAY OR MID-BLOCK COLLISION,REAR END,STRAIGHT & LEVEL,DAYLIGHT,,,6/28/2021 8:36:21 AM,False,7028,Accepted,
28304646,0568000,LOUISVILLE METRO POLICE DEPT,Accepted,JEFFERSON,,319,HARPERS FERRY,RD,,,,,,,,38.132068405,-85.772562949,,6/25/2021 12:00:00 AM,1658,2,1,0,1,CLEAR,DRY,False,COLLISION WITH PEDESTRIAN NON - INTERSECTION,SINGLE VEHICLE,STRAIGHT & GRADE,DAYLIGHT,,,6/28/2021 8:36:28 AM,False,7202,Accepted,
28304654,0568000,LOUISVILLE METRO POLICE DEPT,Accepted,JEFFERSON,KY0061,,JACKSON,ST,S,,OAK,,,,,38.234265786,-85.747698141,11.447,6/25/2021 12:00:00 AM,1040,2,2,0,0,CLOUDY,DRY,False,ANGLE COLLISION - OTHER,ANGLE,STRAIGHT & LEVEL,DAYLIGHT,,,6/28/2021 8:36:52 AM,False,5301,Accepted,
28294904,0568000,LOUISVILLE METRO POLICE DEPT,Accepted,JEFFERSON,,,STRAWBERRY,LN,,,CRITTENDEN DR CONN,,,,,38.172462167,-85.752507622,1.313,6/25/2021 12:00:00 AM,0434,1,1,0,0,CLEAR,DRY,False,OTHER INTERSECTION COLLISIONS,SINGLE VEHICLE,STRAIGHT & HILLCREST,DARK-HWY LIGHTED/OFF,,,6/25/2021 8:43:43 AM,False,5337,Accepted,
28309417,0568000,LOUISVILLE METRO POLICE DEPT,Accepted,JEFFERSON,,,JEFFERSON,ST,W,,18TH,,,,,38.256429486,-85.780191393,1.544,6/25/2021 12:00:00 AM,2345,2,2,0,0,CLOUDY,DRY,False,ANGLE COLLISION - OTHER,ANGLE,STRAIGHT & LEVEL,DARK-HWY LIGHTED/ON,,,6/29/2021 9:06:18 AM,False,7957,Accepted,
28304639,0568000,LOUISVILLE METRO POLICE DEPT,Accepted,JEFFERSON,US0031E,5600BLK,BARDSTOWN,RD,,,,,FAIRGROUND,,OLDHAM,38.163781754,-85.597227958,6.682,6/25/2021 12:00:00 AM,1148,4,4,0,2,CLOUDY,DRY,False,1 VEHICLE ENTERING/LEAVING ENTRANCE,ANGLE,STRAIGHT & LEVEL,DAYLIGHT,,,6/28/2021 8:36:02 AM,False,7465,Accepted,
28304647,0568000,LOUISVILLE METRO POLICE DEPT,Accepted,JEFFERSON,KY0907,7708,3RD ST,RD,,,,,CARTLEDGE,,BAMBERRIE CROSS,38.136994917,-85.785833180,5.475,6/25/2021 12:00:00 AM,0830,2,2,0,1,CLEAR,DRY,False,1 VEHICLE PARKED POSITION (NOT PARKING LOT/DRIVEWAY),BACKING,STRAIGHT & LEVEL,DAYLIGHT,,,6/28/2021 8:36:31 AM,False,5379,Accepted,
28318405,0568000,LOUISVILLE METRO POLICE DEPT,Accepted,JEFFERSON,US0031W,,DIXIE,HWY,,,PENDLETON,,,,,38.062309517,-85.886622587,5.297,6/25/2021 12:00:00 AM,1439,2,2,1,2,CLEAR,DRY,False,ANGLE COLLISION - OTHER,ANGLE,STRAIGHT & LEVEL,DAYLIGHT,,,7/1/2021 9:20:27 AM,False,2217,Accepted,
28321947,0568000,LOUISVILLE METRO POLICE DEPT,Accepted,JEFFERSON,,,ROY WILKINS,AVE,,,MUHAMMAD ALI,,,,,38.252123605,-85.765791614,0.381,6/25/2021 12:00:00 AM,1000,2,2,0,0,CLOUDY,DRY,False,ANGLE COLLISION - OTHER,ANGLE,STRAIGHT & GRADE,DAYLIGHT,,,7/2/2021 8:23:00 AM,False,2661,Accepted,
28466282,0568000,LOUISVILLE METRO POLICE DEPT,Accepted,JEFFERSON,US0031E,,BARDSTOWN,RD,,,,,,,,38.178200264,-85.621515378,8.346,6/25/2021 12:00:00 AM,1041,3,3,0,0,CLEAR,DRY,True,OTHER ROADWAY OR MID-BLOCK COLLISION,REAR END,STRAIGHT & LEVEL,DAYLIGHT,,,8/4/2021 8:04:43 AM,False,5159,Accepted,
28375229,0560600,WEST BUECHEL POLICE DEPT.,Accepted,JEFFERSON,US0031E,3600,BUECHEL,BYP,,,,,,,,38.198928028,-85.661766525,11.035,6/25/2021 12:00:00 AM,1340,4,4,0,0,CLOUDY,DRY,False,1 VEHICLE ENTERING/LEAVING ENTRANCE,ANGLE,STRAIGHT & LEVEL,DAYLIGHT,,,7/16/2021 10:53:34 AM,False,1260,Accepted,
28318399,0568000,LOUISVILLE METRO POLICE DEPT,Accepted,JEFFERSON,,,ROY WILKINS,AVE,,US0031W,MARKET,,,,,38.256061690,-85.765058435,0.092,6/25/2021 12:00:00 AM,1640,2,2,0,0,CLOUDY,DRY,False,REAR END - ONE VEHICLE TURNING RIGHT,REAR END,STRAIGHT & GRADE,DAYLIGHT,,,7/1/2021 9:19:52 AM,False,2661,Accepted,
28319594,0568000,LOUISVILLE METRO POLICE DEPT,Accepted,JEFFERSON,I 0065,,I65 N,,,,,,,,,38.209450894,-85.752759469,132.712,6/25/2021 12:00:00 AM,1211,3,3,0,1,CLOUDY,DRY,True,SIDESWIPE COLLISION - SAME DIRECTION,SIDESWIPE-SAME DIRECTION,CURVE & GRADE,DAYLIGHT,,,7/1/2021 3:09:04 PM,False,8278,Accepted,
28319596,0568000,LOUISVILLE METRO POLICE DEPT,Accepted,JEFFERSON,I 0265,,I265 W,,,,,,,,,38.179614868,-85.509975040,22.446,6/25/2021 12:00:00 AM,1412,1,1,0,0,CLEAR,DRY,False,COLLISION WITH FIXED OBJECT NON - INTERSECTION - FIRST EVENT COLLISION 09 - 32 EXCLUDING 16,SINGLE VEHICLE,CURVE & GRADE,DAYLIGHT,,,7/1/2021 3:09:14 PM,False,8278,Accepted,
28334703,0568000,LOUISVILLE METRO POLICE DEPT,Accepted,JEFFERSON,,,GRADE,LN,,KY1065,OUTER,,,,,38.129998506,-85.737494257,4.054,6/24/2021 12:00:00 AM,1506,2,2,0,1,CLOUDY,DRY,False,OTHER INTERSECTION COLLISIONS,REAR END,CURVE & GRADE,DAYLIGHT,,,7/6/2021 8:51:13 AM,False,2583,Accepted,
28313777,0568000,LOUISVILLE METRO POLICE DEPT,Accepted,JEFFERSON,KY1934,,GREENBELT,HWY,,,,,,,,38.177209600,-85.865621229,6.969,6/24/2021 12:00:00 AM,1700,2,2,0,0,CLEAR,DRY,False,1 VEHICLE ENTERING/LEAVING ENTRANCE,ANGLE,STRAIGHT & LEVEL,DAYLIGHT,,,6/30/2021 8:45:02 AM,False,2738,Accepted,
28348205,0568000,LOUISVILLE METRO POLICE DEPT,Accepted,JEFFERSON,,1202,BRASHEAR,DR,,,,,,,,38.226103149,-85.775832919,0.085,6/24/2021 12:00:00 AM,1630,2,2,0,0,CLEAR,DRY,True,1 VEHICLE PARKED POSITION (NOT PARKING LOT/DRIVEWAY),SIDESWIPE-OPPOSITE DIRECTION,STRAIGHT & LEVEL,DAYLIGHT,,,7/9/2021 8:22:17 AM,False,5351,Accepted,
28334763,0568000,LOUISVILLE METRO POLICE DEPT,Accepted,JEFFERSON,KY0864,4845,POPLAR LEVEL,RD,,,,,,,,38.172046529,-85.684666105,9.252,6/24/2021 12:00:00 AM,1500,1,1,0,0,CLEAR,DRY,True,COLLISION WITH FIXED OBJECT NON - INTERSECTION - FIRST EVENT COLLISION 09 - 32 EXCLUDING 16,SINGLE VEHICLE,STRAIGHT & GRADE,DAYLIGHT,,,7/6/2021 8:55:47 AM,False,5130,Accepted,
28387740,0568000,LOUISVILLE METRO POLICE DEPT,Accepted,JEFFERSON,I 0264,,I264 W,,,,,,,,,38.186625025,-85.797161406,8.449,6/24/2021 12:00:00 AM,1440,2,2,0,0,CLEAR,DRY,False,REAR END IN TRAFFIC LANES BOTH VEHICLES MOVING,REAR END,STRAIGHT & LEVEL,DAYLIGHT,,,7/20/2021 8:02:34 AM,True,8278,Accepted,
28318397,0568000,LOUISVILLE METRO POLICE DEPT,Accepted,JEFFERSON,US0042,,STORY,AVE,,US0042,US42 TURN LANE,,,,,38.254167804,-85.732130526,0.029,6/24/2021 12:00:00 AM,1330,2,2,0,0,CLEAR,DRY,True,COLLISION WITH PARKED VEHICLE,SIDESWIPE-SAME DIRECTION,CURVE & LEVEL,DAYLIGHT,,,7/1/2021 9:19:43 AM,False,7058,Accepted,
28313782,0568000,LOUISVILLE METRO POLICE DEPT,Accepted,JEFFERSON,KY0864,4500,POPLAR LEVEL,RD,,,,,BISHOP,,SELINDA,38.186545364,-85.701280538,10.600,6/24/2021 12:00:00 AM,1814,2,2,0,0,CLEAR,DRY,False,SIDESWIPE COLLISION - SAME DIRECTION,SIDESWIPE-SAME DIRECTION,STRAIGHT & LEVEL,DAYLIGHT,,,6/30/2021 8:45:15 AM,False,7383,Accepted,
28309389,0568000,LOUISVILLE METRO POLICE DEPT,Accepted,JEFFERSON,US0042,,STORY,AVE,,,BUCHANAN,,,,,38.255190169,-85.729994423,0.150,6/24/2021 12:00:00 AM,2207,2,2,0,1,CLEAR,DRY,False,OPPOSING LEFT TURN,OPPOSING LEFT TURN,CURVE & LEVEL,DARK-HWY LIGHTED/ON,,,6/29/2021 9:02:06 AM,False,5295,Accepted,
28305428,0568000,LOUISVILLE METRO POLICE DEPT,Accepted,JEFFERSON,KY1747,,HURSTBOURNE,PKWY,S,,,,,,,38.170547447,-85.604585813,7.597,6/24/2021 12:00:00 AM,1220,2,1,0,0,CLEAR,DRY,True,SIDESWIPE COLLISION - SAME DIRECTION,SIDESWIPE-SAME DIRECTION,,DAYLIGHT,,,6/28/2021 11:29:29 AM,False,4693,Accepted,
28343766,0568000,LOUISVILLE METRO POLICE DEPT,Accepted,JEFFERSON,,4609,TIPSY,CIR,,,MARGEE,,,,,38.191166891,-85.844493267,0.116,6/24/2021 12:00:00 AM,0100,2,2,0,0,CLEAR,DRY,True,COLLISION WITH PARKED VEHICLE,SIDESWIPE-SAME DIRECTION,STRAIGHT & LEVEL,DAYLIGHT,,,7/8/2021 8:16:41 AM,False,5208,Accepted,
28294893,0568000,LOUISVILLE METRO POLICE DEPT,Accepted,JEFFERSON,KY1865,,NEW CUT,RD,,,,,COGAN,KY0907,SOUTHSIDE,38.143941640,-85.774852539,2.538,6/24/2021 12:00:00 AM,0532,2,2,0,0,CLEAR,DRY,False,SIDESWIPE COLLISION - OPPOSITE DIRECTION,SIDESWIPE-OPPOSITE DIRECTION,STRAIGHT & LEVEL,DARK-HWY LIGHTED/ON,,,6/25/2021 8:43:17 AM,False,7890,Accepted,
28294901,0568000,LOUISVILLE METRO POLICE DEPT,Accepted,JEFFERSON,KY1020,,2ND,ST,S,,,,,,,38.252630023,-85.753845635,12.576,6/24/2021 12:00:00 AM,2336,2,2,0,1,CLEAR,DRY,False,OTHER ROADWAY OR MID-BLOCK COLLISION,OPPOSING LEFT TURN,STRAIGHT & LEVEL,DARK-HWY LIGHTED/ON,,,6/25/2021 8:43:36 AM,False,5148,Accepted,
28304778,0568000,LOUISVILLE METRO POLICE DEPT,Accepted,JEFFERSON,US0031E,,BARDSTOWN,RD,,,,,,,,38.226210786,-85.697550959,13.869,6/24/2021 12:00:00 AM,0713,1,1,0,1,CLEAR,DRY,False,COLLISION WITH FIXED OBJECT NON - INTERSECTION - FIRST EVENT COLLISION 09 - 32 EXCLUDING 16,SINGLE VEHICLE,STRAIGHT & LEVEL,DAYLIGHT,,,6/28/2021 8:43:31 AM,False,6813,Accepted,
28304779,0568000,LOUISVILLE METRO POLICE DEPT,Accepted,JEFFERSON,KY1703,,NEWBURG,RD,,,,,,,,38.209312727,-85.693745059,2.873,6/24/2021 12:00:00 AM,1247,4,4,0,1,CLEAR,DRY,False,REAR END IN TRAFFIC LANES BOTH VEHICLES MOVING,REAR END,CURVE & HILLCREST,DAYLIGHT,,,6/28/2021 8:43:36 AM,False,6813,Accepted,
28296934,0561500,UNIV. OF LOUISVILLE POLICE,Accepted,JEFFERSON,,,CARDINAL,BLVD,W,,4TH,,,,,38.220766018,-85.762848251,0.269,6/24/2021 12:00:00 AM,1546,2,2,0,0,CLEAR,DRY,False,OPPOSING LEFT TURN,OPPOSING LEFT TURN,STRAIGHT & LEVEL,DAYLIGHT,,,6/25/2021 6:28:14 PM,False,5706,Accepted,
28294886,0568000,LOUISVILLE METRO POLICE DEPT,Accepted,JEFFERSON,,,JEFFERSON,ST,W,,10TH,,,,,38.254926851,-85.766940888,0.818,6/24/2021 12:00:00 AM,1536,3,3,0,2,CLEAR,DRY,False,ANGLE COLLISION - OTHER,ANGLE,STRAIGHT & LEVEL,DAYLIGHT,,,6/25/2021 8:43:02 AM,False,2854,Accepted,
28294867,0568000,LOUISVILLE METRO POLICE DEPT,Accepted,JEFFERSON,KY0864,,GOSS,AVE,,,TEXAS,,,,,38.225942076,-85.733324886,13.933,6/24/2021 12:00:00 AM,1529,2,2,0,1,CLEAR,DRY,False,ANGLE COLLISION - OTHER,ANGLE,STRAIGHT & LEVEL,DAYLIGHT,,,6/25/2021 8:42:16 AM,False,7257,Accepted,
28294869,0568000,LOUISVILLE METRO POLICE DEPT,Accepted,JEFFERSON,I 0264,,I264 W,,,,,,,,,38.189471876,-85.774758389,9.708,6/24/2021 12:00:00 AM,1500,1,1,0,1,CLEAR,DRY,False,COLLISION WITH FIXED OBJECT NON - INTERSECTION - FIRST EVENT COLLISION 09 - 32 EXCLUDING 16,SINGLE VEHICLE,STRAIGHT & LEVEL,DAYLIGHT,,,6/25/2021 8:42:20 AM,False,7298,Accepted,
28294861,0568000,LOUISVILLE METRO POLICE DEPT,Accepted,JEFFERSON,,,CENTRAL,AVE,,,4TH,,,,,38.205157393,-85.765577250,0.441,6/24/2021 12:00:00 AM,1120,2,2,0,0,CLEAR,DRY,False,VEHICLE BACKING IN INTERSECTION,BACKING,STRAIGHT & LEVEL,DAYLIGHT,,,6/25/2021 8:42:00 AM,False,5372,Accepted,
28294878,0568000,LOUISVILLE METRO POLICE DEPT,Accepted,JEFFERSON,KY1703,,NEWBURG,RD,,,RICHMOND,,,,,38.220419318,-85.709927741,4.108,6/24/2021 12:00:00 AM,1846,2,2,0,0,CLEAR,DRY,False,OTHER INTERSECTION COLLISIONS,REAR END,STRAIGHT & GRADE,DAYLIGHT,,,6/25/2021 8:42:41 AM,False,7900,Accepted,
28290806,0568000,LOUISVILLE METRO POLICE DEPT,Accepted,JEFFERSON,,,CLAY,ST,S,,ROSELANE,,,,,38.242291217,-85.741858050,0.881,6/24/2021 12:00:00 AM,0142,1,1,0,0,CLEAR,DRY,False,COLLISION WITH FIXED OBJECT IN INTERSECTION - FIRST EVENT COLLISION 09 - 32,SINGLE VEHICLE,STRAIGHT & LEVEL,DARK-HWY LIGHTED/ON,,,6/24/2021 8:39:40 AM,False,5384,Accepted,
28290807,0568000,LOUISVILLE METRO POLICE DEPT,Accepted,JEFFERSON,KY1747,,FERN VALLEY,RD,,,VALLEY FOREST,,,,,38.157571355,-85.683089055,2.696,6/24/2021 12:00:00 AM,0411,2,2,0,1,CLEAR,DRY,False,ANGLE COLLISION - ONE VEHICLE TURNING RIGHT,ANGLE,STRAIGHT & LEVEL,DARK-HWY NOT LIGHTED,,,6/24/2021 8:39:43 AM,False,5101,Accepted,
28290808,0568000,LOUISVILLE METRO POLICE DEPT,Accepted,JEFFERSON,I 0265,,I265 N,,,,,,,,,38.264019982,-85.501468716,28.338,6/24/2021 12:00:00 AM,0001,2,2,0,2,CLEAR,DRY,False,HEAD-ON COLLISION,HEAD ON,STRAIGHT & GRADE,DARK-HWY NOT LIGHTED,,,6/24/2021 8:39:47 AM,False,5041,Accepted,