IncidentID,AgencyORI,AgencyName,IncidentStatusDesc,County,RdwyNumber,Street,RoadwayName,StreetSfx,StreetDir,IntersectionRdwy,IntersectionRdwyName,BetweenStRdwy1,BetweenStRdwyName1,BetweenStRdwy2,BetweenStRdwyName2,Latitude,Longitude,Milepoint,CollisionDate,CollisionTime,UnitsInvolved,MotorVehiclesInvolved,NumberKilled,NumberInjured,Weather,RdwyConditionCode,HitandRun,DirAnalysisCode,MannerofCollision,RdwyCharacter,LightCondition,RampFromRdwyId,RampToRdwyId,AcceptedDate,IsSecondaryCollision,OwnerBadge,IncidentStatus,
28290809,0568000,LOUISVILLE METRO POLICE DEPT,Accepted,JEFFERSON,KY1934,,CANE RUN,RD,,,KRAMERS,,,,,38.201153535,-85.835068922,9.371,6/24/2021 12:00:00 AM,0353,4,4,0,0,CLEAR,DRY,True,OPPOSING LEFT TURN,OPPOSING LEFT TURN,STRAIGHT & LEVEL,DARK-HWY NOT LIGHTED,,,6/24/2021 8:39:50 AM,False,5325,Accepted,
28290800,0568000,LOUISVILLE METRO POLICE DEPT,Accepted,JEFFERSON,,,OAK,ST,W,,12TH,,,,,38.236230360,-85.773609181,1.001,6/24/2021 12:00:00 AM,0011,2,2,0,2,CLEAR,DRY,False,ANGLE COLLISION - OTHER,ANGLE,STRAIGHT & LEVEL,DARK-HWY LIGHTED/ON,,,6/24/2021 8:39:27 AM,False,5303,Accepted,
28292268,0564500,PROSPECT POLICE DEPARTMENT,Accepted,JEFFERSON,,,RIVER,RD,,,SEDGWICKE,,,,,38.345247363,-85.616863739,6.667,6/24/2021 12:00:00 AM,1300,2,2,0,0,CLEAR,DRY,False,OTHER INTERSECTION COLLISIONS,REAR END,STRAIGHT & LEVEL,DAYLIGHT,,,6/24/2021 4:22:27 PM,False,1137,Accepted,
28294873,0568000,LOUISVILLE METRO POLICE DEPT,Accepted,JEFFERSON,,,AIKEN,RD,,,SCENIC LAKES,,,,,38.265386319,-85.468497547,,6/24/2021 12:00:00 AM,1413,2,2,0,2,CLEAR,DRY,False,REAR END - ONE VEHICLE TURNING LEFT,REAR END,CURVE & LEVEL,DAYLIGHT,,,6/25/2021 8:42:29 AM,False,2109,Accepted,
28294881,0568000,LOUISVILLE METRO POLICE DEPT,Accepted,JEFFERSON,,,INDIAN,TRL,E,KY1703,NEWBURG,,,,,38.184647547,-85.665278463,2.620,6/24/2021 12:00:00 AM,1823,2,2,0,1,CLEAR,DRY,False,ANGLE COLLISION - ONE VEHICLE TURNING LEFT,ANGLE,STRAIGHT & LEVEL,DAYLIGHT,,,6/25/2021 8:42:47 AM,False,7864,Accepted,
28294865,0568000,LOUISVILLE METRO POLICE DEPT,Accepted,JEFFERSON,KY2055,1101,MT HOLLY,RD,,,,,,,,38.100175202,-85.746815685,0.612,6/24/2021 12:00:00 AM,1533,1,1,0,0,CLEAR,DRY,False,OTHER ROADWAY OR MID-BLOCK COLLISION,SINGLE VEHICLE,CURVE & LEVEL,DAYLIGHT,,,6/25/2021 8:42:13 AM,False,7232,Accepted,
28294888,0568000,LOUISVILLE METRO POLICE DEPT,Accepted,JEFFERSON,KY0155,,TAYLORSVILLE,RD,,,STONE LAKES,,,,,38.187804218,-85.515980385,6.453,6/24/2021 12:00:00 AM,2150,2,2,0,0,CLEAR,DRY,True,OPPOSITE DIRECTION - BOTH VEHICLES GOING STRAIGHT AHEAD,SIDESWIPE-OPPOSITE DIRECTION,STRAIGHT & LEVEL,DARK-HWY LIGHTED/ON,,,6/25/2021 8:43:06 AM,False,2775,Accepted,
28294890,0568000,LOUISVILLE METRO POLICE DEPT,Accepted,JEFFERSON,,,TREVILIAN,WAY,,KY1703,NEWBURG,,,,,38.213588321,-85.701015776,1.737,6/24/2021 12:00:00 AM,2308,2,2,0,0,CLEAR,DRY,False,ANGLE COLLISION - OTHER,ANGLE,CURVE & GRADE,DARK-HWY LIGHTED/ON,,,6/25/2021 8:43:09 AM,False,5195,Accepted,
28294891,0568000,LOUISVILLE METRO POLICE DEPT,Accepted,JEFFERSON,KY0841,,GENE SNYDER,FWY,,,,,,,,38.114530082,-85.716358044,9.433,6/24/2021 12:00:00 AM,2237,2,2,0,0,CLEAR,DRY,False,1 VEHICLE ENTERING/LEAVING ENTRANCE,ANGLE,STRAIGHT & LEVEL,DARK-HWY LIGHTED/OFF,,,6/25/2021 8:43:13 AM,False,5183,Accepted,
28294623,0566900,LOUISVILLE AIRPORT POLICE,Accepted,JEFFERSON,,600,LOWER TERMINAL,DR,,,,,,,,38.188254814,-85.739399266,0.440,6/24/2021 12:00:00 AM,2020,2,2,0,0,CLEAR,DRY,False,SIDESWIPE COLLISION - SAME DIRECTION,SIDESWIPE-SAME DIRECTION,CURVE & GRADE,DAYLIGHT,,,6/25/2021 7:07:26 AM,False,5880,Accepted,
28294849,0568000,LOUISVILLE METRO POLICE DEPT,Accepted,JEFFERSON,I 0065,,,,,I 0065,I264 E EXIT12 ON RAMP FROM I65 N,,,,,38.190829172,-85.718889015,0.593,6/24/2021 12:00:00 AM,0820,3,3,0,0,CLEAR,DRY,True,OTHER INTERSECTION COLLISIONS,REAR END,STRAIGHT & LEVEL,DAYLIGHT,,,6/25/2021 8:41:32 AM,False,5372,Accepted,
28294863,0568000,LOUISVILLE METRO POLICE DEPT,Accepted,JEFFERSON,,,MONTANA,AVE,,,EUCLID,,,,,38.211064951,-85.772033686,0.327,6/24/2021 12:00:00 AM,1300,2,2,0,1,CLEAR,DRY,False,ANGLE COLLISION - OTHER,ANGLE,STRAIGHT & LEVEL,DAYLIGHT,,,6/25/2021 8:42:04 AM,False,7360,Accepted,
28294856,0568000,LOUISVILLE METRO POLICE DEPT,Accepted,JEFFERSON,KY0061,,PRESTON,HWY,,,,,PARK,,SPRINGVIEW,38.118157774,-85.677278852,2.457,6/24/2021 12:00:00 AM,1235,2,2,0,0,CLEAR,DRY,False,OTHER ROADWAY OR MID-BLOCK COLLISION,REAR END,STRAIGHT & LEVEL,DAYLIGHT,,,6/25/2021 8:41:48 AM,False,2324,Accepted,
28294858,0568000,LOUISVILLE METRO POLICE DEPT,Accepted,JEFFERSON,KY1934,,CANE RUN,RD,,,,,NEW LYNNVIEW,,ELANE,38.189764867,-85.849799643,8.235,6/24/2021 12:00:00 AM,1336,2,2,0,1,CLEAR,DRY,False,REAR END IN TRAFFIC LANES BOTH VEHICLES MOVING,REAR END,STRAIGHT & LEVEL,DAYLIGHT,,,6/25/2021 8:41:53 AM,False,7381,Accepted,
28294896,0568000,LOUISVILLE METRO POLICE DEPT,Accepted,JEFFERSON,US0031E,,BARDSTOWN,RD,,US0031E,BUECHEL,,,,,38.189987384,-85.642978036,9.795,6/24/2021 12:00:00 AM,2232,2,2,0,0,CLEAR,DRY,False,ANGLE COLLISION - OTHER,ANGLE,STRAIGHT & LEVEL,DARK-HWY LIGHTED/ON,,,6/25/2021 8:43:26 AM,False,5299,Accepted,
28294898,0568000,LOUISVILLE METRO POLICE DEPT,Accepted,JEFFERSON,US0150,,BROADWAY,,W,KY1020,2ND,,,,,38.245840784,-85.755053431,2.560,6/24/2021 12:00:00 AM,1930,2,2,0,0,CLEAR,DRY,False,ANGLE COLLISION - OTHER,ANGLE,STRAIGHT & LEVEL,DAYLIGHT,,,6/25/2021 8:43:29 AM,False,5306,Accepted,
28294899,0568000,LOUISVILLE METRO POLICE DEPT,Accepted,JEFFERSON,,404,29TH,ST,N,,,,,,,38.268130806,-85.797128802,0.514,6/24/2021 12:00:00 AM,2250,2,2,0,0,CLEAR,DRY,False,1 VEHICLE PARKED POSITION (NOT PARKING LOT/DRIVEWAY),BACKING,STRAIGHT & LEVEL,DARK-HWY NOT LIGHTED,,,6/25/2021 8:43:33 AM,False,5306,Accepted,
28296935,0561500,UNIV. OF LOUISVILLE POLICE,Accepted,JEFFERSON,,,REG SMITH,CIR,,,RILEY,,,,,38.222541589,-85.763473410,0.071,6/24/2021 12:00:00 AM,1747,2,2,0,0,CLEAR,DRY,False,VEHICLE BACKING IN INTERSECTION,BACKING,STRAIGHT & LEVEL,DAYLIGHT,,,6/25/2021 6:28:17 PM,False,5690,Accepted,
28294871,0568000,LOUISVILLE METRO POLICE DEPT,Accepted,JEFFERSON,I 0264,,I264 W,,,,,,,,,38.224312774,-85.822146023,3.912,6/23/2021 12:00:00 AM,1717,2,2,0,1,CLEAR,DRY,True,REAR END IN TRAFFIC LANES BOTH VEHICLES MOVING,REAR END,STRAIGHT & LEVEL,DAYLIGHT,,,6/25/2021 8:42:24 AM,True,5232,Accepted,
28290786,0568000,LOUISVILLE METRO POLICE DEPT,Accepted,JEFFERSON,,,MUHAMMAD ALI,BLVD,W,,AMY,,,,,38.257467461,-85.813638594,3.351,6/23/2021 12:00:00 AM,1715,2,2,0,2,CLEAR,DRY,False,ANGLE COLLISION - OTHER,ANGLE,STRAIGHT & LEVEL,DAYLIGHT,,,6/24/2021 8:38:32 AM,False,5132,Accepted,
28290793,0568000,LOUISVILLE METRO POLICE DEPT,Accepted,JEFFERSON,KY1865,,TAYLOR,BLVD,,,BROOKLINE,,,,,38.175097110,-85.782556966,4.714,6/23/2021 12:00:00 AM,1210,2,2,0,1,CLEAR,DRY,True,SIDESWIPE-SAME DIRECTION,SIDESWIPE-SAME DIRECTION,,DAYLIGHT,,,6/24/2021 8:38:55 AM,False,5304,Accepted,
28292108,0560600,WEST BUECHEL POLICE DEPT.,Accepted,JEFFERSON,US0031E,3520,BARDSTOWN,RD,,,,,,,,38.201854649,-85.663872389,11.274,6/23/2021 12:00:00 AM,0150,2,2,0,0,CLEAR,DRY,False,COLLISION IN PARKING LOT,REAR END,CURVE & GRADE,DARK-HWY LIGHTED/ON,,,6/24/2021 3:45:39 PM,False,1299,Accepted,
28294846,0568000,LOUISVILLE METRO POLICE DEPT,Accepted,JEFFERSON,,,NORTHWESTERN,PKWY,,,33RD,,,,,38.274939573,-85.800948966,1.784,6/23/2021 12:00:00 AM,1849,1,1,1,0,CLEAR,DRY,False,COLLISION WITH FIXED OBJECT IN INTERSECTION - FIRST EVENT COLLISION 09 - 32,SINGLE VEHICLE,CURVE & LEVEL,DAYLIGHT,,,6/25/2021 8:41:24 AM,False,7772,Accepted,
28290779,0568000,LOUISVILLE METRO POLICE DEPT,Accepted,JEFFERSON,KY0061,529,JACKSON,ST,S,,,,,,,38.249361270,-85.744655292,12.583,6/23/2021 12:00:00 AM,1113,2,2,0,0,CLEAR,DRY,False,COLLISION IN PARKING LOT,SIDESWIPE-SAME DIRECTION,STRAIGHT & LEVEL,DAYLIGHT,,,6/24/2021 8:37:57 AM,False,2764,Accepted,
28290780,0568000,LOUISVILLE METRO POLICE DEPT,Accepted,JEFFERSON,,,STONY BROOK,DR,,,,,,,,38.192110005,-85.592875803,1.641,6/23/2021 12:00:00 AM,1128,1,1,0,1,CLEAR,DRY,False,OTHER ROADWAY OR MID-BLOCK COLLISION,SINGLE VEHICLE,STRAIGHT & LEVEL,DAYLIGHT,,,6/24/2021 8:38:01 AM,False,4693,Accepted,
28290787,0568000,LOUISVILLE METRO POLICE DEPT,Accepted,JEFFERSON,I 0264,,,,,,,,,,,38.238027642,-85.815782947,0.201,6/23/2021 12:00:00 AM,1516,2,2,0,0,CLEAR,DRY,False,OTHER RAMP RELATED COLLISIONS NOT LISTED ABOVE,REAR TO REAR,STRAIGHT & GRADE,DAYLIGHT,I 0264,DUMESNIL ST,6/24/2021 8:38:35 AM,False,7328,Accepted,
28290788,0568000,LOUISVILLE METRO POLICE DEPT,Accepted,JEFFERSON,,,GRINSTEAD,DR,,,PETERSON,,,,,38.248525206,-85.696986770,0.369,6/23/2021 12:00:00 AM,1208,1,1,0,1,CLEAR,DRY,False,COLLISION WITH FIXED OBJECT IN INTERSECTION - FIRST EVENT COLLISION 09 - 32,SINGLE VEHICLE,STRAIGHT & LEVEL,DAYLIGHT,,,6/24/2021 8:38:38 AM,False,5358,Accepted,
28290796,0568000,LOUISVILLE METRO POLICE DEPT,Accepted,JEFFERSON,,,DUMESNIL,ST,,US0031W,22ND,,,,,38.236469584,-85.790259246,1.643,6/23/2021 12:00:00 AM,2045,2,2,0,1,CLEAR,DRY,False,ANGLE COLLISION - OTHER,ANGLE,STRAIGHT & LEVEL,DARK-HWY LIGHTED/ON,,,6/24/2021 8:39:07 AM,False,5303,Accepted,
28290804,0568000,LOUISVILLE METRO POLICE DEPT,Accepted,JEFFERSON,KY1065,,OUTER,LOOP,,,AFTERGLOW,,,,,38.126801485,-85.789305308,0.199,6/23/2021 12:00:00 AM,2020,2,2,0,0,CLEAR,DRY,False,OTHER INTERSECTION COLLISIONS,REAR END,STRAIGHT & LEVEL,DAYLIGHT,,,6/24/2021 8:39:34 AM,False,7115,Accepted,
28304633,0568000,LOUISVILLE METRO POLICE DEPT,Accepted,JEFFERSON,US0060,2640,FRANKFORT,AVE,,,,,,,,38.254461234,-85.694430357,1.399,6/23/2021 12:00:00 AM,2030,2,2,0,1,CLEAR,DRY,False,1 VEHICLE ENTERING/LEAVING ENTRANCE,ANGLE,STRAIGHT & LEVEL,DAYLIGHT,,,6/28/2021 8:35:36 AM,False,7304,Accepted,
28290805,0568000,LOUISVILLE METRO POLICE DEPT,Accepted,JEFFERSON,,,ST CATHERINE,ST,E,KY0061,PRESTON,,,,,38.235547358,-85.749239668,0.044,6/23/2021 12:00:00 AM,2229,2,2,0,0,CLEAR,DRY,True,ANGLE COLLISION - OTHER,ANGLE,STRAIGHT & LEVEL,DARK-HWY LIGHTED/ON,,,6/24/2021 8:39:37 AM,False,5384,Accepted,
28286808,0568000,LOUISVILLE METRO POLICE DEPT,Accepted,JEFFERSON,KY0061,,PRESTON,HWY,,,MUD,,,,,38.092804851,-85.669277476,0.659,6/23/2021 12:00:00 AM,0437,2,2,0,1,CLEAR,DRY,False,ANGLE COLLISION - OTHER,ANGLE,STRAIGHT & LEVEL,DARK-HWY LIGHTED/ON,,,6/23/2021 8:39:53 AM,False,5138,Accepted,
28286810,0568000,LOUISVILLE METRO POLICE DEPT,Accepted,JEFFERSON,,4000,BUECHEL BANK,RD,,,,,,,,38.177934545,-85.649139642,0.932,6/23/2021 12:00:00 AM,0545,2,2,0,0,CLEAR,DRY,True,COLLISION IN PARKING LOT,ANGLE,STRAIGHT & LEVEL,DAYLIGHT,,,6/23/2021 8:40:01 AM,False,5315,Accepted,
28294851,0568000,LOUISVILLE METRO POLICE DEPT,Accepted,JEFFERSON,KY1747,,HURSTBOURNE,PKWY,N,KY1447,WESTPORT,,,,,38.287333620,-85.571912442,17.005,6/23/2021 12:00:00 AM,1251,2,2,0,0,CLEAR,DRY,False,COLLISION WITH FIXED OBJECT IN INTERSECTION - FIRST EVENT COLLISION 09 - 32,BACKING,STRAIGHT & LEVEL,DAYLIGHT,,,6/25/2021 8:41:35 AM,False,7005,Accepted,
28294875,0568000,LOUISVILLE METRO POLICE DEPT,Accepted,JEFFERSON,I 0265,,I265 W,,,,,,,,,38.112926244,-85.694289818,10.663,6/23/2021 12:00:00 AM,1659,2,2,0,0,CLEAR,DRY,False,SIDESWIPE COLLISION - SAME DIRECTION,SIDESWIPE-SAME DIRECTION,STRAIGHT & LEVEL,DAYLIGHT,,,6/25/2021 8:42:33 AM,False,7442,Accepted,
28294853,0568000,LOUISVILLE METRO POLICE DEPT,Accepted,JEFFERSON,,,BROOK,ST,S,,OAK,,,,,38.234411659,-85.753675557,1.981,6/23/2021 12:00:00 AM,1700,2,2,0,0,CLEAR,DRY,False,OTHER INTERSECTION COLLISIONS,REAR END,STRAIGHT & LEVEL,DAYLIGHT,,,6/25/2021 8:41:39 AM,False,7298,Accepted,
28294895,0568000,LOUISVILLE METRO POLICE DEPT,Accepted,JEFFERSON,,,GILMORE,LN,,KY0864,POPLAR LEVEL,,,,,38.182725640,-85.698452651,0.956,6/23/2021 12:00:00 AM,1852,2,2,0,2,CLEAR,DRY,False,SIDESWIPE-SAME DIRECTION,SIDESWIPE-SAME DIRECTION,STRAIGHT & LEVEL,DAYLIGHT,,,6/25/2021 8:43:22 AM,False,5269,Accepted,
28294903,0568000,LOUISVILLE METRO POLICE DEPT,Accepted,JEFFERSON,,,JEFFERSON,ST,W,,,,,,,38.254021816,-85.758582574,0.359,6/23/2021 12:00:00 AM,2241,2,2,0,0,CLEAR,DRY,False,1 VEHICLE PARKED POSITION (NOT PARKING LOT/DRIVEWAY),ANGLE,STRAIGHT & LEVEL,DARK-HWY LIGHTED/ON,,,6/25/2021 8:43:40 AM,False,5148,Accepted,
28290783,0568000,LOUISVILLE METRO POLICE DEPT,Accepted,JEFFERSON,KY3082,2507,BANK,ST,,,,,,,,38.268331661,-85.788273616,1.252,6/23/2021 12:00:00 AM,1250,2,2,0,1,CLEAR,DRY,True,1 VEHICLE PARKED POSITION (NOT PARKING LOT/DRIVEWAY),SIDESWIPE-SAME DIRECTION,STRAIGHT & LEVEL,DAYLIGHT,,,6/24/2021 8:38:11 AM,False,5354,Accepted,
28290784,0568000,LOUISVILLE METRO POLICE DEPT,Accepted,JEFFERSON,I 0071,,I71 S,,,,,,,,,38.318769452,-85.569376354,9.830,6/23/2021 12:00:00 AM,1330,2,2,0,0,CLEAR,DRY,False,SIDESWIPE COLLISION - SAME DIRECTION,SIDESWIPE-SAME DIRECTION,STRAIGHT & LEVEL,DAYLIGHT,,,6/24/2021 8:38:17 AM,False,7615,Accepted,
28290791,0568000,LOUISVILLE METRO POLICE DEPT,Accepted,JEFFERSON,KY0907,,3RD ST,RD,,,WISERTOWN,,,,,38.130407108,-85.792588292,4.887,6/23/2021 12:00:00 AM,1535,3,3,0,1,CLEAR,DRY,False,OTHER INTERSECTION COLLISIONS,REAR END,STRAIGHT & LEVEL,DAYLIGHT,,,6/24/2021 8:38:48 AM,False,7483,Accepted,
28290799,0568000,LOUISVILLE METRO POLICE DEPT,Accepted,JEFFERSON,,,FISCHER PARK,DR,,,TOWNE CENTER,,,,,38.297075705,-85.555079033,0.287,6/23/2021 12:00:00 AM,2253,1,1,0,0,CLEAR,DRY,True,COLLISION WITH FIXED OBJECT IN INTERSECTION - FIRST EVENT COLLISION 09 - 32,SINGLE VEHICLE,CURVE & LEVEL,DUSK,,,6/24/2021 8:39:23 AM,False,2346,Accepted,
28294879,0568000,LOUISVILLE METRO POLICE DEPT,Accepted,JEFFERSON,,6810,MANSLICK,RD,,,,,,,,38.152599513,-85.791027680,0.018,6/23/2021 12:00:00 AM,1800,1,1,0,0,CLEAR,DRY,False,OTHER COLLISIONS ON SHOULDER,SINGLE VEHICLE,STRAIGHT & LEVEL,DAYLIGHT,,,6/25/2021 8:42:44 AM,False,5385,Accepted,
28290781,0568000,LOUISVILLE METRO POLICE DEPT,Accepted,JEFFERSON,KY2052,,SHEPHERDSVILLE,RD,,,,,,,,38.160406386,-85.659985334,1.500,6/23/2021 12:00:00 AM,1308,2,2,0,0,CLEAR,DRY,False,1 VEHICLE ENTERING/LEAVING ENTRANCE,ANGLE,STRAIGHT & LEVEL,DAYLIGHT,,,6/24/2021 8:38:07 AM,False,4693,Accepted,
28289371,0561000,JEFFERSONTOWN POLICE DEPT,Accepted,JEFFERSON,I 0064,,,,,,,,,,,38.224587591,-85.578503310,0.012,6/23/2021 12:00:00 AM,2120,2,2,0,0,CLEAR,DRY,False,OTHER RAMP RELATED COLLISIONS NOT LISTED ABOVE,REAR END,STRAIGHT & GRADE,DARK-HWY LIGHTED/ON,I 0064,KY1747,6/23/2021 10:27:58 PM,False,8226,Accepted,
28290789,0568000,LOUISVILLE METRO POLICE DEPT,Accepted,JEFFERSON,US0031E,,BUECHEL,BYP,,,HIKES,,,,,38.198136912,-85.660683496,10.950,6/23/2021 12:00:00 AM,1350,2,2,0,0,CLEAR,DRY,True,SIDESWIPE-SAME DIRECTION,SIDESWIPE-SAME DIRECTION,STRAIGHT & LEVEL,DAYLIGHT,,,6/24/2021 8:38:42 AM,False,5191,Accepted,
28290790,0568000,LOUISVILLE METRO POLICE DEPT,Accepted,JEFFERSON,KY1865,,NEW CUT,RD,,,SCOTTSDALE,,,,,38.139192095,-85.773863898,2.206,6/23/2021 12:00:00 AM,1115,2,2,0,0,CLEAR,DRY,True,ANGLE COLLISION - OTHER,ANGLE,STRAIGHT & LEVEL,DAYLIGHT,,,6/24/2021 8:38:45 AM,False,7483,Accepted,
28290798,0568000,LOUISVILLE METRO POLICE DEPT,Accepted,JEFFERSON,,,4TH,ST,S,,,,ORMSBY,,PARK,38.232082669,-85.760842903,1.709,6/23/2021 12:00:00 AM,1914,4,4,0,0,CLEAR,DRY,False,1 VEHICLE PARKED POSITION (NOT PARKING LOT/DRIVEWAY),SIDESWIPE-SAME DIRECTION,STRAIGHT & LEVEL,DAYLIGHT,,,6/24/2021 8:39:16 AM,False,7435,Accepted,
28291620,0560400,SHIVELY POLICE DEPARTMENT,Accepted,JEFFERSON,I 0264,,I264 W,,,,,I 0264,I264 W EXIT5 RAMP KY1934,I 0264,I264 W EXIT5 ON RAMP FROM KY1934 N,38.202894003,-85.827241453,5.454,6/23/2021 12:00:00 AM,1105,2,2,0,0,CLEAR,DRY,True,SIDESWIPE COLLISION - SAME DIRECTION,SIDESWIPE-SAME DIRECTION,STRAIGHT & LEVEL,DAYLIGHT,,,6/24/2021 1:07:59 PM,False,7105,Accepted,
28294843,0568000,LOUISVILLE METRO POLICE DEPT,Accepted,JEFFERSON,,,39TH,ST,S,KY2056,BELLS,,,,,38.222485902,-85.821611773,,6/23/2021 12:00:00 AM,0930,2,2,0,0,CLEAR,DRY,False,ANGLE COLLISION - OTHER,ANGLE,STRAIGHT & LEVEL,DAYLIGHT,,,6/25/2021 8:41:16 AM,False,5161,Accepted,
28334799,0568000,LOUISVILLE METRO POLICE DEPT,Accepted,JEFFERSON,,,3RD,ST,N,,,,,,,38.256505086,-85.754899452,0.005,6/23/2021 12:00:00 AM,2113,2,1,0,0,CLEAR,DRY,True,COLLISION WITH PEDESTRIAN NON - INTERSECTION,SINGLE VEHICLE,STRAIGHT & HILLCREST,DUSK,,,7/6/2021 8:58:41 AM,False,5148,Accepted,
28318407,0568000,LOUISVILLE METRO POLICE DEPT,Accepted,JEFFERSON,I 0264,,I264 E,,,,,I 0264,I264 E EXIT17 ON RAMP FROM KY155,I 0264,I264 E EXIT18 OFF RAMP TO KY1932,38.224126923,-85.644847427,17.366,6/23/2021 12:00:00 AM,1631,3,3,0,0,CLEAR,DRY,True,SIDESWIPE COLLISION - SAME DIRECTION,SIDESWIPE-SAME DIRECTION,STRAIGHT & LEVEL,DAYLIGHT,,,7/1/2021 9:20:48 AM,False,2308,Accepted,
28314287,0560400,SHIVELY POLICE DEPARTMENT,Accepted,JEFFERSON,I 0264,,I264 W,,,I 0264,I264 W EXIT5 RAMP KY1934,,,,,38.202914103,-85.827271396,5.486,6/23/2021 12:00:00 AM,1105,2,2,0,1,CLEAR,DRY,False,OTHER INTERSECTION COLLISIONS,REAR END,STRAIGHT & LEVEL,DAYLIGHT,,,6/30/2021 10:44:32 AM,False,7088,Accepted,
28318424,0568000,LOUISVILLE METRO POLICE DEPT,Accepted,JEFFERSON,,,HILL,ST,W,KY1020,3RD,,,,,38.225816266,-85.760299659,0.180,6/23/2021 12:00:00 AM,1946,2,2,0,0,CLEAR,DRY,False,ANGLE COLLISION - ONE VEHICLE TURNING LEFT,ANGLE,STRAIGHT & LEVEL,DAYLIGHT,,,7/1/2021 9:23:06 AM,False,5152,Accepted,
28319593,0568000,LOUISVILLE METRO POLICE DEPT,Accepted,JEFFERSON,I 0265,,I265 E,,,,,,,,,38.212774465,-85.506474809,24.790,6/23/2021 12:00:00 AM,1400,1,1,0,0,CLEAR,DRY,False,COLLISION WITH FIXED OBJECT NON - INTERSECTION - FIRST EVENT COLLISION 09 - 32 EXCLUDING 16,SINGLE VEHICLE,STRAIGHT & GRADE,DAYLIGHT,,,7/1/2021 3:08:59 PM,False,8278,Accepted,
28318403,0568000,LOUISVILLE METRO POLICE DEPT,Accepted,JEFFERSON,KY1142,,PALATKA,RD,,,BRUCE,,,,,38.151924150,-85.784604646,0.982,6/22/2021 12:00:00 AM,0920,2,2,0,0,CLEAR,DRY,False,ANGLE COLLISION - OTHER,ANGLE,STRAIGHT & GRADE,DAYLIGHT,,,7/1/2021 9:20:06 AM,False,5379,Accepted,
28286796,0568000,LOUISVILLE METRO POLICE DEPT,Accepted,JEFFERSON,,,35TH,ST,N,,,,PFLANZ,KY3082,BANK,38.273235979,-85.804424030,0.101,6/22/2021 12:00:00 AM,1509,4,2,0,2,CLEAR,DRY,False,REAR END IN TRAFFIC LANES BOTH VEHICLES MOVING,REAR END,STRAIGHT & LEVEL,DAYLIGHT,,,6/23/2021 8:39:03 AM,False,5341,Accepted,
28282469,0568000,LOUISVILLE METRO POLICE DEPT,Accepted,JEFFERSON,,732,SOUTHWESTERN,PKWY,,,,,,,,38.249320462,-85.829573439,1.370,6/22/2021 12:00:00 AM,0137,1,1,0,1,CLEAR,DRY,False,COLLISION WITH FIXED OBJECT NON - INTERSECTION - FIRST EVENT COLLISION 09 - 32 EXCLUDING 16,SINGLE VEHICLE,STRAIGHT & LEVEL,DUSK,,,6/22/2021 8:47:09 AM,False,7309,Accepted,
28286773,0568000,LOUISVILLE METRO POLICE DEPT,Accepted,JEFFERSON,,,BROOK,ST,S,,OAK,,,,,38.234409479,-85.753674267,1.981,6/22/2021 12:00:00 AM,1027,2,2,0,0,CLEAR,DRY,False,ANGLE COLLISION - OTHER,ANGLE,STRAIGHT & LEVEL,DAYLIGHT,,,6/23/2021 8:37:07 AM,False,7433,Accepted,
28286789,0568000,LOUISVILLE METRO POLICE DEPT,Accepted,JEFFERSON,,663,44TH,ST,S,,,,,,,38.251775996,-85.825279179,0.444,6/22/2021 12:00:00 AM,1434,2,2,0,0,CLEAR,DRY,False,1 VEHICLE PARKED POSITION (NOT PARKING LOT/DRIVEWAY),HEAD ON,STRAIGHT & LEVEL,DAYLIGHT,,,6/23/2021 8:38:39 AM,False,5360,Accepted,
28286805,0568000,LOUISVILLE METRO POLICE DEPT,Accepted,JEFFERSON,US0031E,,BARDSTOWN,RD,,,RICHMOND,,,,,38.227374474,-85.699430681,14.004,6/22/2021 12:00:00 AM,1932,2,2,0,1,CLOUDY,DRY,False,ANGLE COLLISION - OTHER,ANGLE,STRAIGHT & HILLCREST,DUSK,,,6/23/2021 8:39:38 AM,False,7916,Accepted,
28286807,0568000,LOUISVILLE METRO POLICE DEPT,Accepted,JEFFERSON,,,ORELL,RD,E,,,US0031W,DIXIE,,SYDNEY RENEE,38.082223287,-85.881229510,0.020,6/22/2021 12:00:00 AM,2212,2,2,0,0,CLEAR,DRY,False,SIDESWIPE COLLISION - OPPOSITE DIRECTION,SIDESWIPE-OPPOSITE DIRECTION,STRAIGHT & LEVEL,DARK-HWY LIGHTED/ON,,,6/23/2021 8:39:49 AM,False,7992,Accepted,
28286812,0568000,LOUISVILLE METRO POLICE DEPT,Accepted,JEFFERSON,KY0061,,PRESTON,HWY,,KY1065,OUTER,,,,,38.138422042,-85.686730474,3.942,6/22/2021 12:00:00 AM,1921,3,3,0,1,CLEAR,DRY,False,OTHER INTERSECTION COLLISIONS,REAR END,STRAIGHT & LEVEL,DAYLIGHT,,,6/23/2021 8:40:12 AM,False,5383,Accepted,
28286813,0568000,LOUISVILLE METRO POLICE DEPT,Accepted,JEFFERSON,US0031W,,DIXIE,HWY,,,,,PARALEE,,PARAMOUNT,38.133356071,-85.845837053,10.786,6/22/2021 12:00:00 AM,2113,2,2,0,2,CLEAR,DRY,False,REAR END IN TRAFFIC LANES BOTH VEHICLES MOVING,REAR END,STRAIGHT & LEVEL,DAYLIGHT,,,6/23/2021 8:40:17 AM,False,2721,Accepted,