IncidentID,AgencyORI,AgencyName,IncidentStatusDesc,County,RdwyNumber,Street,RoadwayName,StreetSfx,StreetDir,IntersectionRdwy,IntersectionRdwyName,BetweenStRdwy1,BetweenStRdwyName1,BetweenStRdwy2,BetweenStRdwyName2,Latitude,Longitude,Milepoint,CollisionDate,CollisionTime,UnitsInvolved,MotorVehiclesInvolved,NumberKilled,NumberInjured,Weather,RdwyConditionCode,HitandRun,DirAnalysisCode,MannerofCollision,RdwyCharacter,LightCondition,RampFromRdwyId,RampToRdwyId,AcceptedDate,IsSecondaryCollision,OwnerBadge,IncidentStatus,
28286814,0568000,LOUISVILLE METRO POLICE DEPT,Accepted,JEFFERSON,KY1065,,OUTER,LOOP,,,,,,,,38.137692464,-85.667570394,7.160,6/22/2021 12:00:00 AM,1415,2,2,0,1,CLEAR,DRY,False,REAR END IN TRAFFIC LANES BOTH VEHICLES MOVING,REAR END,STRAIGHT & LEVEL,DAYLIGHT,,,6/23/2021 8:40:21 AM,False,4693,Accepted,
28286815,0568000,LOUISVILLE METRO POLICE DEPT,Accepted,JEFFERSON,,,CEDAR,ST,,,,,7TH,,6TH,38.252875263,-85.761133110,0.031,6/22/2021 12:00:00 AM,0712,2,1,0,0,CLEAR,DRY,False,COLLISION WITH PEDESTRIAN NON - INTERSECTION,SINGLE VEHICLE,STRAIGHT & LEVEL,DAWN,,,6/23/2021 8:40:25 AM,False,7325,Accepted,
28286779,0568000,LOUISVILLE METRO POLICE DEPT,Accepted,JEFFERSON,,2144,FRANKFORT,AVE,,,,,,,,38.259649072,-85.722072531,0.065,6/22/2021 12:00:00 AM,1018,2,2,0,0,CLEAR,DRY,False,SIDESWIPE COLLISION - SAME DIRECTION,SIDESWIPE-SAME DIRECTION,STRAIGHT & LEVEL,DAYLIGHT,,,6/23/2021 8:37:49 AM,False,5353,Accepted,
28282466,0568000,LOUISVILLE METRO POLICE DEPT,Accepted,JEFFERSON,KY1747,,FERN VALLEY,RD,,KY2052,SHEPHERDSVILLE,,,,,38.156232113,-85.659791711,3.967,6/22/2021 12:00:00 AM,0100,2,2,0,0,CLOUDY,WET,False,OPPOSING LEFT TURN,OPPOSING LEFT TURN,STRAIGHT & LEVEL,DARK-HWY LIGHTED/ON,,,6/22/2021 8:46:58 AM,False,5369,Accepted,
28282467,0568000,LOUISVILLE METRO POLICE DEPT,Accepted,JEFFERSON,,,PEE WEE REESE,RD,,,SENECA PARK,,,,,38.234133715,-85.675958216,0.913,6/22/2021 12:00:00 AM,0037,1,1,0,0,CLOUDY,WET,False,COLLISION WITH FIXED OBJECT IN INTERSECTION - FIRST EVENT COLLISION 09 - 32,SINGLE VEHICLE,STRAIGHT & GRADE,DARK-HWY NOT LIGHTED,,,6/22/2021 8:47:01 AM,False,5296,Accepted,
28285216,0561000,JEFFERSONTOWN POLICE DEPT,Accepted,JEFFERSON,KY1747,,HURSTBOURNE,PKWY,S,,,,BUNSEN,KY6159,BLUEGRASS PKWY ACCESS,38.219504925,-85.582845543,11.542,6/22/2021 12:00:00 AM,1542,2,2,0,0,CLEAR,DRY,False,OTHER ROADWAY OR MID-BLOCK COLLISION,REAR END,STRAIGHT & LEVEL,DAYLIGHT,,,6/22/2021 10:10:01 PM,False,8316,Accepted,
28286546,0566900,LOUISVILLE AIRPORT POLICE,Accepted,JEFFERSON,,911,GRADE,LN,,,,,,,,38.160868175,-85.731409776,2.000,6/22/2021 12:00:00 AM,1630,1,1,0,0,CLEAR,DRY,True,COLLISION IN PARKING LOT,SINGLE VEHICLE,STRAIGHT & LEVEL,DAYLIGHT,,,6/23/2021 7:31:33 AM,False,5874,Accepted,
28286772,0568000,LOUISVILLE METRO POLICE DEPT,Accepted,JEFFERSON,I 0065,,I65 N EXIT130 TRANSIT,,,,,,,,,38.181316144,-85.721038885,0.350,6/22/2021 12:00:00 AM,0923,2,2,0,0,CLEAR,DRY,False,SIDESWIPE COLLISION - SAME DIRECTION,SIDESWIPE-SAME DIRECTION,STRAIGHT & LEVEL,DAYLIGHT,,,6/23/2021 8:37:03 AM,False,4903,Accepted,
28286811,0568000,LOUISVILLE METRO POLICE DEPT,Accepted,JEFFERSON,,,MUHAMMAD ALI,BLVD,W,,15TH,,,,,38.253156056,-85.775688062,1.271,6/22/2021 12:00:00 AM,2052,3,3,0,2,CLEAR,DRY,False,ANGLE COLLISION - OTHER,ANGLE,STRAIGHT & LEVEL,DUSK,,,6/23/2021 8:40:08 AM,False,5021,Accepted,
28286809,0568000,LOUISVILLE METRO POLICE DEPT,Accepted,JEFFERSON,I 0065,,I65 S,,,,,,,,,38.250164180,-85.751593843,135.571,6/22/2021 12:00:00 AM,0824,1,1,0,0,CLEAR,DRY,False,OTHER ROADWAY OR MID-BLOCK COLLISION,SINGLE VEHICLE,CURVE & LEVEL,DAYLIGHT,,,6/23/2021 8:39:57 AM,False,5135,Accepted,
28286777,0568000,LOUISVILLE METRO POLICE DEPT,Accepted,JEFFERSON,I 0065,,I65 N,,,I 0065,I65 N EXIT130 OFF RAMP TO KY61,,,,,38.172088472,-85.720345369,129.308,6/22/2021 12:00:00 AM,0743,3,3,0,0,CLEAR,DRY,False,OTHER INTERSECTION COLLISIONS,REAR END,STRAIGHT & LEVEL,DAYLIGHT,,,6/23/2021 8:37:40 AM,False,7319,Accepted,
28286785,0568000,LOUISVILLE METRO POLICE DEPT,Accepted,JEFFERSON,I 0065,,,,,,,,,,,38.135491201,-85.702686720,0.366,6/22/2021 12:00:00 AM,1231,2,2,0,1,CLEAR,DRY,False,OTHER ROADWAY OR MID-BLOCK COLLISION,REAR END,STRAIGHT & LEVEL,DAYLIGHT,I 0065,KY1065,6/23/2021 8:38:11 AM,False,2324,Accepted,
28286786,0568000,LOUISVILLE METRO POLICE DEPT,Accepted,JEFFERSON,US0031W,,22ND,ST,S,,JEFFERSON,,,,,38.257140770,-85.786808718,20.112,6/22/2021 12:00:00 AM,1319,2,2,0,0,CLEAR,DRY,True,SIDESWIPE-SAME DIRECTION,SIDESWIPE-SAME DIRECTION,STRAIGHT & LEVEL,DAYLIGHT,,,6/23/2021 8:38:19 AM,False,5124,Accepted,
28286793,0568000,LOUISVILLE METRO POLICE DEPT,Accepted,JEFFERSON,,,SHEPHERDSVILLE,RD,,,APPLEGATE,,,,,38.134715848,-85.658940135,0.307,6/22/2021 12:00:00 AM,1440,2,2,0,0,CLEAR,DRY,False,OPPOSING LEFT TURN,OPPOSING LEFT TURN,STRAIGHT & GRADE,DAYLIGHT,,,6/23/2021 8:38:55 AM,False,7474,Accepted,
28286794,0568000,LOUISVILLE METRO POLICE DEPT,Accepted,JEFFERSON,US0031E,3315,BARDSTOWN,RD,,,,,GOLDSMITH,,BELMONT,38.207495794,-85.667965207,11.695,6/22/2021 12:00:00 AM,1531,2,2,0,0,CLEAR,DRY,False,COLLISION IN PARKING LOT,BACKING,STRAIGHT & LEVEL,DAYLIGHT,,,6/23/2021 8:38:59 AM,False,7482,Accepted,
28282465,0568000,LOUISVILLE METRO POLICE DEPT,Accepted,JEFFERSON,KY1865,4615,TAYLOR,BLVD,,,,,,,,38.173078613,-85.782111500,4.574,6/22/2021 12:00:00 AM,0028,2,2,0,0,CLEAR,DRY,True,OTHER ROADWAY OR MID-BLOCK COLLISION,REAR TO REAR,STRAIGHT & LEVEL,DARK (UNKNOWN ROADWAY LIGHTING),,,6/22/2021 8:46:51 AM,False,5312,Accepted,
28304641,0568000,LOUISVILLE METRO POLICE DEPT,Accepted,JEFFERSON,KY2054,,ALGONQUIN,PKWY,,US0031W,22ND,,,,,38.223359914,-85.795118116,1.502,6/22/2021 12:00:00 AM,1342,3,3,0,3,CLEAR,DRY,False,OTHER INTERSECTION COLLISIONS,REAR END,STRAIGHT & LEVEL,DAYLIGHT,,,6/28/2021 8:36:10 AM,False,5272,Accepted,
28304681,0568000,LOUISVILLE METRO POLICE DEPT,Accepted,JEFFERSON,KY0061,,PRESTON,HWY,,KY1747,FERN VALLEY,,,,,38.156756204,-85.696875298,5.353,6/22/2021 12:00:00 AM,2038,2,2,0,0,CLEAR,DRY,False,OTHER INTERSECTION COLLISIONS,REAR END,STRAIGHT & LEVEL,DUSK,,,6/28/2021 8:37:49 AM,False,5383,Accepted,
28304741,0568000,LOUISVILLE METRO POLICE DEPT,Accepted,JEFFERSON,KY1020,,SOUTHSIDE,DR,,,SOUTHLAND,,,,,38.171290597,-85.764672226,6.986,6/22/2021 12:00:00 AM,2203,4,3,0,3,CLEAR,DRY,False,ANGLE COLLISION - OTHER,ANGLE,STRAIGHT & LEVEL,DARK-HWY LIGHTED/ON,,,6/28/2021 8:40:28 AM,True,7010,Accepted,
28286775,0568000,LOUISVILLE METRO POLICE DEPT,Accepted,JEFFERSON,,,DENNY CRUM OVERPASS,,,,,,,,,38.203126642,-85.757205433,0.384,6/22/2021 12:00:00 AM,1108,2,2,0,0,CLEAR,DRY,False,SIDESWIPE COLLISION - SAME DIRECTION,SIDESWIPE-SAME DIRECTION,STRAIGHT & GRADE,DAYLIGHT,,,6/23/2021 8:37:16 AM,False,7872,Accepted,
28290777,0568000,LOUISVILLE METRO POLICE DEPT,Accepted,JEFFERSON,KY1447,,WESTPORT,RD,,,,,,,,38.293130803,-85.560679457,5.939,6/22/2021 12:00:00 AM,1830,2,2,0,0,CLEAR,DRY,False,SIDESWIPE COLLISION - SAME DIRECTION,SIDESWIPE-SAME DIRECTION,STRAIGHT & LEVEL,DAYLIGHT,,,6/24/2021 8:37:50 AM,False,6777,Accepted,
28286783,0568000,LOUISVILLE METRO POLICE DEPT,Accepted,JEFFERSON,US0031E,,BARDSTOWN,RD,,,WATTERSON,,,,,38.178756499,-85.622585457,8.419,6/22/2021 12:00:00 AM,1114,2,2,0,1,CLEAR,DRY,False,ANGLE COLLISION - ONE VEHICLE TURNING LEFT,ANGLE,STRAIGHT & LEVEL,DAYLIGHT,,,6/23/2021 8:38:05 AM,False,4693,Accepted,
28286791,0568000,LOUISVILLE METRO POLICE DEPT,Accepted,JEFFERSON,,7808,WATTERSON,TRL,S,,GLASER,,,,,38.144355873,-85.615172291,2.821,6/22/2021 12:00:00 AM,1506,1,1,0,0,CLEAR,DRY,False,OTHER INTERSECTION COLLISIONS,SINGLE VEHICLE,CURVE & LEVEL,DAYLIGHT,,,6/23/2021 8:38:48 AM,False,5005,Accepted,
28286792,0568000,LOUISVILLE METRO POLICE DEPT,Accepted,JEFFERSON,,408,ROCKCREST,WAY,,,,,,,,38.236728650,-85.453315708,0.264,6/22/2021 12:00:00 AM,1445,2,2,0,0,CLEAR,DRY,False,1 VEHICLE PARKED POSITION (NOT PARKING LOT/DRIVEWAY),SIDESWIPE-SAME DIRECTION,CURVE & GRADE,DAYLIGHT,,,6/23/2021 8:38:51 AM,False,7631,Accepted,
28286800,0568000,LOUISVILLE METRO POLICE DEPT,Accepted,JEFFERSON,,,BLUEGRASS,AVE,,,,,,,,38.179430143,-85.787537523,0.620,6/22/2021 12:00:00 AM,2330,1,1,0,0,CLEAR,DRY,False,COLLISION WITH FIXED OBJECT NON - INTERSECTION - FIRST EVENT COLLISION 09 - 32 EXCLUDING 16,SINGLE VEHICLE,STRAIGHT & LEVEL,DARK-HWY LIGHTED/ON,,,6/23/2021 8:39:12 AM,False,7560,Accepted,
28290778,0568000,LOUISVILLE METRO POLICE DEPT,Accepted,JEFFERSON,,818,4TH,ST,S,,,,GOLDEN RULE,,YORK,38.243566483,-85.758763395,0.909,6/22/2021 12:00:00 AM,0630,2,2,0,0,CLEAR,DRY,False,1 VEHICLE PARKED POSITION (NOT PARKING LOT/DRIVEWAY),REAR END,STRAIGHT & LEVEL,DAYLIGHT,,,6/24/2021 8:37:53 AM,False,7441,Accepted,
28295668,0560400,SHIVELY POLICE DEPARTMENT,Accepted,JEFFERSON,,,LILLIAN,AVE,,,SHARP,,,,,38.216381588,-85.781321164,0.708,6/22/2021 12:00:00 AM,1543,3,3,0,0,CLEAR,DRY,True,ANGLE COLLISION - OTHER,ANGLE,STRAIGHT & LEVEL,DAYLIGHT,,,6/25/2021 12:55:44 PM,False,7132,Accepted,
28304635,0568000,LOUISVILLE METRO POLICE DEPT,Accepted,JEFFERSON,KY1020,8161,NATIONAL,TPKE,,,,,,,,38.137793722,-85.753129288,4.433,6/22/2021 12:00:00 AM,1931,2,2,0,0,CLEAR,DRY,False,1 VEHICLE ENTERING/LEAVING ENTRANCE,ANGLE,STRAIGHT & LEVEL,DAYLIGHT,,,6/28/2021 8:35:44 AM,False,7232,Accepted,
28304640,0568000,LOUISVILLE METRO POLICE DEPT,Accepted,JEFFERSON,,,OAK,ST,W,,15TH,,,,,38.236647436,-85.778363361,1.261,6/21/2021 12:00:00 AM,1819,2,2,0,1,RAINING,WET,False,OPPOSITE DIRECTION - BOTH VEHICLES GOING STRAIGHT AHEAD,SIDESWIPE-OPPOSITE DIRECTION,STRAIGHT & LEVEL,DAYLIGHT,,,6/28/2021 8:36:06 AM,False,5272,Accepted,
28282456,0568000,LOUISVILLE METRO POLICE DEPT,Accepted,JEFFERSON,KY2052,6214,SHEPHERDSVILLE,RD,,,,,,,,38.157503461,-85.659848996,1.307,6/21/2021 12:00:00 AM,1507,2,2,0,1,CLOUDY,DRY,False,1 VEHICLE ENTERING/LEAVING ENTRANCE,ANGLE,STRAIGHT & LEVEL,DAYLIGHT,,,6/22/2021 8:46:09 AM,False,5005,Accepted,
28282463,0568000,LOUISVILLE METRO POLICE DEPT,Accepted,JEFFERSON,KY1931,,MANSLICK,RD,,,STEPHAN,,,,,38.168184128,-85.797282587,6.436,6/21/2021 12:00:00 AM,1837,3,3,0,0,RAINING,WET,False,OTHER INTERSECTION COLLISIONS,REAR END,STRAIGHT & GRADE,DAYLIGHT,,,6/22/2021 8:46:40 AM,False,5212,Accepted,
28282464,0568000,LOUISVILLE METRO POLICE DEPT,Accepted,JEFFERSON,,,BLANTON,LN,,,,,,,,38.151910972,-85.819500149,0.986,6/21/2021 12:00:00 AM,1942,2,2,0,0,CLOUDY,WET,True,OTHER ROADWAY OR MID-BLOCK COLLISION,REAR END,STRAIGHT & LEVEL,DUSK,,,6/22/2021 8:46:44 AM,False,7992,Accepted,
28282448,0568000,LOUISVILLE METRO POLICE DEPT,Accepted,JEFFERSON,,,38TH,ST,S,,,,,,,38.240190357,-85.816805739,1.424,6/21/2021 12:00:00 AM,0724,2,2,0,0,CLEAR,DRY,True,SIDESWIPE COLLISION - SAME DIRECTION,SIDESWIPE-SAME DIRECTION,CURVE & LEVEL,DAYLIGHT,,,6/22/2021 8:45:36 AM,False,5280,Accepted,
28282449,0568000,LOUISVILLE METRO POLICE DEPT,Accepted,JEFFERSON,KY1065,,OUTER,LOOP,,KY0907,3RD ST,,,,,38.127580633,-85.794745125,0.001,6/21/2021 12:00:00 AM,1135,2,2,0,0,CLOUDY,DRY,False,REAR END - ONE VEHICLE TURNING RIGHT,REAR END,STRAIGHT & LEVEL,DAYLIGHT,,,6/22/2021 8:45:41 AM,False,7496,Accepted,
28282446,0568000,LOUISVILLE METRO POLICE DEPT,Accepted,JEFFERSON,KY1020,,SOUTHERN,PKWY,,,FAIRMONT,,,,,38.195334037,-85.766810231,8.766,6/21/2021 12:00:00 AM,0922,2,2,0,4,CLEAR,DRY,False,ANGLE COLLISION - OTHER,ANGLE,STRAIGHT & LEVEL,DAYLIGHT,,,6/22/2021 8:45:28 AM,False,7872,Accepted,
28286778,0568000,LOUISVILLE METRO POLICE DEPT,Accepted,JEFFERSON,US0150,,BROADWAY,,E,,,,CLAY,KY0864,SHELBY,38.244830874,-85.741528358,3.304,6/21/2021 12:00:00 AM,0915,2,2,0,0,CLEAR,DRY,True,SIDESWIPE COLLISION - SAME DIRECTION,SIDESWIPE-SAME DIRECTION,STRAIGHT & LEVEL,DAYLIGHT,,,6/23/2021 8:37:46 AM,False,7823,Accepted,
28286771,0568000,LOUISVILLE METRO POLICE DEPT,Accepted,JEFFERSON,I 0065,,I65 S,,,,,,,,,38.136091631,-85.706550403,126.659,6/21/2021 12:00:00 AM,0831,2,2,0,0,CLEAR,DRY,True,SIDESWIPE COLLISION - SAME DIRECTION,SIDESWIPE-SAME DIRECTION,STRAIGHT & LEVEL,DAYLIGHT,,,6/23/2021 8:36:59 AM,False,7720,Accepted,
28282468,0568000,LOUISVILLE METRO POLICE DEPT,Accepted,JEFFERSON,US0031E,,BARDSTOWN,RD,,,,,,,,38.202883820,-85.664587145,11.342,6/21/2021 12:00:00 AM,2141,2,2,0,0,RAINING,WET,False,OTHER ROADWAY OR MID-BLOCK COLLISION,REAR END,STRAIGHT & LEVEL,DARK-HWY LIGHTED/ON,,,6/22/2021 8:47:04 AM,False,5305,Accepted,
28282459,0568000,LOUISVILLE METRO POLICE DEPT,Accepted,JEFFERSON,,,NORTON HEALTHCARE,BLVD,,,,,VON ALLMEN,KY0022,BROWNSBORO,38.311271657,-85.570565495,0.034,6/21/2021 12:00:00 AM,1647,2,2,0,0,RAINING,WATER (STANDING OR MOVING),True,OTHER ROADWAY OR MID-BLOCK COLLISION,REAR END,STRAIGHT & LEVEL,DAYLIGHT,,,6/22/2021 8:46:25 AM,False,7876,Accepted,
28282460,0568000,LOUISVILLE METRO POLICE DEPT,Accepted,JEFFERSON,KY1703,,NEWBURG,RD,,,RICHMOND,,,,,38.220357380,-85.709883004,4.111,6/21/2021 12:00:00 AM,1721,1,1,0,1,RAINING,WET,False,COLLISION WITH FIXED OBJECT IN INTERSECTION - FIRST EVENT COLLISION 09 - 32,SINGLE VEHICLE,STRAIGHT & GRADE,DAYLIGHT,,,6/22/2021 8:46:29 AM,False,7960,Accepted,
28286780,0568000,LOUISVILLE METRO POLICE DEPT,Accepted,JEFFERSON,US0031W,,DIXIE,HWY,,,,,,,,38.030231836,-85.915220866,2.549,6/21/2021 12:00:00 AM,2252,2,1,1,0,CLOUDY,DRY,False,COLLISION WITH PEDESTRIAN NON - INTERSECTION,SINGLE VEHICLE,STRAIGHT & LEVEL,DARK-HWY NOT LIGHTED,,,6/23/2021 8:37:53 AM,True,7772,Accepted,
28282452,0568000,LOUISVILLE METRO POLICE DEPT,Accepted,JEFFERSON,US0060A,,TAYLOR,BLVD,,,CENTRAL,,,,,38.206428912,-85.776111722,2.287,6/21/2021 12:00:00 AM,1155,2,2,0,0,CLEAR,DRY,False,OTHER INTERSECTION COLLISIONS,REAR END,STRAIGHT & LEVEL,DAYLIGHT,,,6/22/2021 8:45:52 AM,False,7725,Accepted,
28282453,0568000,LOUISVILLE METRO POLICE DEPT,Accepted,JEFFERSON,KY1065,,OUTER,LOOP,,,,,CAROL,,WOODCREST,38.138207606,-85.682095332,6.314,6/21/2021 12:00:00 AM,1328,2,2,0,0,CLOUDY,DRY,False,SIDESWIPE COLLISION - SAME DIRECTION,SIDESWIPE-SAME DIRECTION,STRAIGHT & LEVEL,DAYLIGHT,,,6/22/2021 8:45:56 AM,False,2324,Accepted,
28282470,0568000,LOUISVILLE METRO POLICE DEPT,Accepted,JEFFERSON,KY0061,,PRESTON,HWY,,,GILMORE,,,,,38.174780804,-85.712850517,6.870,6/21/2021 12:00:00 AM,2045,2,2,0,0,RAINING,WET,False,SIDESWIPE-SAME DIRECTION,SIDESWIPE-SAME DIRECTION,CURVE & LEVEL,DUSK,,,6/22/2021 8:47:13 AM,False,5174,Accepted,
28286797,0568000,LOUISVILLE METRO POLICE DEPT,Accepted,JEFFERSON,I 0064,,,,,,,,,,,38.258919665,-85.741155311,0.127,6/21/2021 12:00:00 AM,1749,1,1,0,0,RAINING,WET,False,OTHER RAMP RELATED COLLISIONS NOT LISTED ABOVE,SINGLE VEHICLE,CURVE & GRADE,DAYLIGHT,I 0064,I 0071,6/23/2021 8:39:08 AM,False,8278,Accepted,
28278406,0568000,LOUISVILLE METRO POLICE DEPT,Accepted,JEFFERSON,,,INDIAN,TRL,E,,JEANINE,,,,,38.170693819,-85.688646918,0.994,6/21/2021 12:00:00 AM,0437,1,1,0,2,CLEAR,DRY,False,COLLISION WITH FIXED OBJECT IN INTERSECTION - FIRST EVENT COLLISION 09 - 32,SINGLE VEHICLE,STRAIGHT & LEVEL,DARK-HWY LIGHTED/ON,,,6/21/2021 8:33:04 AM,False,5269,Accepted,
28282451,0568000,LOUISVILLE METRO POLICE DEPT,Accepted,JEFFERSON,KY1747,,HURSTBOURNE,PKWY,,,WATTERSON,,,,,38.162959492,-85.612996692,6.860,6/21/2021 12:00:00 AM,1123,2,2,0,2,CLOUDY,DRY,False,ANGLE COLLISION - OTHER,ANGLE,STRAIGHT & LEVEL,DAYLIGHT,,,6/22/2021 8:45:48 AM,False,4693,Accepted,
28304696,0568000,LOUISVILLE METRO POLICE DEPT,Accepted,JEFFERSON,I 0264,,I264 E,,,,,I 0065,I264 E EXIT12 ON RAMP,I 0264,I264 E EXIT14 OFF RAMP TO KY864,38.191582533,-85.714523832,12.907,6/21/2021 12:00:00 AM,1755,2,2,0,1,RAINING,WET,False,REAR END IN TRAFFIC LANES BOTH VEHICLES MOVING,REAR END,CURVE & GRADE,DAYLIGHT,,,6/28/2021 8:38:18 AM,False,7938,Accepted,
28304763,0568000,LOUISVILLE METRO POLICE DEPT,Accepted,JEFFERSON,US0031W,15514,DIXIE,HWY,,,,,,,,38.026728878,-85.916511132,2.267,6/21/2021 12:00:00 AM,2252,1,1,0,0,CLEAR,DRY,False,RAN OFF ROADWAY (1 VEHICLE WITH/EARTH EMBANKMENT/DITCH),SINGLE VEHICLE,STRAIGHT & LEVEL,DARK-HWY LIGHTED/OFF,,,6/28/2021 8:42:18 AM,False,7720,Accepted,
28304764,0568000,LOUISVILLE METRO POLICE DEPT,Accepted,JEFFERSON,US0031W,15514,DIXIE,HWY,,,,,,,,38.026836686,-85.916315736,2.304,6/21/2021 12:00:00 AM,2252,1,1,0,0,CLEAR,DRY,False,OTHER ROADWAY OR MID-BLOCK COLLISION,SINGLE VEHICLE,STRAIGHT & LEVEL,DARK-HWY LIGHTED/OFF,,,6/28/2021 8:42:24 AM,True,7720,Accepted,
28304636,0568000,LOUISVILLE METRO POLICE DEPT,Accepted,JEFFERSON,KY0155,,TAYLORSVILLE,RD,,,,,,,,38.221226171,-85.648192877,14.544,6/21/2021 12:00:00 AM,1624,4,4,0,1,RAINING,WET,False,1 VEHICLE ENTERING/LEAVING ENTRANCE,ANGLE,STRAIGHT & LEVEL,DAYLIGHT,,,6/28/2021 8:35:49 AM,False,5365,Accepted,
28318420,0568000,LOUISVILLE METRO POLICE DEPT,Accepted,JEFFERSON,,,MARKET,ST,W,,30TH,,,,,38.260283478,-85.800860519,0.791,6/21/2021 12:00:00 AM,2047,2,2,0,1,CLEAR,DRY,False,ANGLE COLLISION - OTHER,ANGLE,STRAIGHT & LEVEL,DAYLIGHT,,,7/1/2021 9:22:44 AM,False,7190,Accepted,
28357951,0568000,LOUISVILLE METRO POLICE DEPT,Accepted,JEFFERSON,KY0864,4908,POPLAR LEVEL,RD,,,,,RANGELAND,,INDIAN,38.170224083,-85.683830206,9.108,6/21/2021 12:00:00 AM,1906,2,2,0,0,CLOUDY,WET,False,1 VEHICLE PARKED POSITION (NOT PARKING LOT/DRIVEWAY),ANGLE,STRAIGHT & LEVEL,DAYLIGHT,,,7/12/2021 8:38:13 AM,False,5053,Accepted,
28522100,0568000,LOUISVILLE METRO POLICE DEPT,Accepted,JEFFERSON,I 0264,,,,,,,,,,,38.224771082,-85.821927711,0.116,6/20/2021 12:00:00 AM,1653,2,2,0,1,CLEAR,DRY,False,OTHER RAMP RELATED COLLISIONS NOT LISTED ABOVE,REAR END,STRAIGHT & LEVEL,DAYLIGHT,KY2056,I 0264,8/16/2021 7:44:43 AM,True,5208,Accepted,
28388936,0568000,LOUISVILLE METRO POLICE DEPT,Accepted,JEFFERSON,,,1ST,ST,S,,,,JEFFERSON,,LIBERTY,38.253409631,-85.752143619,0.185,6/20/2021 12:00:00 AM,0930,2,2,0,0,CLEAR,DRY,False,COLLISION IN PARKING LOT,BACKING,STRAIGHT & LEVEL,DAYLIGHT,,,7/20/2021 2:36:23 PM,False,7694,Accepted,
28294884,0568000,LOUISVILLE METRO POLICE DEPT,Accepted,JEFFERSON,US0031E,,BARDSTOWN,RD,,,BROOKRIDGE VILLAGE,,,,,38.145126603,-85.584888688,5.197,6/20/2021 12:00:00 AM,1240,2,2,0,0,CLOUDY,DRY,False,COLLISION WITH FIXED OBJECT IN INTERSECTION - FIRST EVENT COLLISION 09 - 32,REAR END,STRAIGHT & LEVEL,DAYLIGHT,,,6/25/2021 8:42:54 AM,False,2583,Accepted,
28294876,0568000,LOUISVILLE METRO POLICE DEPT,Accepted,JEFFERSON,,,4TH,ST,S,,HEYWOOD,,,,,38.206412143,-85.765340192,3.496,6/20/2021 12:00:00 AM,1559,2,2,0,0,CLOUDY,DRY,False,ANGLE COLLISION - OTHER,ANGLE,STRAIGHT & LEVEL,DAYLIGHT,,,6/25/2021 8:42:37 AM,False,5372,Accepted,
28294859,0568000,LOUISVILLE METRO POLICE DEPT,Accepted,JEFFERSON,US0150,,BROADWAY,,W,,,,4TH,KY1020,3RD,38.246027399,-85.757669607,2.422,6/20/2021 12:00:00 AM,1435,2,2,0,1,CLEAR,DRY,False,SIDESWIPE COLLISION - SAME DIRECTION,SIDESWIPE-SAME DIRECTION,STRAIGHT & LEVEL,DAYLIGHT,,,6/25/2021 8:41:57 AM,False,2854,Accepted,
28278357,0568000,LOUISVILLE METRO POLICE DEPT,Accepted,JEFFERSON,,4100,MURPHY,LN,,,,,,,,38.303107580,-85.533424250,0.088,6/20/2021 12:00:00 AM,1331,2,2,0,0,CLEAR,DRY,True,1 VEHICLE ENTERING/LEAVING ENTRANCE,ANGLE,STRAIGHT & HILLCREST,DAYLIGHT,,,6/21/2021 8:29:46 AM,False,7339,Accepted,
28278374,0568000,LOUISVILLE METRO POLICE DEPT,Accepted,JEFFERSON,,,MILES,LN,,KY0061,PRESTON,,,,,38.124285257,-85.679270341,0.005,6/20/2021 12:00:00 AM,1730,2,2,0,0,CLEAR,DRY,False,HEAD-ON COLLISION,HEAD ON,STRAIGHT & LEVEL,DAYLIGHT,,,6/21/2021 8:30:15 AM,False,5026,Accepted,
28278389,0568000,LOUISVILLE METRO POLICE DEPT,Accepted,JEFFERSON,,5311,COOPER CHAPEL,RD,,,CHARLESWOOD,,,,,38.103448203,-85.662696384,0.538,6/20/2021 12:00:00 AM,1323,1,1,0,0,CLEAR,DRY,False,COLLISION WITH FIXED OBJECT IN INTERSECTION - FIRST EVENT COLLISION 09 - 32,SINGLE VEHICLE,STRAIGHT & LEVEL,DAYLIGHT,,,6/21/2021 8:31:30 AM,False,5363,Accepted,
28278390,0568000,LOUISVILLE METRO POLICE DEPT,Accepted,JEFFERSON,,,ROY WILKINS,AVE,,US0031W,MAIN,,,,,38.257588666,-85.765447376,0.025,6/20/2021 12:00:00 AM,1526,2,2,0,0,CLEAR,DRY,False,OTHER INTERSECTION COLLISIONS,REAR END,STRAIGHT & LEVEL,DAYLIGHT,,,6/21/2021 8:31:37 AM,False,5338,Accepted,
28278397,0568000,LOUISVILLE METRO POLICE DEPT,Accepted,JEFFERSON,,,MYRTLE,ST,,,,,,,,38.231009477,-85.766865741,0.129,6/20/2021 12:00:00 AM,0700,2,2,0,1,CLEAR,DRY,True,1 VEHICLE ENTERING/LEAVING ENTRANCE,ANGLE,STRAIGHT & LEVEL,DAYLIGHT,,,6/21/2021 8:32:19 AM,False,7360,Accepted,
28278398,0568000,LOUISVILLE METRO POLICE DEPT,Accepted,JEFFERSON,KY0061,,PRESTON,HWY,,,MARKWELL,,,,,38.140001549,-85.687667491,4.072,6/20/2021 12:00:00 AM,2024,2,2,0,1,CLEAR,DRY,False,HEAD-ON COLLISION,HEAD ON,STRAIGHT & LEVEL,DAYLIGHT,,,6/21/2021 8:32:29 AM,False,5141,Accepted,