IncidentID,AgencyORI,AgencyName,IncidentStatusDesc,County,RdwyNumber,Street,RoadwayName,StreetSfx,StreetDir,IntersectionRdwy,IntersectionRdwyName,BetweenStRdwy1,BetweenStRdwyName1,BetweenStRdwy2,BetweenStRdwyName2,Latitude,Longitude,Milepoint,CollisionDate,CollisionTime,UnitsInvolved,MotorVehiclesInvolved,NumberKilled,NumberInjured,Weather,RdwyConditionCode,HitandRun,DirAnalysisCode,MannerofCollision,RdwyCharacter,LightCondition,RampFromRdwyId,RampToRdwyId,AcceptedDate,IsSecondaryCollision,OwnerBadge,IncidentStatus,
28278333,0568000,LOUISVILLE METRO POLICE DEPT,Accepted,JEFFERSON,,,DIXIE,HWY,,,BURNETT,,,,,38.230432182,-85.789636514,1.280,6/20/2021 12:00:00 AM,0430,1,1,0,0,CLEAR,DRY,False,COLLISION WITH FIXED OBJECT IN INTERSECTION - FIRST EVENT COLLISION 09 - 32,SINGLE VEHICLE,STRAIGHT & LEVEL,DARK-HWY LIGHTED/ON,,,6/21/2021 8:28:20 AM,False,7461,Accepted,
28278349,0568000,LOUISVILLE METRO POLICE DEPT,Accepted,JEFFERSON,I 0264,,I264 W,,,I 0264,I264 W EXIT16 OFF RAMP TO US31E,,,,,38.214422567,-85.665655235,16.049,6/20/2021 12:00:00 AM,0929,1,1,0,2,CLEAR,DRY,False,OTHER INTERSECTION COLLISIONS,SINGLE VEHICLE,STRAIGHT & LEVEL,DAYLIGHT,,,6/21/2021 8:29:35 AM,False,7284,Accepted,
28278392,0568000,LOUISVILLE METRO POLICE DEPT,Accepted,JEFFERSON,KY2053,,THIXTON,LN,,,VISTA HILLS,,,,,38.100654624,-85.566750209,7.121,6/20/2021 12:00:00 AM,1345,2,2,0,0,CLOUDY,DRY,False,ANGLE COLLISION - OTHER,ANGLE,STRAIGHT & LEVEL,DAYLIGHT,,,6/21/2021 8:31:51 AM,False,2583,Accepted,
28278400,0568000,LOUISVILLE METRO POLICE DEPT,Accepted,JEFFERSON,KY1747,,HURSTBOURNE,PKWY,S,,,,STONY BROOK,KY1747,KY1747 CROSSOVER,38.171698128,-85.604481132,7.676,6/20/2021 12:00:00 AM,2150,3,3,0,1,CLEAR,DRY,False,REAR END IN TRAFFIC LANES BOTH VEHICLES MOVING,REAR END,STRAIGHT & LEVEL,DARK-HWY NOT LIGHTED,,,6/21/2021 8:32:41 AM,False,2775,Accepted,
28278331,0568000,LOUISVILLE METRO POLICE DEPT,Accepted,JEFFERSON,US0150,,BROADWAY,,W,,5TH,,,,,38.246152346,-85.760072342,2.295,6/20/2021 12:00:00 AM,0003,2,2,0,1,CLEAR,DRY,False,ANGLE COLLISION - OTHER,ANGLE,STRAIGHT & LEVEL,DARK-HWY LIGHTED/ON,,,6/21/2021 8:28:08 AM,False,5331,Accepted,
28283921,0560400,SHIVELY POLICE DEPARTMENT,Accepted,JEFFERSON,I 0264,,I264 E,,,I 0264,I264 E EXIT8 ON RAMP FROM US31W N,,,,,38.185620363,-85.806232844,7.854,6/20/2021 12:00:00 AM,1327,2,2,0,0,CLEAR,DRY,True,SIDESWIPE-SAME DIRECTION,SIDESWIPE-SAME DIRECTION,CURVE & LEVEL,DAYLIGHT,,,6/22/2021 3:11:46 PM,False,7088,Accepted,
28537027,0568000,LOUISVILLE METRO POLICE DEPT,Accepted,JEFFERSON,I 0264,,I264 W,,,,39TH,,,,,38.223157044,-85.822171788,3.991,6/20/2021 12:00:00 AM,1653,2,1,0,0,CLEAR,DRY,True,OTHER INTERSECTION COLLISIONS,REAR END,STRAIGHT & LEVEL,DAYLIGHT,,,8/19/2021 12:21:52 PM,False,5208,Accepted,
28440772,0568000,LOUISVILLE METRO POLICE DEPT,Accepted,JEFFERSON,I 0065,,,,,,,,,,,38.111431980,-85.700999306,0.149,6/20/2021 12:00:00 AM,0330,1,1,0,0,CLEAR,DRY,False,COLLISION WITH FIXED OBJECT NOT IN GORE ,SINGLE VEHICLE,CURVE & GRADE,DARK-HWY NOT LIGHTED,I 0065,I 0265,7/28/2021 8:16:22 AM,False,5198,Accepted,
28278353,0568000,LOUISVILLE METRO POLICE DEPT,Accepted,JEFFERSON,KY1931,,MANSLICK,RD,,,,,,,,38.155453701,-85.801892805,5.491,6/20/2021 12:00:00 AM,1138,2,2,0,1,CLEAR,DRY,False,OTHER ROADWAY OR MID-BLOCK COLLISION,REAR END,STRAIGHT & HILLCREST,DAYLIGHT,,,6/21/2021 8:29:42 AM,False,7244,Accepted,
28278336,0568000,LOUISVILLE METRO POLICE DEPT,Accepted,JEFFERSON,KY1447,,WESTPORT,RD,,,MAPLE FOREST,,,,,38.302287340,-85.516569397,8.531,6/20/2021 12:00:00 AM,0209,1,1,0,1,CLEAR,DRY,False,COLLISION WITH FIXED OBJECT IN INTERSECTION - FIRST EVENT COLLISION 09 - 32,SINGLE VEHICLE,CURVE & LEVEL,DARK-HWY NOT LIGHTED,,,6/21/2021 8:28:44 AM,False,5056,Accepted,
28278334,0568000,LOUISVILLE METRO POLICE DEPT,Accepted,JEFFERSON,,414,MCCREADY,AVE,,,,US0060A,LEXINGTON,,RICHARD,38.250092643,-85.671474087,0.344,6/20/2021 12:00:00 AM,0420,2,2,0,0,CLEAR,DRY,True,1 VEHICLE PARKED POSITION (NOT PARKING LOT/DRIVEWAY),ANGLE,STRAIGHT & LEVEL,DARK-HWY LIGHTED/ON,,,6/21/2021 8:28:31 AM,False,7544,Accepted,
28278343,0568000,LOUISVILLE METRO POLICE DEPT,Accepted,JEFFERSON,,,15TH,ST,S,,MUHAMMAD ALI,,,,,38.253154349,-85.775685049,1.926,6/20/2021 12:00:00 AM,0005,3,3,0,1,CLEAR,DRY,False,ANGLE COLLISION - OTHER,ANGLE,STRAIGHT & LEVEL,DARK-HWY LIGHTED/ON,,,6/21/2021 8:29:15 AM,False,5008,Accepted,
28278360,0568000,LOUISVILLE METRO POLICE DEPT,Accepted,JEFFERSON,I 0264,,I264 E,,,,,I 0264,I264 E EXIT3 OFF RAMP TO  HALE AVE,I 0264,I264 E EXIT3 ON RAMP FROM  HALE AVE,38.236410921,-85.817752577,3.027,6/20/2021 12:00:00 AM,1406,1,1,0,1,CLEAR,DRY,False,OTHER COLLISIONS ON SHOULDER,SINGLE VEHICLE,STRAIGHT & LEVEL,DAYLIGHT,,,6/21/2021 8:29:51 AM,False,7328,Accepted,
28278370,0568000,LOUISVILLE METRO POLICE DEPT,Accepted,JEFFERSON,US0031W,,DIXIE,HWY,,,BLANTON,,,,,38.157376300,-85.834091162,12.534,6/20/2021 12:00:00 AM,1635,2,2,0,0,CLEAR,DRY,False,ANGLE COLLISION - ONE VEHICLE TURNING LEFT,ANGLE,STRAIGHT & LEVEL,DAYLIGHT,,,6/21/2021 8:30:07 AM,False,2457,Accepted,
28278393,0568000,LOUISVILLE METRO POLICE DEPT,Accepted,JEFFERSON,,,DIXIE,HWY,,KY2054,ALGONQUIN,,,,,38.223179472,-85.792542651,1.866,6/20/2021 12:00:00 AM,1513,2,2,0,1,CLEAR,DRY,False,OTHER INTERSECTION COLLISIONS,REAR END,STRAIGHT & LEVEL,DAYLIGHT,,,6/21/2021 8:31:55 AM,False,5232,Accepted,
28278394,0568000,LOUISVILLE METRO POLICE DEPT,Accepted,JEFFERSON,I 0264,,I264 W,,,,,,,,,38.237600476,-85.816918113,2.939,6/20/2021 12:00:00 AM,1653,2,2,0,0,CLEAR,DRY,True,REAR END IN TRAFFIC LANES BOTH VEHICLES MOVING,REAR END,STRAIGHT & LEVEL,DAYLIGHT,,,6/21/2021 8:31:59 AM,False,5232,Accepted,
28278401,0568000,LOUISVILLE METRO POLICE DEPT,Accepted,JEFFERSON,,,CRUMS,LN,S,,POPPY,,,,,38.194739920,-85.835948721,0.315,6/20/2021 12:00:00 AM,2022,2,2,0,1,CLEAR,DRY,False,OPPOSING LEFT TURN,OPPOSING LEFT TURN,CURVE & LEVEL,DAYLIGHT,,,6/21/2021 8:32:46 AM,False,7466,Accepted,
28278402,0568000,LOUISVILLE METRO POLICE DEPT,Accepted,JEFFERSON,I 0264,,I264 E,,,,,,,,,38.253763439,-85.805922032,1.644,6/20/2021 12:00:00 AM,2218,2,2,0,0,CLEAR,DRY,True,1 VEHICLE ENTERING/LEAVING ENTRANCE,ANGLE,STRAIGHT & LEVEL,DARK-HWY LIGHTED/ON,,,6/21/2021 8:32:51 AM,False,5047,Accepted,
28278403,0568000,LOUISVILLE METRO POLICE DEPT,Accepted,JEFFERSON,KY1020,,3RD,ST,S,US0060A,WINKLER,,,,,38.210089891,-85.763059452,9.861,6/20/2021 12:00:00 AM,2315,2,1,0,1,CLEAR,DRY,False,COLLISION WITH BICYCLE IN INTERSECTION,SINGLE VEHICLE,STRAIGHT & LEVEL,DARK-HWY LIGHTED/ON,,,6/21/2021 8:32:55 AM,False,5319,Accepted,
28294883,0568000,LOUISVILLE METRO POLICE DEPT,Accepted,JEFFERSON,KY0841,,GENE SNYDER,FWY,,,,KY2055,MANSLICK,KY0841,KY841 RAMP TO  STONESTREET RD,38.110927166,-85.803390858,4.466,6/20/2021 12:00:00 AM,1555,1,1,0,0,CLOUDY,DRY,False,OTHER ROADWAY OR MID-BLOCK COLLISION,SINGLE VEHICLE,STRAIGHT & LEVEL,DAYLIGHT,,,6/25/2021 8:42:51 AM,False,2583,Accepted,
28294848,0568000,LOUISVILLE METRO POLICE DEPT,Accepted,JEFFERSON,KY1865,,NEW CUT,RD,,,CANDLELIGHT,,,,,38.129804374,-85.773832651,1.532,6/20/2021 12:00:00 AM,1644,2,2,0,0,CLEAR,DRY,False,ANGLE COLLISION - ONE VEHICLE TURNING LEFT,ANGLE,STRAIGHT & GRADE,DAYLIGHT,,,6/25/2021 8:41:28 AM,False,7232,Accepted,
28290797,0568000,LOUISVILLE METRO POLICE DEPT,Accepted,JEFFERSON,,6212,BETHANY,LN,,,,,,,,38.096712511,-85.876040790,0.138,6/20/2021 12:00:00 AM,1823,2,2,0,1,CLEAR,DRY,False,SIDESWIPE COLLISION - SAME DIRECTION,SIDESWIPE-SAME DIRECTION,STRAIGHT & LEVEL,DAYLIGHT,,,6/24/2021 8:39:12 AM,False,7365,Accepted,
28290785,0568000,LOUISVILLE METRO POLICE DEPT,Accepted,JEFFERSON,,905,JEFFERSON,ST,E,,,,,,,38.251541322,-85.735930211,0.165,6/19/2021 12:00:00 AM,0200,2,2,0,0,CLEAR,DRY,True,1 VEHICLE PARKED POSITION (NOT PARKING LOT/DRIVEWAY),REAR END,STRAIGHT & LEVEL,DARK-HWY LIGHTED/ON,,,6/24/2021 8:38:21 AM,False,2764,Accepted,
28278337,0568000,LOUISVILLE METRO POLICE DEPT,Accepted,JEFFERSON,,616,ASHLAND,AVE,W,,,,,,,38.186583851,-85.783332440,0.967,6/19/2021 12:00:00 AM,2330,3,3,0,0,CLEAR,DRY,True,1 VEHICLE PARKED POSITION (NOT PARKING LOT/DRIVEWAY),SIDESWIPE-OPPOSITE DIRECTION,STRAIGHT & LEVEL,DARK-HWY LIGHTED/ON,,,6/21/2021 8:28:56 AM,False,5337,Accepted,
28278309,0568000,LOUISVILLE METRO POLICE DEPT,Accepted,JEFFERSON,I 0071,,,,,,,,,,,38.290377349,-85.643856339,0.018,6/19/2021 12:00:00 AM,1115,1,1,0,0,CLOUDY,DRY,False,COLLISION WITH FIXED OBJECT NOT IN GORE ,SINGLE VEHICLE,CURVE & GRADE,DAYLIGHT,I 0071,I 0264,6/21/2021 8:27:00 AM,False,7313,Accepted,
28278320,0568000,LOUISVILLE METRO POLICE DEPT,Accepted,JEFFERSON,,,JEFFERSON,ST,E,,,,BROOK,,1ST,38.253280234,-85.751811924,1.037,6/19/2021 12:00:00 AM,1443,2,2,0,0,CLEAR,DRY,False,SIDESWIPE COLLISION - SAME DIRECTION,SIDESWIPE-SAME DIRECTION,STRAIGHT & LEVEL,DAYLIGHT,,,6/21/2021 8:27:32 AM,False,7229,Accepted,
28278329,0568000,LOUISVILLE METRO POLICE DEPT,Accepted,JEFFERSON,US0031E,,MARKET,ST,E,KY0061,PRESTON,,,,,38.254036619,-85.746101009,17.373,6/19/2021 12:00:00 AM,2152,2,2,0,0,CLEAR,DRY,False,ANGLE COLLISION - OTHER,ANGLE,STRAIGHT & LEVEL,DAYLIGHT,,,6/21/2021 8:28:00 AM,False,7386,Accepted,
28278301,0568000,LOUISVILLE METRO POLICE DEPT,Accepted,JEFFERSON,,,26TH,ST,S,,GARLAND,,,,,38.244666960,-85.795453507,1.113,6/19/2021 12:00:00 AM,0305,2,2,0,0,CLEAR,DRY,False,OPPOSING LEFT TURN,OPPOSING LEFT TURN,STRAIGHT & LEVEL,DARK-HWY LIGHTED/ON,,,6/21/2021 8:26:28 AM,False,5229,Accepted,
28273138,0560300,ST. MATTHEWS POLICE DEPARTMENT,Accepted,JEFFERSON,US0060,5000,SHELBYVILLE,RD,,,,,,,,38.249625931,-85.623655464,5.315,6/19/2021 12:00:00 AM,1113,2,2,0,0,CLOUDY,DRY,False,COLLISION IN PARKING LOT,BACKING,STRAIGHT & GRADE,DAYLIGHT,,,6/19/2021 3:42:26 PM,False,9150,Accepted,
28278284,0568000,LOUISVILLE METRO POLICE DEPT,Accepted,JEFFERSON,,,ELLWOOD,AVE,,US0031E,BARDSTOWN,,,,,38.237782936,-85.719836131,0.005,6/19/2021 12:00:00 AM,0248,2,2,0,0,CLEAR,DRY,True,VEHICLE BACKING IN INTERSECTION,BACKING,STRAIGHT & LEVEL,DARK-HWY LIGHTED/ON,,,6/21/2021 8:25:48 AM,False,5195,Accepted,
28278346,0568000,LOUISVILLE METRO POLICE DEPT,Accepted,JEFFERSON,,,FRANKFORT,AVE,,,RIVER,,,,,38.264473581,-85.725316363,0.500,6/19/2021 12:00:00 AM,1910,2,2,0,0,CLEAR,DRY,False,OPPOSITE DIRECTION - BOTH VEHICLES GOING STRAIGHT AHEAD,SIDESWIPE-OPPOSITE DIRECTION,STRAIGHT & LEVEL,DAYLIGHT,,,6/21/2021 8:29:27 AM,False,7058,Accepted,
28278396,0568000,LOUISVILLE METRO POLICE DEPT,Accepted,JEFFERSON,,,BOXLEY,AVE,,KY1631,CRITTENDEN,,,,,38.205401238,-85.750891106,0.005,6/19/2021 12:00:00 AM,1732,2,2,0,2,CLEAR,DRY,True,ANGLE COLLISION - ONE VEHICLE TURNING RIGHT,ANGLE,STRAIGHT & LEVEL,DAYLIGHT,,,6/21/2021 8:32:11 AM,False,7116,Accepted,
28278327,0568000,LOUISVILLE METRO POLICE DEPT,Accepted,JEFFERSON,I 0065,,,,,,,,,,,38.251425127,-85.752072609,0.035,6/19/2021 12:00:00 AM,0915,1,1,0,0,RAINING,WET,False,OVERTURNED ON RAMP,SINGLE VEHICLE,CURVE & GRADE,DAYLIGHT,S 1ST ST,I 0065,6/21/2021 8:27:53 AM,False,2854,Accepted,
28278335,0568000,LOUISVILLE METRO POLICE DEPT,Accepted,JEFFERSON,I 0264,,I264 W,,,,,,,,,38.218733164,-85.822296974,4.300,6/19/2021 12:00:00 AM,2041,2,2,0,0,CLEAR,DRY,False,OTHER ROADWAY OR MID-BLOCK COLLISION,REAR TO REAR,STRAIGHT & LEVEL,DUSK,,,6/21/2021 8:28:37 AM,False,7312,Accepted,
28283911,0560400,SHIVELY POLICE DEPARTMENT,Accepted,JEFFERSON,I 0264,,,,,,,,,,,38.186868532,-85.811708141,0.386,6/19/2021 12:00:00 AM,1943,2,2,0,0,CLEAR,DRY,False,OTHER RAMP RELATED COLLISIONS NOT LISTED ABOVE,REAR END,STRAIGHT & GRADE,DAYLIGHT,I 0264,US31W N,6/22/2021 3:11:35 PM,False,7114,Accepted,
28278289,0568000,LOUISVILLE METRO POLICE DEPT,Accepted,JEFFERSON,US0060A,,CHEROKEE,PKWY,,US0060A,GRINSTEAD,,,,,38.243307522,-85.705354361,7.750,6/19/2021 12:00:00 AM,0041,2,1,0,1,CLEAR,DRY,True,COLLISION WITH PEDESTRIAN IN INTERSECTION,SINGLE VEHICLE,STRAIGHT & LEVEL,DARK-HWY LIGHTED/ON,,,6/21/2021 8:25:55 AM,False,5362,Accepted,
28278324,0568000,LOUISVILLE METRO POLICE DEPT,Accepted,JEFFERSON,,4300,CORAM,WAY,,,,,,,,38.181249179,-85.640237434,,6/19/2021 12:00:00 AM,1244,1,1,0,0,CLEAR,DRY,True,COLLISION IN PARKING LOT,SINGLE VEHICLE,STRAIGHT & LEVEL,UNKNOWN,,,6/21/2021 8:27:42 AM,False,7864,Accepted,
28278472,0568000,LOUISVILLE METRO POLICE DEPT,Accepted,JEFFERSON,KY0061,,PRESTON,HWY,,,MORGAN,,,,,38.193044601,-85.728586606,8.382,6/19/2021 12:00:00 AM,1750,2,2,0,2,CLEAR,DRY,False,ANGLE COLLISION - OTHER,ANGLE,STRAIGHT & LEVEL,DAYLIGHT,,,6/21/2021 8:49:43 AM,False,5335,Accepted,
28278339,0568000,LOUISVILLE METRO POLICE DEPT,Accepted,JEFFERSON,KY1934,4350,CANE RUN,RD,,,KRISTIN,,,,,38.198297376,-85.838965066,9.072,6/19/2021 12:00:00 AM,2141,2,2,0,0,CLEAR,DRY,True,VEHICLE BACKING IN INTERSECTION,BACKING,STRAIGHT & LEVEL,DARK-HWY LIGHTED/ON,,,6/21/2021 8:29:02 AM,False,5325,Accepted,
28278306,0568000,LOUISVILLE METRO POLICE DEPT,Accepted,JEFFERSON,I 0065,,I65 S COLLECTOR DISTRIBUTOR,,,I 0064,I64 W RAMP TO I65,,,,,38.259324583,-85.742278227,1.013,6/19/2021 12:00:00 AM,0914,1,1,0,1,CLOUDY,WET,False,OTHER INTERSECTION COLLISIONS,SINGLE VEHICLE,CURVE & HILLCREST,DAYLIGHT,,,6/21/2021 8:26:49 AM,False,7229,Accepted,
28278307,0568000,LOUISVILLE METRO POLICE DEPT,Accepted,JEFFERSON,,,BRECKINRIDGE,ST,E,KY0061,JACKSON,,,,,38.240523449,-85.746392274,1.175,6/19/2021 12:00:00 AM,0820,2,2,0,1,CLOUDY,DRY,False,ANGLE COLLISION - OTHER,ANGLE,STRAIGHT & LEVEL,DAYLIGHT,,,6/21/2021 8:26:52 AM,False,5180,Accepted,
28278322,0568000,LOUISVILLE METRO POLICE DEPT,Accepted,JEFFERSON,US0031W,107101,DIXIE,HWY,,,,,,,,38.098637560,-85.872127327,7.947,6/19/2021 12:00:00 AM,1540,2,2,0,0,CLEAR,DRY,False,REAR END IN TRAFFIC LANES BOTH VEHICLES MOVING,REAR END,STRAIGHT & LEVEL,DAYLIGHT,,,6/21/2021 8:27:38 AM,False,5374,Accepted,
28278341,0568000,LOUISVILLE METRO POLICE DEPT,Accepted,JEFFERSON,KY1934,,CANE RUN,RD,,,FARNSLEY,,,,,38.202611093,-85.833141013,9.519,6/19/2021 12:00:00 AM,2245,2,2,0,4,CLEAR,DRY,False,ANGLE COLLISION - ONE VEHICLE TURNING LEFT,ANGLE,STRAIGHT & LEVEL,DARK-HWY LIGHTED/ON,,,6/21/2021 8:29:07 AM,False,5325,Accepted,
28278342,0568000,LOUISVILLE METRO POLICE DEPT,Accepted,JEFFERSON,,17737,BRADBE,RD,,,,,,,,38.151384081,-85.445596773,1.273,6/19/2021 12:00:00 AM,2048,1,1,0,1,CLEAR,DRY,False,COLLISION WITH FIXED OBJECT NON - INTERSECTION - FIRST EVENT COLLISION 09 - 32 EXCLUDING 16,SINGLE VEHICLE,CURVE & LEVEL,DAYLIGHT,,,6/21/2021 8:29:12 AM,False,5141,Accepted,
28278332,0568000,LOUISVILLE METRO POLICE DEPT,Accepted,JEFFERSON,KY2845,,MANSLICK,RD,E,KY0061,PRESTON,,,,,38.118073765,-85.677239848,0.001,6/19/2021 12:00:00 AM,2359,2,2,0,0,CLEAR,DRY,True,ANGLE COLLISION - OTHER,ANGLE,STRAIGHT & LEVEL,DARK-HWY LIGHTED/ON,,,6/21/2021 8:28:13 AM,False,5264,Accepted,
28278383,0568000,LOUISVILLE METRO POLICE DEPT,Accepted,JEFFERSON,KY0864,,POPLAR LEVEL,RD,,,,,,,,38.210658427,-85.717448720,12.511,6/18/2021 12:00:00 AM,1300,1,1,0,0,CLEAR,DRY,False,COLLISION WITH FIXED OBJECT NON - INTERSECTION - FIRST EVENT COLLISION 09 - 32 EXCLUDING 16,SINGLE VEHICLE,STRAIGHT & LEVEL,DAYLIGHT,,,6/21/2021 8:30:32 AM,False,5335,Accepted,
28278282,0568000,LOUISVILLE METRO POLICE DEPT,Accepted,JEFFERSON,,,FERN CREEK,RD,,,MOSSY OAKS,,,,,38.159184711,-85.584543679,1.201,6/18/2021 12:00:00 AM,1940,2,2,0,1,CLEAR,DRY,False,OTHER INTERSECTION COLLISIONS,REAR END,STRAIGHT & LEVEL,DAYLIGHT,,,6/21/2021 8:25:41 AM,False,2775,Accepted,
28278283,0568000,LOUISVILLE METRO POLICE DEPT,Accepted,JEFFERSON,I 0064,,I64 E,,,,,,,,,38.259475100,-85.738781806,5.608,6/18/2021 12:00:00 AM,2143,2,2,0,0,CLEAR,DRY,True,SIDESWIPE COLLISION - SAME DIRECTION,SIDESWIPE-SAME DIRECTION,CURVE & GRADE,DARK-HWY LIGHTED/ON,,,6/21/2021 8:25:45 AM,False,5295,Accepted,
28278292,0568000,LOUISVILLE METRO POLICE DEPT,Accepted,JEFFERSON,KY1865,4001,TAYLOR,BLVD,,,,,,,,38.186150912,-85.783906906,5.496,6/18/2021 12:00:00 AM,2246,1,1,0,0,CLEAR,DRY,False,COLLISION IN PARKING LOT,SINGLE VEHICLE,STRAIGHT & GRADE,DARK-HWY LIGHTED/ON,,,6/21/2021 8:25:59 AM,False,5386,Accepted,
28278330,0568000,LOUISVILLE METRO POLICE DEPT,Accepted,JEFFERSON,I 0265,,,,,,,,,,,38.309127762,-85.573060748,0.191,6/18/2021 12:00:00 AM,2256,2,2,0,0,CLEAR,DRY,False,OTHER RAMP RELATED COLLISIONS NOT LISTED ABOVE,REAR END,CURVE & GRADE,DARK-HWY LIGHTED/ON,I 0265,KY0022,6/21/2021 8:28:04 AM,False,7098,Accepted,
28278297,0568000,LOUISVILLE METRO POLICE DEPT,Accepted,JEFFERSON,KY0061,,PRESTON,HWY,,,CANAL,,,,,38.146422829,-85.691142216,4.552,6/18/2021 12:00:00 AM,2301,2,2,0,1,CLEAR,DRY,False,ANGLE COLLISION - OTHER,ANGLE,STRAIGHT & LEVEL,DARK-HWY LIGHTED/ON,,,6/21/2021 8:26:06 AM,False,5264,Accepted,
28278305,0568000,LOUISVILLE METRO POLICE DEPT,Accepted,JEFFERSON,,,HILL,ST,W,,13TH,,,,,38.227605038,-85.776818209,1.091,6/18/2021 12:00:00 AM,2226,2,2,0,0,CLEAR,DRY,False,ANGLE COLLISION - OTHER,ANGLE,STRAIGHT & LEVEL,DARK-HWY LIGHTED/ON,,,6/21/2021 8:26:45 AM,False,5239,Accepted,
28309382,0568000,LOUISVILLE METRO POLICE DEPT,Accepted,JEFFERSON,,2105,DUMESNIL,ST,,,,,,,,38.236489809,-85.789570120,1.670,6/18/2021 12:00:00 AM,0400,2,2,0,0,CLEAR,DRY,True,1 VEHICLE PARKED POSITION (NOT PARKING LOT/DRIVEWAY),REAR END,STRAIGHT & LEVEL,DARK-HWY LIGHTED/ON,,,6/29/2021 9:01:20 AM,False,7461,Accepted,
28278247,0568000,LOUISVILLE METRO POLICE DEPT,Accepted,JEFFERSON,KY1819,,BILLTOWN,RD,,KY1065,LOVERS,,,,,38.166338611,-85.569429210,7.130,6/18/2021 12:00:00 AM,1237,2,2,0,0,CLEAR,DRY,True,OTHER INTERSECTION COLLISIONS,REAR END,STRAIGHT & LEVEL,DAYLIGHT,,,6/21/2021 8:23:48 AM,False,2017,Accepted,
28278256,0568000,LOUISVILLE METRO POLICE DEPT,Accepted,JEFFERSON,KY1020,,NATIONAL,TPKE,,,,,,,,38.127101406,-85.749023374,3.672,6/18/2021 12:00:00 AM,1022,2,2,0,2,CLEAR,DRY,False,1 VEHICLE ENTERING/LEAVING ENTRANCE,ANGLE,STRAIGHT & LEVEL,DAYLIGHT,,,6/21/2021 8:24:04 AM,False,7252,Accepted,
28278249,0568000,LOUISVILLE METRO POLICE DEPT,Accepted,JEFFERSON,,,BROADWAY,,W,,,,,,,38.249559086,-85.797946594,0.531,6/18/2021 12:00:00 AM,1308,2,2,0,0,CLEAR,DRY,False,SIDESWIPE COLLISION - SAME DIRECTION,SIDESWIPE-SAME DIRECTION,STRAIGHT & LEVEL,DAYLIGHT,,,6/21/2021 8:23:51 AM,False,7220,Accepted,
28278257,0568000,LOUISVILLE METRO POLICE DEPT,Accepted,JEFFERSON,KY1020,,2ND,ST,S,,,,,,,38.246455315,-85.755023671,12.081,6/18/2021 12:00:00 AM,1455,3,3,0,2,CLEAR,DRY,False,REAR END IN TRAFFIC LANES BOTH VEHICLES MOVING,REAR END,STRAIGHT & LEVEL,DAYLIGHT,,,6/21/2021 8:24:09 AM,False,7239,Accepted,
28278266,0568000,LOUISVILLE METRO POLICE DEPT,Accepted,JEFFERSON,,,UPPER HUNTERS,TRCE,,,,,,,,38.166925829,-85.841048148,0.711,6/18/2021 12:00:00 AM,1647,2,2,0,3,CLEAR,DRY,False,SIDESWIPE COLLISION - OPPOSITE DIRECTION,SIDESWIPE-OPPOSITE DIRECTION,CURVE & LEVEL,DAYLIGHT,,,6/21/2021 8:24:49 AM,False,7244,Accepted,
28278299,0568000,LOUISVILLE METRO POLICE DEPT,Accepted,JEFFERSON,KY0155,4041,TAYLORSVILLE,RD,,,,,,,,38.220294990,-85.623882647,13.219,6/18/2021 12:00:00 AM,1910,2,2,0,0,CLEAR,DRY,True,1 VEHICLE ENTERING/LEAVING ENTRANCE,ANGLE,STRAIGHT & LEVEL,DAYLIGHT,,,6/21/2021 8:26:10 AM,False,5328,Accepted,
28278300,0568000,LOUISVILLE METRO POLICE DEPT,Accepted,JEFFERSON,,,28TH,ST,S,,KENTUCKY,,,,,38.243673207,-85.799305472,1.209,6/18/2021 12:00:00 AM,2158,2,2,0,0,CLEAR,DRY,False,COLLISION WITH PARKED VEHICLE,SIDESWIPE-OPPOSITE DIRECTION,CURVE & LEVEL,DARK-HWY LIGHTED/ON,,,6/21/2021 8:26:23 AM,False,5229,Accepted,
28278308,0568000,LOUISVILLE METRO POLICE DEPT,Accepted,JEFFERSON,US0031E,201,MARKET,ST,E,,BROOK,,,,,38.254569640,-85.750144381,17.572,6/18/2021 12:00:00 AM,1448,1,1,0,0,CLEAR,DRY,False,OTHER INTERSECTION COLLISIONS,SINGLE VEHICLE,STRAIGHT & LEVEL,DAYLIGHT,,,6/21/2021 8:26:56 AM,False,7058,Accepted,
28278264,0568000,LOUISVILLE METRO POLICE DEPT,Accepted,JEFFERSON,KY1931,,ST ANDREWS CHURCH,RD,,,,,,,,38.153479397,-85.806436484,5.188,6/18/2021 12:00:00 AM,1349,2,2,0,0,CLEAR,DRY,False,1 VEHICLE ENTERING/LEAVING ENTRANCE,ANGLE,CURVE & HILLCREST,DAYLIGHT,,,6/21/2021 8:24:42 AM,False,7244,Accepted,
28278265,0568000,LOUISVILLE METRO POLICE DEPT,Accepted,JEFFERSON,,,GAGEL,AVE,,,,,,,,38.170384942,-85.797596819,1.405,6/18/2021 12:00:00 AM,1541,2,2,0,0,CLEAR,DRY,False,OTHER ROADWAY OR MID-BLOCK COLLISION,OPPOSING LEFT TURN,STRAIGHT & LEVEL,DAYLIGHT,,,6/21/2021 8:24:45 AM,False,7244,Accepted,