IncidentID,AgencyORI,AgencyName,IncidentStatusDesc,County,RdwyNumber,Street,RoadwayName,StreetSfx,StreetDir,IntersectionRdwy,IntersectionRdwyName,BetweenStRdwy1,BetweenStRdwyName1,BetweenStRdwy2,BetweenStRdwyName2,Latitude,Longitude,Milepoint,CollisionDate,CollisionTime,UnitsInvolved,MotorVehiclesInvolved,NumberKilled,NumberInjured,Weather,RdwyConditionCode,HitandRun,DirAnalysisCode,MannerofCollision,RdwyCharacter,LightCondition,RampFromRdwyId,RampToRdwyId,AcceptedDate,IsSecondaryCollision,OwnerBadge,IncidentStatus,
28278272,0568000,LOUISVILLE METRO POLICE DEPT,Accepted,JEFFERSON,I 0264,,I264 E,,,,,,,,,38.239106935,-85.622745907,18.999,6/18/2021 12:00:00 AM,1648,2,2,0,0,CLEAR,DRY,False,REAR END IN TRAFFIC LANES BOTH VEHICLES MOVING,REAR END,STRAIGHT & LEVEL,DAYLIGHT,,,6/21/2021 8:25:09 AM,False,7316,Accepted,
28278280,0568000,LOUISVILLE METRO POLICE DEPT,Accepted,JEFFERSON,US0031W,,DIXIE,HWY,,,WELLS,,,,,38.147654949,-85.837883687,11.937,6/18/2021 12:00:00 AM,1633,2,2,0,0,CLEAR,DRY,False,ANGLE COLLISION - OTHER,ANGLE,STRAIGHT & LEVEL,DAYLIGHT,,,6/21/2021 8:25:32 AM,False,5170,Accepted,
28273135,0560300,ST. MATTHEWS POLICE DEPARTMENT,Accepted,JEFFERSON,US0060,5000,SHELBYVILLE,RD,,,,,,,,38.250145926,-85.623454075,5.311,6/18/2021 12:00:00 AM,1600,2,2,0,0,CLOUDY,DRY,False,COLLISION IN PARKING LOT,BACKING,STRAIGHT & LEVEL,DAYLIGHT,,,6/19/2021 3:42:15 PM,False,9155,Accepted,
28278238,0568000,LOUISVILLE METRO POLICE DEPT,Accepted,JEFFERSON,I 0265,,I265 W,,,,,,,,,38.217955593,-85.506170396,25.115,6/18/2021 12:00:00 AM,1039,1,1,0,1,CLEAR,DRY,False,OTHER ROADWAY OR MID-BLOCK COLLISION,SINGLE VEHICLE,STRAIGHT & LEVEL,DAYLIGHT,,,6/21/2021 8:23:26 AM,False,4903,Accepted,
28440790,0568000,LOUISVILLE METRO POLICE DEPT,Accepted,JEFFERSON,,6701,MEMORY,LN,,,,,,,,38.153650145,-85.871214407,0.156,6/18/2021 12:00:00 AM,2036,2,2,0,0,CLEAR,DRY,False,SIDESWIPE COLLISION - SAME DIRECTION,SIDESWIPE-SAME DIRECTION,STRAIGHT & LEVEL,DAYLIGHT,,,7/28/2021 8:17:34 AM,False,5318,Accepted,
28309388,0568000,LOUISVILLE METRO POLICE DEPT,Accepted,JEFFERSON,,2254,BRADFORD,DR,,,,,,,,38.197985458,-85.649188315,0.300,6/18/2021 12:00:00 AM,2139,2,2,0,0,CLEAR,DRY,False,REAR END IN TRAFFIC LANES BOTH VEHICLES MOVING,REAR END,STRAIGHT & LEVEL,DARK-HWY LIGHTED/ON,,,6/29/2021 9:01:58 AM,False,5349,Accepted,
28309394,0568000,LOUISVILLE METRO POLICE DEPT,Accepted,JEFFERSON,KY1747,,HURSTBOURNE,PKWY,S,,STONY BROOK,,,,,38.171165234,-85.604265401,7.632,6/18/2021 12:00:00 AM,2146,2,2,0,1,CLEAR,DRY,False,OTHER INTERSECTION COLLISIONS,REAR END,STRAIGHT & HILLCREST,DARK-HWY LIGHTED/OFF,,,6/29/2021 9:02:59 AM,False,5014,Accepted,
28339597,0568000,LOUISVILLE METRO POLICE DEPT,Accepted,JEFFERSON,I 0265,,I265 E,,,I 0265,I265 E EXIT15 ON RAMP FROM KY864,,,,,38.124957067,-85.613436924,15.256,6/18/2021 12:00:00 AM,0248,1,1,0,0,CLEAR,DRY,False,COLLISION WITH ANIMAL IN INTERSECTION,SINGLE VEHICLE,STRAIGHT & LEVEL,DARK (UNKNOWN ROADWAY LIGHTING),,,7/7/2021 9:22:41 AM,False,7827,Accepted,
28334718,0568000,LOUISVILLE METRO POLICE DEPT,Accepted,JEFFERSON,US0031W,,DIXIE,HWY,,,,,SCENIC,,FINCASTLE,38.069874204,-85.884847738,5.824,6/18/2021 12:00:00 AM,1325,3,3,0,1,CLEAR,DRY,False,SIDESWIPE COLLISION - OPPOSITE DIRECTION,SIDESWIPE-OPPOSITE DIRECTION,STRAIGHT & LEVEL,DAYLIGHT,,,7/6/2021 8:52:14 AM,False,7634,Accepted,
28282457,0568000,LOUISVILLE METRO POLICE DEPT,Accepted,JEFFERSON,,,JEFFERSON,ST,W,,24TH,,,,,38.257583568,-85.790773276,2.127,6/18/2021 12:00:00 AM,1534,3,3,0,1,CLEAR,DRY,False,ANGLE COLLISION - OTHER,ANGLE,STRAIGHT & LEVEL,DAYLIGHT,,,6/22/2021 8:46:15 AM,True,5344,Accepted,
28279356,0561500,UNIV. OF LOUISVILLE POLICE,Accepted,JEFFERSON,,333,CARDINAL,BLVD,W,,,,4TH,KY1020,3RD,38.220686067,-85.762425264,0.249,6/18/2021 12:00:00 AM,1848,2,2,0,0,CLEAR,DRY,True,1 VEHICLE ENTERING/LEAVING ENTRANCE,ANGLE,STRAIGHT & LEVEL,DAYLIGHT,,,6/21/2021 11:51:31 AM,False,5680,Accepted,
28278318,0568000,LOUISVILLE METRO POLICE DEPT,Accepted,JEFFERSON,US0031E,,BARDSTOWN,RD,,,,,,,,38.208404963,-85.668841259,11.766,6/18/2021 12:00:00 AM,0457,2,2,0,0,CLEAR,DRY,False,SIDESWIPE COLLISION - SAME DIRECTION,SIDESWIPE-SAME DIRECTION,STRAIGHT & LEVEL,DAWN,,,6/21/2021 8:27:25 AM,False,7400,Accepted,
28278326,0568000,LOUISVILLE METRO POLICE DEPT,Accepted,JEFFERSON,,,JEFFERSON,ST,W,,7TH,,,,,38.254379039,-85.761975831,0.545,6/18/2021 12:00:00 AM,1231,2,2,0,1,CLEAR,DRY,False,ANGLE COLLISION - OTHER,ANGLE,STRAIGHT & LEVEL,DAYLIGHT,,,6/21/2021 8:27:49 AM,False,2854,Accepted,
28278345,0568000,LOUISVILLE METRO POLICE DEPT,Accepted,JEFFERSON,,,ARLING,AVE,,,,,WHITMORE,KY1865,TAYLOR,38.173500423,-85.784147019,0.108,6/18/2021 12:00:00 AM,2234,2,2,0,0,CLEAR,DRY,False,1 VEHICLE PARKED POSITION (NOT PARKING LOT/DRIVEWAY),HEAD ON,STRAIGHT & GRADE,DARK-HWY LIGHTED/ON,,,6/21/2021 8:29:19 AM,False,5245,Accepted,
28278267,0568000,LOUISVILLE METRO POLICE DEPT,Accepted,JEFFERSON,,3715,MUD,LN,,KY1450,BLUE LICK,,,,,38.088720978,-85.689105434,1.488,6/18/2021 12:00:00 AM,1647,2,2,0,0,CLEAR,DRY,False,ANGLE COLLISION - OTHER,ANGLE,STRAIGHT & LEVEL,DAYLIGHT,,,6/21/2021 8:24:53 AM,False,5363,Accepted,
28278268,0568000,LOUISVILLE METRO POLICE DEPT,Accepted,JEFFERSON,KY1932,,BRECKENRIDGE,LN,,,COUNTRY ACRES,,,,,38.182548815,-85.626432671,0.096,6/18/2021 12:00:00 AM,1615,2,1,0,1,CLEAR,DRY,False,COLLISION WITH PEDESTRIAN IN INTERSECTION,SINGLE VEHICLE,STRAIGHT & LEVEL,DAYLIGHT,,,6/21/2021 8:24:56 AM,False,5191,Accepted,
28278269,0568000,LOUISVILLE METRO POLICE DEPT,Accepted,JEFFERSON,,,HANCOCK,ST,S,,LIBERTY,,,,,38.250907242,-85.742545019,0.288,6/18/2021 12:00:00 AM,1828,2,1,0,1,CLEAR,DRY,False,COLLISION WITH BICYCLE IN INTERSECTION,SINGLE VEHICLE,STRAIGHT & LEVEL,DAYLIGHT,,,6/21/2021 8:25:00 AM,False,7239,Accepted,
28278242,0568000,LOUISVILLE METRO POLICE DEPT,Accepted,JEFFERSON,KY1447,,WESTPORT,RD,,,,,,,,38.300169918,-85.538847236,7.199,6/18/2021 12:00:00 AM,1000,2,2,0,0,CLEAR,DRY,False,VEHICLE BACKING NON INTERSECTION,BACKING,STRAIGHT & LEVEL,DAYLIGHT,,,6/21/2021 8:23:39 AM,False,7615,Accepted,
28278259,0568000,LOUISVILLE METRO POLICE DEPT,Accepted,JEFFERSON,KY1020,,2ND,ST,S,,CARDINAL,,,,,38.220322073,-85.759888571,10.332,6/18/2021 12:00:00 AM,1431,2,2,0,0,CLEAR,DRY,False,ANGLE COLLISION - OTHER,ANGLE,CURVE & LEVEL,DAYLIGHT,,,6/21/2021 8:24:15 AM,False,7619,Accepted,
28278261,0568000,LOUISVILLE METRO POLICE DEPT,Accepted,JEFFERSON,I 0065,,I65 S,,,,,,,,,38.172019926,-85.720738214,129.301,6/18/2021 12:00:00 AM,0506,2,2,0,0,CLEAR,DRY,False,REAR END IN TRAFFIC LANES BOTH VEHICLES MOVING,REAR END,STRAIGHT & LEVEL,DARK-HWY LIGHTED/ON,,,6/21/2021 8:24:24 AM,False,5305,Accepted,
28278304,0568000,LOUISVILLE METRO POLICE DEPT,Accepted,JEFFERSON,I 0264,,I264 E,,,,,,,,,38.215995259,-85.661865935,16.281,6/18/2021 12:00:00 AM,1805,1,1,0,1,CLEAR,DRY,False,OTHER ROADWAY OR MID-BLOCK COLLISION,SINGLE VEHICLE,STRAIGHT & LEVEL,DAYLIGHT,,,6/21/2021 8:26:42 AM,False,6813,Accepted,
28278262,0568000,LOUISVILLE METRO POLICE DEPT,Accepted,JEFFERSON,,,HALE,AVE,,,,,41ST,,CECIL,38.241445093,-85.821607388,2.272,6/18/2021 12:00:00 AM,1113,2,2,0,0,CLEAR,DRY,True,1 VEHICLE ENTERING/LEAVING ENTRANCE,ANGLE,STRAIGHT & LEVEL,DAYLIGHT,,,6/21/2021 8:24:34 AM,False,7328,Accepted,
28278270,0568000,LOUISVILLE METRO POLICE DEPT,Accepted,JEFFERSON,,,WROCKLAGE,AVE,,US0031E,BARDSTOWN,,,,,38.223825229,-85.688765117,0.165,6/18/2021 12:00:00 AM,1839,2,2,0,0,CLEAR,DRY,False,COLLISION WITH PARKED VEHICLE,SIDESWIPE-SAME DIRECTION,STRAIGHT & LEVEL,DAYLIGHT,,,6/21/2021 8:25:04 AM,False,7740,Accepted,
28278277,0568000,LOUISVILLE METRO POLICE DEPT,Accepted,JEFFERSON,KY0146,,LA GRANGE,RD,,,,,,,,38.289716905,-85.512223324,7.574,6/18/2021 12:00:00 AM,1016,2,2,0,0,CLOUDY,DRY,False,SIDESWIPE COLLISION - SAME DIRECTION,SIDESWIPE-SAME DIRECTION,STRAIGHT & GRADE,DAYLIGHT,,,6/21/2021 8:25:19 AM,False,6532,Accepted,
28278278,0568000,LOUISVILLE METRO POLICE DEPT,Accepted,JEFFERSON,,,LIBERTY,ST,E,,1ST,,,,,38.252498212,-85.752204604,0.002,6/18/2021 12:00:00 AM,1344,2,2,0,0,CLEAR,DRY,False,VEHICLE BACKING IN INTERSECTION,BACKING,STRAIGHT & LEVEL,DAYLIGHT,,,6/21/2021 8:25:23 AM,False,5338,Accepted,
28278279,0568000,LOUISVILLE METRO POLICE DEPT,Accepted,JEFFERSON,I 0265,,I265 E,,,,,,,,,38.211925232,-85.506802406,24.730,6/18/2021 12:00:00 AM,2130,4,4,0,5,CLEAR,DRY,False,OTHER ROADWAY OR MID-BLOCK COLLISION,REAR TO REAR,STRAIGHT & LEVEL,DARK-HWY LIGHTED/OFF,,,6/21/2021 8:25:27 AM,False,7330,Accepted,
28278286,0568000,LOUISVILLE METRO POLICE DEPT,Accepted,JEFFERSON,US0031E,,BAXTER,AVE,,,BARRET,,,,,38.247835710,-85.730217816,16.251,6/18/2021 12:00:00 AM,2109,2,2,0,0,CLEAR,DRY,True,OTHER INTERSECTION COLLISIONS,REAR END,STRAIGHT & HILLCREST,DAYLIGHT,,,6/21/2021 8:25:52 AM,False,5362,Accepted,
28278295,0568000,LOUISVILLE METRO POLICE DEPT,Accepted,JEFFERSON,KY1931,,ST ANDREWS CHURCH,RD,,,ST ANTHONY CHURCH,,,,,38.150403995,-85.822151179,4.240,6/18/2021 12:00:00 AM,2155,2,2,0,0,CLEAR,DRY,False,ANGLE COLLISION - OTHER,ANGLE,STRAIGHT & LEVEL,DARK-HWY NOT LIGHTED,,,6/21/2021 8:26:03 AM,False,5318,Accepted,
28278311,0568000,LOUISVILLE METRO POLICE DEPT,Accepted,JEFFERSON,KY0061,,PRESTON,HWY,,,GILMORE,,,,,38.175250215,-85.713400558,6.934,6/18/2021 12:00:00 AM,1005,1,1,0,1,CLOUDY,DRY,False,NON-COLLISION OBJECT COLLISION,SINGLE VEHICLE,STRAIGHT & LEVEL,DAYLIGHT,,,6/21/2021 8:27:09 AM,False,5373,Accepted,
28278302,0568000,LOUISVILLE METRO POLICE DEPT,Accepted,JEFFERSON,KY0146,10510,LA GRANGE,RD,,,,,,,,38.270654079,-85.557062299,3.881,6/17/2021 12:00:00 AM,1955,2,2,1,0,CLEAR,DRY,False,COLLISION WITH PEDESTRIAN NON - INTERSECTION,HEAD ON,STRAIGHT & LEVEL,DAYLIGHT,,,6/21/2021 8:26:32 AM,False,7720,Accepted,
28278235,0568000,LOUISVILLE METRO POLICE DEPT,Accepted,JEFFERSON,,,BETSY ROSS,DR,,,SANDRAY,,,,,38.059029923,-85.898425431,0.333,6/17/2021 12:00:00 AM,1650,2,2,0,2,CLEAR,DRY,False,ANGLE COLLISION - OTHER,ANGLE,STRAIGHT & LEVEL,DAYLIGHT,,,6/21/2021 8:23:06 AM,False,2098,Accepted,
28269119,0568000,LOUISVILLE METRO POLICE DEPT,Accepted,JEFFERSON,US0031W,,MAIN,ST,W,,,,,,,38.257007020,-85.760155358,21.733,6/17/2021 12:00:00 AM,1929,2,2,0,0,CLEAR,DRY,False,SIDESWIPE COLLISION - SAME DIRECTION,SIDESWIPE-SAME DIRECTION,STRAIGHT & LEVEL,DAYLIGHT,,,6/18/2021 8:25:09 AM,False,7111,Accepted,
28269092,0568000,LOUISVILLE METRO POLICE DEPT,Accepted,JEFFERSON,,144,6TH,ST,N,,,,,,,38.257771643,-85.759734683,0.038,6/17/2021 12:00:00 AM,0959,2,2,0,0,CLEAR,DRY,True,REAR END IN TRAFFIC LANES BOTH VEHICLES MOVING,REAR END,STRAIGHT & GRADE,DAYLIGHT,,,6/18/2021 8:21:24 AM,False,5168,Accepted,
28269112,0568000,LOUISVILLE METRO POLICE DEPT,Accepted,JEFFERSON,US0031W,,DIXIE,HWY,,,,,,,,38.090498842,-85.877092438,7.315,6/17/2021 12:00:00 AM,1656,2,2,0,0,CLEAR,DRY,False,REAR END IN TRAFFIC LANES BOTH VEHICLES MOVING,REAR END,STRAIGHT & LEVEL,DAYLIGHT,,,6/18/2021 8:24:01 AM,False,7234,Accepted,
28269137,0568000,LOUISVILLE METRO POLICE DEPT,Accepted,JEFFERSON,KY1703,,NEWBURG,RD,,KY2052,SHEPHERDSVILLE,,,,,38.178924448,-85.659344677,0.005,6/17/2021 12:00:00 AM,2214,2,2,0,0,CLEAR,DRY,False,ANGLE COLLISION - ONE VEHICLE TURNING LEFT,ANGLE,STRAIGHT & LEVEL,DARK-HWY LIGHTED/ON,,,6/18/2021 8:26:04 AM,False,5315,Accepted,
28278387,0568000,LOUISVILLE METRO POLICE DEPT,Accepted,JEFFERSON,,3305,EAGLE,PASS,,,,,,,,38.205978595,-85.719482689,0.583,6/17/2021 12:00:00 AM,1200,2,2,0,0,CLEAR,DRY,True,1 VEHICLE PARKED POSITION (NOT PARKING LOT/DRIVEWAY),BACKING,STRAIGHT & LEVEL,DAYLIGHT,,,6/21/2021 8:30:50 AM,False,5335,Accepted,
28284476,0563800,NORTHFIELD POLICE DEPARTMENT,Accepted,JEFFERSON,US0042,5100,US42,,,,,,LIME KILN,KY0022C,SEMINARY,38.289554524,-85.629416876,6.562,6/17/2021 12:00:00 AM,2210,2,2,0,2,CLEAR,DRY,False,1 VEHICLE ENTERING/LEAVING ENTRANCE,ANGLE,STRAIGHT & LEVEL,DARK-HWY LIGHTED/ON,,,6/22/2021 5:16:39 PM,False,1375,Accepted,
28282454,0568000,LOUISVILLE METRO POLICE DEPT,Accepted,JEFFERSON,US0042,1900,BROWNSBORO,RD,,,,,,,,38.259190012,-85.712187720,1.180,6/17/2021 12:00:00 AM,1733,2,2,0,1,CLEAR,DRY,False,COLLISION IN PARKING LOT,ANGLE,STRAIGHT & GRADE,DAYLIGHT,,,6/22/2021 8:46:00 AM,False,5353,Accepted,
28266260,0568000,LOUISVILLE METRO POLICE DEPT,Accepted,JEFFERSON,,1112,FLAT ROCK,RD,,,,,,,,38.252286956,-85.432299844,1.330,6/17/2021 12:00:00 AM,1020,1,1,0,1,CLEAR,DRY,False,COLLISION WITH FIXED OBJECT NON - INTERSECTION - FIRST EVENT COLLISION 09 - 32 EXCLUDING 16,SINGLE VEHICLE,STRAIGHT & LEVEL,DAYLIGHT,,,6/17/2021 2:54:39 PM,False,2013,Accepted,
28266361,0568000,LOUISVILLE METRO POLICE DEPT,Accepted,JEFFERSON,KY0864,,POPLAR LEVEL,RD,,,INDIAN,,,,,38.171607373,-85.684923683,9.221,6/17/2021 12:00:00 AM,1100,2,2,0,0,CLEAR,DRY,False,ANGLE COLLISION - ONE VEHICLE TURNING LEFT,ANGLE,STRAIGHT & LEVEL,DAYLIGHT,,,6/17/2021 3:19:01 PM,False,5347,Accepted,
28269094,0568000,LOUISVILLE METRO POLICE DEPT,Accepted,JEFFERSON,,800B,OAK,ST,E,,,,,,,38.233273956,-85.740333056,0.832,6/17/2021 12:00:00 AM,1414,2,2,0,0,CLEAR,DRY,False,SIDESWIPE COLLISION - SAME DIRECTION,SIDESWIPE-SAME DIRECTION,STRAIGHT & LEVEL,DAYLIGHT,,,6/18/2021 8:21:47 AM,False,7398,Accepted,
28444650,0560600,WEST BUECHEL POLICE DEPT.,Accepted,JEFFERSON,US0031E,,BUECHEL,BYP,,KY2052,HIKES,,,,,38.198871144,-85.661841361,11.035,6/17/2021 12:00:00 AM,1430,2,2,0,1,CLEAR,DRY,False,OTHER INTERSECTION COLLISIONS,REAR END,STRAIGHT & LEVEL,DAYLIGHT,,,7/29/2021 7:24:08 AM,False,1260,Accepted,
28278240,0568000,LOUISVILLE METRO POLICE DEPT,Accepted,JEFFERSON,I 0064,,I64 E,,,,,,,,,38.222656882,-85.519623835,18.219,6/17/2021 12:00:00 AM,0725,1,1,0,0,CLEAR,DRY,False,OTHER ROADWAY OR MID-BLOCK COLLISION,SINGLE VEHICLE,STRAIGHT & GRADE,DAYLIGHT,,,6/21/2021 8:23:30 AM,False,4903,Accepted,
28264960,0568000,LOUISVILLE METRO POLICE DEPT,Accepted,JEFFERSON,US0031E,1829,BARDSTOWN,RD,,,ROANOKE,,,,,38.227763890,-85.699961091,14.044,6/17/2021 12:00:00 AM,0318,1,1,0,1,CLEAR,DRY,False,COLLISION WITH FIXED OBJECT IN INTERSECTION - FIRST EVENT COLLISION 09 - 32,SINGLE VEHICLE,STRAIGHT & LEVEL,DARK-HWY LIGHTED/ON,,,6/17/2021 8:20:16 AM,False,5240,Accepted,
28269089,0568000,LOUISVILLE METRO POLICE DEPT,Accepted,JEFFERSON,,,JEFFERSON,ST,W,,19TH,,,,,38.256560359,-85.781791242,1.633,6/17/2021 12:00:00 AM,1442,2,2,0,0,CLEAR,DRY,False,ANGLE COLLISION - OTHER,ANGLE,STRAIGHT & LEVEL,DAYLIGHT,,,6/18/2021 8:20:50 AM,False,5344,Accepted,
28269090,0568000,LOUISVILLE METRO POLICE DEPT,Accepted,JEFFERSON,I 0065,,I65 N,,,,,,,,,38.171882283,-85.720387594,129.294,6/17/2021 12:00:00 AM,1437,2,2,0,0,CLEAR,DRY,False,SIDESWIPE COLLISION - SAME DIRECTION,SIDESWIPE-SAME DIRECTION,STRAIGHT & LEVEL,DAYLIGHT,,,6/18/2021 8:21:05 AM,False,2308,Accepted,
28269099,0568000,LOUISVILLE METRO POLICE DEPT,Accepted,JEFFERSON,I 0064,,I64 W,,,,,I 0064,I64 W EXIT8 ON RAMP FROM  GRINSTEAD DR,I 0064,I64 TURN AROUND7,38.248987045,-85.705525148,7.505,6/17/2021 12:00:00 AM,1645,2,2,0,0,CLEAR,DRY,False,SIDESWIPE COLLISION - SAME DIRECTION,SIDESWIPE-SAME DIRECTION,STRAIGHT & LEVEL,DAYLIGHT,,,6/18/2021 8:22:43 AM,False,7129,Accepted,
28269116,0568000,LOUISVILLE METRO POLICE DEPT,Accepted,JEFFERSON,KY2251,,BARDSTOWN,RD,,,BUECHEL,,,,,38.191483701,-85.645840444,0.114,6/17/2021 12:00:00 AM,1830,2,2,0,0,CLEAR,DRY,False,OPPOSING LEFT TURN,OPPOSING LEFT TURN,STRAIGHT & LEVEL,DAYLIGHT,,,6/18/2021 8:25:00 AM,False,5346,Accepted,
28269273,0568000,LOUISVILLE METRO POLICE DEPT,Accepted,JEFFERSON,,,KENTUCKY,ST,W,,4TH,,,,,38.238906106,-85.759515059,3.567,6/17/2021 12:00:00 AM,1210,2,2,0,0,CLEAR,DRY,False,OTHER INTERSECTION COLLISIONS,REAR END,STRAIGHT & LEVEL,DAYLIGHT,,,6/18/2021 9:08:37 AM,False,5175,Accepted,
28269081,0568000,LOUISVILLE METRO POLICE DEPT,Accepted,JEFFERSON,I 0065,,I65 N,,,,,,,,,38.175922316,-85.719266319,129.580,6/17/2021 12:00:00 AM,1417,2,2,0,1,CLEAR,DRY,False,1 VEHICLE PARKED POSITION (NOT PARKING LOT/DRIVEWAY),REAR END,CURVE & GRADE,DAYLIGHT,,,6/18/2021 8:18:06 AM,False,8278,Accepted,
28269082,0568000,LOUISVILLE METRO POLICE DEPT,Accepted,JEFFERSON,,,HILL,ST,W,,7TH,,,,,38.226900268,-85.768925190,0.652,6/17/2021 12:00:00 AM,1434,3,3,0,5,CLEAR,DRY,False,OTHER INTERSECTION COLLISIONS,REAR END,STRAIGHT & LEVEL,DAYLIGHT,,,6/18/2021 8:18:50 AM,False,7472,Accepted,
28264962,0568000,LOUISVILLE METRO POLICE DEPT,Accepted,JEFFERSON,KY2054,,ALGONQUIN,PKWY,,US0060A,WINKLER,,,,,38.211230520,-85.769538567,3.268,6/17/2021 12:00:00 AM,0010,2,2,0,1,CLEAR,DRY,True,ANGLE COLLISION - OTHER,ANGLE,STRAIGHT & LEVEL,DARK-HWY LIGHTED/ON,,,6/17/2021 8:20:33 AM,False,5205,Accepted,
28266255,0568000,LOUISVILLE METRO POLICE DEPT,Accepted,JEFFERSON,US0060A,,3RD,ST,S,,,US0060A,WINKLER,US0060A,EASTERN,38.210726519,-85.762869810,3.198,6/17/2021 12:00:00 AM,0756,1,1,0,0,CLEAR,DRY,False,OTHER ROADWAY OR MID-BLOCK COLLISION,SINGLE VEHICLE,STRAIGHT & GRADE,DAYLIGHT,,,6/17/2021 2:53:45 PM,False,7872,Accepted,
28267813,0560300,ST. MATTHEWS POLICE DEPARTMENT,Accepted,JEFFERSON,US0060,5085,SHELBYVILLE,RD,,,,,,,,38.250454992,-85.622144942,5.381,6/17/2021 12:00:00 AM,1700,2,2,0,0,CLEAR,DRY,True,COLLISION IN PARKING LOT,SIDESWIPE-SAME DIRECTION,STRAIGHT & LEVEL,DAYLIGHT,,,6/17/2021 11:42:44 PM,False,9157,Accepted,
28269080,0568000,LOUISVILLE METRO POLICE DEPT,Accepted,JEFFERSON,I 0065,,,,,,,,,,,38.147462977,-85.711741438,1.095,6/17/2021 12:00:00 AM,1121,2,2,0,0,CLEAR,DRY,False,OTHER RAMP RELATED COLLISIONS NOT LISTED ABOVE,BACKING,STRAIGHT & LEVEL,DAYLIGHT,I 0065,KY1631,6/18/2021 8:17:32 AM,False,8278,Accepted,
28269113,0568000,LOUISVILLE METRO POLICE DEPT,Accepted,JEFFERSON,US0031W,,DIXIE,HWY,,,ROSE FARM,,,,,38.145917429,-85.838516679,11.835,6/17/2021 12:00:00 AM,1737,2,2,0,3,CLEAR,DRY,False,OTHER INTERSECTION COLLISIONS,REAR END,STRAIGHT & LEVEL,DAYLIGHT,,,6/18/2021 8:24:08 AM,False,7234,Accepted,
28269114,0568000,LOUISVILLE METRO POLICE DEPT,Accepted,JEFFERSON,,,26TH,ST,S,,MAGAZINE,,,,,38.251700664,-85.794433803,0.569,6/17/2021 12:00:00 AM,0637,3,3,0,0,CLEAR,DRY,True,ANGLE COLLISION - OTHER,ANGLE,STRAIGHT & LEVEL,DAYLIGHT,,,6/18/2021 8:24:43 AM,False,5168,Accepted,
28269115,0568000,LOUISVILLE METRO POLICE DEPT,Accepted,JEFFERSON,I 0064,,I64 E,,,,,,,,,38.260455524,-85.768953592,3.801,6/17/2021 12:00:00 AM,1757,2,1,0,1,CLEAR,DRY,False,COLLISION WITH PEDESTRIAN NON - INTERSECTION,SINGLE VEHICLE,STRAIGHT & LEVEL,DAYLIGHT,,,6/18/2021 8:24:53 AM,False,5173,Accepted,
28269132,0568000,LOUISVILLE METRO POLICE DEPT,Accepted,JEFFERSON,US0031,,CLARK MEMORIAL,BRG,,,,,,,,38.261703234,-85.752108001,0.382,6/17/2021 12:00:00 AM,1917,3,3,0,0,CLEAR,DRY,False,REAR END IN TRAFFIC LANES BOTH VEHICLES MOVING,REAR END,STRAIGHT & LEVEL,DAYLIGHT,,,6/18/2021 8:25:24 AM,False,5135,Accepted,
28269133,0568000,LOUISVILLE METRO POLICE DEPT,Accepted,JEFFERSON,US0031E,,BARDSTOWN,RD,,,,,,,,38.168940403,-85.604994454,7.242,6/17/2021 12:00:00 AM,1938,2,2,0,0,CLEAR,DRY,False,SIDESWIPE COLLISION - SAME DIRECTION,SIDESWIPE-SAME DIRECTION,STRAIGHT & LEVEL,DAYLIGHT,,,6/18/2021 8:25:30 AM,False,7449,Accepted,
28269138,0568000,LOUISVILLE METRO POLICE DEPT,Accepted,JEFFERSON,US0031,,CLARK MEMORIAL,BRG,,,,,,,,38.260590024,-85.752359313,0.304,6/17/2021 12:00:00 AM,2032,2,2,0,0,CLEAR,DRY,False,OTHER ROADWAY OR MID-BLOCK COLLISION,REAR END,STRAIGHT & LEVEL,DAYLIGHT,,,6/18/2021 8:26:15 AM,False,5135,Accepted,
28269139,0568000,LOUISVILLE METRO POLICE DEPT,Accepted,JEFFERSON,,,MARKET,ST,W,,42ND,,,,,38.263243574,-85.818396255,1.771,6/17/2021 12:00:00 AM,2033,2,1,0,1,CLEAR,DRY,False,COLLISION WITH PEDESTRIAN IN INTERSECTION,SINGLE VEHICLE,STRAIGHT & LEVEL,DAYLIGHT,,,6/18/2021 8:26:22 AM,False,5308,Accepted,
28290801,0568000,LOUISVILLE METRO POLICE DEPT,Accepted,JEFFERSON,KY1931,,MANSLICK,RD,,,LEDGEWOOD,,,,,38.163182246,-85.797698233,6.095,6/17/2021 12:00:00 AM,2230,2,2,0,2,CLEAR,DRY,False,ANGLE COLLISION - OTHER,ANGLE,STRAIGHT & LEVEL,DARK-HWY LIGHTED/ON,,,6/24/2021 8:39:30 AM,False,5212,Accepted,
28290776,0568000,LOUISVILLE METRO POLICE DEPT,Accepted,JEFFERSON,KY0864,,POPLAR LEVEL,RD,,,,,INDIAN,,VALLA,38.171618328,-85.685061483,9.221,6/17/2021 12:00:00 AM,1718,2,2,0,1,CLEAR,DRY,False,REAR END IN TRAFFIC LANES BOTH VEHICLES MOVING,REAR END,STRAIGHT & LEVEL,DAYLIGHT,,,6/24/2021 8:37:46 AM,False,5027,Accepted,