IncidentID,AgencyORI,AgencyName,IncidentStatusDesc,County,RdwyNumber,Street,RoadwayName,StreetSfx,StreetDir,IntersectionRdwy,IntersectionRdwyName,BetweenStRdwy1,BetweenStRdwyName1,BetweenStRdwy2,BetweenStRdwyName2,Latitude,Longitude,Milepoint,CollisionDate,CollisionTime,UnitsInvolved,MotorVehiclesInvolved,NumberKilled,NumberInjured,Weather,RdwyConditionCode,HitandRun,DirAnalysisCode,MannerofCollision,RdwyCharacter,LightCondition,RampFromRdwyId,RampToRdwyId,AcceptedDate,IsSecondaryCollision,OwnerBadge,IncidentStatus,
28251614,0568000,LOUISVILLE METRO POLICE DEPT,Accepted,JEFFERSON,,,CEDAR,ST,,,,,29TH,,CADBURY,38.257070762,-85.798455018,1.354,6/13/2021 12:00:00 AM,2332,2,2,0,0,CLEAR,DRY,False,1 VEHICLE PARKED POSITION (NOT PARKING LOT/DRIVEWAY),ANGLE,STRAIGHT & LEVEL,DARK-HWY LIGHTED/ON,,,6/14/2021 9:01:59 AM,False,7957,Accepted,
28251621,0568000,LOUISVILLE METRO POLICE DEPT,Accepted,JEFFERSON,I 0264,,I264 W,,,,,,,,,38.189654084,-85.773241626,9.791,6/13/2021 12:00:00 AM,0031,2,2,0,2,CLEAR,DRY,False,REAR END IN TRAFFIC LANES BOTH VEHICLES MOVING,REAR END,STRAIGHT & LEVEL,DARK-HWY LIGHTED/ON,,,6/14/2021 9:02:55 AM,False,5205,Accepted,
28251136,0566900,LOUISVILLE AIRPORT POLICE,Accepted,JEFFERSON,,4500,TOLL PLAZA,RD,,,,,,,,38.187832195,-85.740422890,0.038,6/13/2021 12:00:00 AM,1601,2,2,0,0,CLEAR,DRY,True,COLLISION IN PARKING LOT,SIDESWIPE-SAME DIRECTION,STRAIGHT & LEVEL,DAYLIGHT,,,6/14/2021 7:28:32 AM,False,5861,Accepted,
28251580,0568000,LOUISVILLE METRO POLICE DEPT,Accepted,JEFFERSON,,7300,WESBORO,RD,,,,,,,,38.280879133,-85.622994564,0.116,6/13/2021 12:00:00 AM,0215,3,3,0,0,CLEAR,DRY,False,1 VEHICLE PARKED POSITION (NOT PARKING LOT/DRIVEWAY),SIDESWIPE-SAME DIRECTION,STRAIGHT & LEVEL,DARK-HWY LIGHTED/OFF,,,6/14/2021 8:58:32 AM,False,6777,Accepted,
28251581,0568000,LOUISVILLE METRO POLICE DEPT,Accepted,JEFFERSON,US0031E,,BARDSTOWN,RD,,,DUKER,,,,,38.230228358,-85.703884600,14.297,6/13/2021 12:00:00 AM,0340,2,2,0,0,CLEAR,DRY,False,COLLISION WITH PARKED VEHICLE,SIDESWIPE-SAME DIRECTION,STRAIGHT & LEVEL,DARK-HWY LIGHTED/ON,,,6/14/2021 8:58:35 AM,False,5240,Accepted,
28251587,0568000,LOUISVILLE METRO POLICE DEPT,Accepted,JEFFERSON,KY1703,,BAXTER,AVE,,,,,TYLER PARK,,CASTLEWOOD,38.230760489,-85.716662461,4.911,6/13/2021 12:00:00 AM,0430,2,2,0,0,CLEAR,DRY,False,1 VEHICLE PARKED POSITION (NOT PARKING LOT/DRIVEWAY),REAR END,STRAIGHT & LEVEL,DARK-HWY LIGHTED/ON,,,6/14/2021 8:58:57 AM,False,7049,Accepted,
28264959,0568000,LOUISVILLE METRO POLICE DEPT,Accepted,JEFFERSON,,1108,BROOK,ST,S,,,,,,,38.236297161,-85.753326788,2.204,6/13/2021 12:00:00 AM,2125,2,2,0,0,CLEAR,DRY,False,1 VEHICLE PARKED POSITION (NOT PARKING LOT/DRIVEWAY),BACKING,STRAIGHT & LEVEL,DARK-HWY LIGHTED/ON,,,6/17/2021 8:19:55 AM,False,7376,Accepted,
28266254,0568000,LOUISVILLE METRO POLICE DEPT,Accepted,JEFFERSON,KY1865,,NEW CUT,RD,,,JONES,,,,,38.148417921,-85.775873684,2.847,6/13/2021 12:00:00 AM,1448,2,2,0,0,CLEAR,DRY,False,ANGLE COLLISION - OTHER,ANGLE,STRAIGHT & LEVEL,DAYLIGHT,,,6/17/2021 2:53:38 PM,False,7080,Accepted,
28251627,0568000,LOUISVILLE METRO POLICE DEPT,Accepted,JEFFERSON,,3602,EASTSIDE,DR,,,,,,,,38.207938640,-85.613968449,0.732,6/13/2021 12:00:00 AM,2102,2,2,0,0,CLEAR,DRY,False,1 VEHICLE PARKED POSITION (NOT PARKING LOT/DRIVEWAY),HEAD ON,STRAIGHT & LEVEL,DUSK,,,6/14/2021 9:03:44 AM,False,5305,Accepted,
28251625,0568000,LOUISVILLE METRO POLICE DEPT,Accepted,JEFFERSON,,,3RD,ST,S,,WELLINGTON,,,,,38.183890610,-85.765827819,1.153,6/13/2021 12:00:00 AM,1841,2,1,0,1,CLEAR,DRY,False,COLLISION WITH BICYCLE IN INTERSECTION,SINGLE VEHICLE,STRAIGHT & LEVEL,DAYLIGHT,,,6/14/2021 9:03:36 AM,False,5367,Accepted,
28251607,0568000,LOUISVILLE METRO POLICE DEPT,Accepted,JEFFERSON,,1700,OAK,ST,W,,,,,,,38.237403343,-85.786712446,1.719,6/13/2021 12:00:00 AM,1723,2,2,0,0,CLEAR,DRY,False,SIDESWIPE COLLISION - SAME DIRECTION,SIDESWIPE-SAME DIRECTION,STRAIGHT & LEVEL,DAYLIGHT,,,6/14/2021 9:00:16 AM,False,5179,Accepted,
28251608,0568000,LOUISVILLE METRO POLICE DEPT,Accepted,JEFFERSON,KY0061,,PRESTON,HWY,,,ANTLE,,,,,38.087487185,-85.667593857,0.269,6/13/2021 12:00:00 AM,1523,3,3,0,0,CLEAR,DRY,False,ANGLE COLLISION - ONE VEHICLE TURNING LEFT,ANGLE,STRAIGHT & LEVEL,DAYLIGHT,,,6/14/2021 9:00:20 AM,False,7272,Accepted,
28251609,0568000,LOUISVILLE METRO POLICE DEPT,Accepted,JEFFERSON,,,17TH,ST,S,,OAK,,,,,38.237247459,-85.783864794,1.435,6/13/2021 12:00:00 AM,1319,2,2,0,0,CLEAR,DRY,False,SIDESWIPE-SAME DIRECTION,SIDESWIPE-SAME DIRECTION,STRAIGHT & LEVEL,DAYLIGHT,,,6/14/2021 9:00:32 AM,False,5273,Accepted,
28251610,0568000,LOUISVILLE METRO POLICE DEPT,Accepted,JEFFERSON,,,OAK,ST,E,,,,,,,38.234214378,-85.747484005,0.434,6/13/2021 12:00:00 AM,1637,2,2,0,0,CLEAR,DRY,False,1 VEHICLE ENTERING/LEAVING ENTRANCE,ANGLE,STRAIGHT & LEVEL,DAYLIGHT,,,6/14/2021 9:00:43 AM,False,5258,Accepted,
28251592,0568000,LOUISVILLE METRO POLICE DEPT,Accepted,JEFFERSON,I 0264,,I264 E,,,,,,,,,38.189520680,-85.780173882,9.315,6/13/2021 12:00:00 AM,0019,2,2,0,0,CLEAR,DRY,False,REAR END IN TRAFFIC LANES BOTH VEHICLES MOVING,REAR END,STRAIGHT & LEVEL,DARK-HWY LIGHTED/ON,,,6/14/2021 8:59:28 AM,False,5205,Accepted,
28251585,0568000,LOUISVILLE METRO POLICE DEPT,Accepted,JEFFERSON,I 0264,9.6,I264 E,,,,,,,,,38.189677571,-85.770741477,9.832,6/13/2021 12:00:00 AM,0020,4,4,0,0,CLEAR,DRY,True,REAR END IN TRAFFIC LANES BOTH VEHICLES MOVING,REAR END,STRAIGHT & LEVEL,DARK-HWY LIGHTED/ON,,,6/14/2021 8:58:48 AM,False,5183,Accepted,
28264862,0568000,LOUISVILLE METRO POLICE DEPT,Accepted,JEFFERSON,,,CRITTENDEN,DR,,,PHILLIPS,,,,,38.192307153,-85.750867040,0.372,6/13/2021 12:00:00 AM,1728,2,2,0,1,CLEAR,DRY,False,OPPOSING LEFT TURN,OPPOSING LEFT TURN,STRAIGHT & LEVEL,DAYLIGHT,,,6/17/2021 8:14:58 AM,False,7398,Accepted,
28348219,0568000,LOUISVILLE METRO POLICE DEPT,Accepted,JEFFERSON,,,28TH,ST,S,,MARKET,,,,,38.259719212,-85.796525025,0.092,6/13/2021 12:00:00 AM,2247,2,2,0,1,CLEAR,DRY,True,ANGLE COLLISION - OTHER,ANGLE,STRAIGHT & LEVEL,DARK-HWY LIGHTED/ON,,,7/9/2021 8:23:42 AM,False,5271,Accepted,
28249978,0560400,SHIVELY POLICE DEPARTMENT,Accepted,JEFFERSON,US0031W,4717,DIXIE,HWY,,,,,,,,38.175063869,-85.822715882,13.801,6/13/2021 12:00:00 AM,1414,2,2,0,0,CLEAR,DRY,False,REAR END IN TRAFFIC LANES BOTH VEHICLES MOVING,REAR END,STRAIGHT & LEVEL,DAYLIGHT,,,6/13/2021 11:20:37 PM,False,7133,Accepted,
28806739,0568000,LOUISVILLE METRO POLICE DEPT,Accepted,JEFFERSON,I 0064,,I64 W,,,,,,,,,38.245233429,-85.697596357,8.018,6/13/2021 12:00:00 AM,0304,2,2,0,0,CLEAR,DRY,False,HEAD-ON COLLISION,HEAD ON,STRAIGHT & LEVEL,DARK-HWY LIGHTED/ON,,,10/8/2021 8:12:14 AM,False,7785,Accepted,
28484053,0568000,LOUISVILLE METRO POLICE DEPT,Accepted,JEFFERSON,KY3217,,37TH,ST,N,KY3082,BANK,,,,,38.272232533,-85.807347484,0.129,6/13/2021 12:00:00 AM,1747,2,2,0,0,CLEAR,DRY,False,COLLISION WITH PARKED VEHICLE,SIDESWIPE-SAME DIRECTION,STRAIGHT & LEVEL,DAYLIGHT,,,8/9/2021 7:36:16 AM,False,5108,Accepted,
28360893,0560300,ST. MATTHEWS POLICE DEPARTMENT,Accepted,JEFFERSON,US0060,3900,SHELBYVILLE,RD,,,,,,,,38.252919874,-85.655438794,3.541,6/13/2021 12:00:00 AM,0320,2,2,0,0,CLEAR,DRY,False,1 VEHICLE ENTERING/LEAVING ENTRANCE,ANGLE,STRAIGHT & LEVEL,DARK-HWY LIGHTED/ON,,,7/12/2021 9:41:21 PM,False,9139,Accepted,
28318415,0568000,LOUISVILLE METRO POLICE DEPT,Accepted,JEFFERSON,I 0264,,I264 W,,,I 0065,I65 W EXIT11 RAMP FROM  FREEDOM WAY N,,,,,38.189865537,-85.738512848,11.608,6/13/2021 12:00:00 AM,1311,3,3,0,3,CLEAR,DRY,False,OTHER INTERSECTION COLLISIONS,REAR END,STRAIGHT & LEVEL,DAYLIGHT,,,7/1/2021 9:21:59 AM,False,5287,Accepted,
28409986,0568000,LOUISVILLE METRO POLICE DEPT,Accepted,JEFFERSON,US0031W,,22ND,ST,S,,CEDAR,,,,,38.255802479,-85.787041344,20.018,6/12/2021 12:00:00 AM,1313,1,1,0,0,CLEAR,DRY,True,COLLISION WITH FIXED OBJECT IN INTERSECTION - FIRST EVENT COLLISION 09 - 32,SINGLE VEHICLE,STRAIGHT & LEVEL,DAYLIGHT,,,7/26/2021 8:05:43 AM,False,5341,Accepted,
28251552,0568000,LOUISVILLE METRO POLICE DEPT,Accepted,JEFFERSON,KY0864,,CHESTNUT,ST,E,,LIBERTY,,,,,38.249833136,-85.733170524,15.838,6/12/2021 12:00:00 AM,0412,1,1,0,1,CLEAR,DRY,False,NON-COLLISION OBJECT COLLISION,SINGLE VEHICLE,CURVE & LEVEL,DARK-HWY LIGHTED/ON,,,6/14/2021 8:56:46 AM,False,5122,Accepted,
28251558,0568000,LOUISVILLE METRO POLICE DEPT,Accepted,JEFFERSON,KY0841,,GENE SNYDER,FWY,,,,,,,,38.117080150,-85.734630225,8.392,6/12/2021 12:00:00 AM,0458,1,1,0,0,CLEAR,DRY,False,COLLISION WITH FIXED OBJECT NON - INTERSECTION - FIRST EVENT COLLISION 09 - 32 EXCLUDING 16,SINGLE VEHICLE,CURVE & HILLCREST,DARK-HWY NOT LIGHTED,,,6/14/2021 8:57:01 AM,False,7072,Accepted,
28251565,0568000,LOUISVILLE METRO POLICE DEPT,Accepted,JEFFERSON,KY1065,,OUTER,LOOP,,,,,SHEPHERDSVILLE,,DONEGAL,38.138902426,-85.656361720,7.723,6/12/2021 12:00:00 AM,1418,2,2,0,0,CLEAR,DRY,False,1 VEHICLE ENTERING/LEAVING ENTRANCE,ANGLE,STRAIGHT & GRADE,DAYLIGHT,,,6/14/2021 8:57:34 AM,False,2017,Accepted,
28251573,0568000,LOUISVILLE METRO POLICE DEPT,Accepted,JEFFERSON,,,OAK,ST,W,,,,,,,38.236435760,-85.775741875,1.075,6/12/2021 12:00:00 AM,2027,1,1,0,0,CLEAR,DRY,False,OTHER ROADWAY OR MID-BLOCK COLLISION,SINGLE VEHICLE,STRAIGHT & GRADE,DAYLIGHT,,,6/14/2021 8:58:05 AM,False,7988,Accepted,
28334724,0568000,LOUISVILLE METRO POLICE DEPT,Accepted,JEFFERSON,,917,CENTRAL,AVE,,,,,,,,38.205934781,-85.773841160,0.896,6/12/2021 12:00:00 AM,1357,2,2,0,1,CLEAR,DRY,False,REAR END IN TRAFFIC LANES BOTH VEHICLES MOVING,REAR END,STRAIGHT & LEVEL,DAYLIGHT,,,7/6/2021 8:52:51 AM,False,7398,Accepted,
28264954,0568000,LOUISVILLE METRO POLICE DEPT,Accepted,JEFFERSON,KY1450,,BLUE LICK,RD,,,,,,,,38.094065797,-85.697392646,0.564,6/12/2021 12:00:00 AM,2214,2,2,0,0,CLEAR,DRY,False,REAR END IN TRAFFIC LANES BOTH VEHICLES MOVING,REAR END,STRAIGHT & LEVEL,DARK-HWY NOT LIGHTED,,,6/17/2021 8:19:11 AM,False,5369,Accepted,
28257869,0568000,LOUISVILLE METRO POLICE DEPT,Accepted,JEFFERSON,,,STEVENS,AVE,,,NORRIS,,,,,38.229299194,-85.710373024,0.239,6/12/2021 12:00:00 AM,0230,2,2,0,0,CLOUDY,DRY,True,COLLISION WITH PARKED VEHICLE,SIDESWIPE-SAME DIRECTION,STRAIGHT & GRADE,DARK-HWY LIGHTED/ON,,,6/15/2021 3:59:08 PM,False,2034,Accepted,
28264846,0568000,LOUISVILLE METRO POLICE DEPT,Accepted,JEFFERSON,KY0864,4520,POPLAR LEVEL,RD,,,,,,,,38.158802791,-85.653547303,7.049,6/12/2021 12:00:00 AM,2330,1,1,0,0,CLEAR,DRY,False,COLLISION WITH FIXED OBJECT NON - INTERSECTION - FIRST EVENT COLLISION 09 - 32 EXCLUDING 16,SINGLE VEHICLE,STRAIGHT & LEVEL,DARK-HWY LIGHTED/ON,,,6/17/2021 8:11:10 AM,False,7339,Accepted,
28251591,0568000,LOUISVILLE METRO POLICE DEPT,Accepted,JEFFERSON,KY1020,5010,SOUTHSIDE,DR,,,AMHERST,,,,,38.174403589,-85.764673968,7.199,6/12/2021 12:00:00 AM,2132,2,2,0,0,CLEAR,DRY,True,SIDESWIPE-SAME DIRECTION,SIDESWIPE-SAME DIRECTION,STRAIGHT & LEVEL,DUSK,,,6/14/2021 8:59:16 AM,False,5324,Accepted,
28366369,0568000,LOUISVILLE METRO POLICE DEPT,Accepted,JEFFERSON,,,MAGNOLIA,AVE,W,KY1020,2ND,,,,,38.228767320,-85.758063492,0.089,6/12/2021 12:00:00 AM,2118,3,3,0,0,CLEAR,DRY,True,COLLISION WITH PARKED VEHICLE,SIDESWIPE-SAME DIRECTION,STRAIGHT & LEVEL,DAYLIGHT,,,7/14/2021 8:27:15 AM,False,5316,Accepted,
28251567,0568000,LOUISVILLE METRO POLICE DEPT,Accepted,JEFFERSON,KY1020,,SOUTHSIDE,DR,,,KENWOOD,,,,,38.156277488,-85.764650482,5.953,6/12/2021 12:00:00 AM,1558,2,2,0,0,CLEAR,DRY,False,HEAD-ON COLLISION,HEAD ON,CURVE & LEVEL,DAYLIGHT,,,6/14/2021 8:57:42 AM,False,7139,Accepted,
28251568,0568000,LOUISVILLE METRO POLICE DEPT,Accepted,JEFFERSON,,,MONTANA,AVE,,,THORNBERRY,,,,,38.206049469,-85.780345809,0.909,6/12/2021 12:00:00 AM,1643,2,2,0,1,CLEAR,DRY,True,SIDESWIPE-SAME DIRECTION,SIDESWIPE-SAME DIRECTION,STRAIGHT & LEVEL,DAYLIGHT,,,6/14/2021 8:57:47 AM,False,5287,Accepted,
28251577,0568000,LOUISVILLE METRO POLICE DEPT,Accepted,JEFFERSON,KY1819,,BILLTOWN,RD,,KY1065,LOVERS,,,,,38.166186602,-85.569370073,7.137,6/12/2021 12:00:00 AM,1828,2,2,0,0,CLEAR,DRY,True,SIDESWIPE-SAME DIRECTION,SIDESWIPE-SAME DIRECTION,STRAIGHT & LEVEL,DAYLIGHT,,,6/14/2021 8:58:23 AM,False,5383,Accepted,
28251583,0568000,LOUISVILLE METRO POLICE DEPT,Accepted,JEFFERSON,,,SHAWNEE,DR,,,HERMAN,,,,,38.262589906,-85.824514997,0.142,6/12/2021 12:00:00 AM,2150,2,2,0,0,CLEAR,DRY,False,ANGLE COLLISION - OTHER,ANGLE,STRAIGHT & LEVEL,DARK-HWY LIGHTED/ON,,,6/14/2021 8:58:42 AM,False,5164,Accepted,
28251584,0568000,LOUISVILLE METRO POLICE DEPT,Accepted,JEFFERSON,KY1865,,TAYLOR,BLVD,,,STRADER,,,,,38.191084752,-85.783350355,5.842,6/12/2021 12:00:00 AM,2305,2,2,0,1,CLEAR,DRY,False,OPPOSITE DIRECTION - BOTH VEHICLES GOING STRAIGHT AHEAD,SIDESWIPE-OPPOSITE DIRECTION,STRAIGHT & LEVEL,DARK-HWY LIGHTED/ON,,,6/14/2021 8:58:45 AM,False,5183,Accepted,
28251600,0568000,LOUISVILLE METRO POLICE DEPT,Accepted,JEFFERSON,I 0065,,I65 N,,,,,I 0065,I65 S EXIT131A RAMP TO I264 E,I 0065,I65 N EXIT131 OFF RAMP TO  FREEDOM WAY N,38.185923623,-85.724562233,130.338,6/12/2021 12:00:00 AM,1444,4,4,0,0,CLEAR,DRY,False,REAR END IN TRAFFIC LANES BOTH VEHICLES MOVING,REAR END,STRAIGHT & LEVEL,DAYLIGHT,,,6/14/2021 8:59:55 AM,True,5378,Accepted,
28251601,0568000,LOUISVILLE METRO POLICE DEPT,Accepted,JEFFERSON,,5824,BAY HARBOR,DR,,,,,,,,38.173273761,-85.639050033,0.386,6/12/2021 12:00:00 AM,0911,1,1,0,0,CLEAR,DRY,False,COLLISION WITH FIXED OBJECT NON - INTERSECTION - FIRST EVENT COLLISION 09 - 32 EXCLUDING 16,SINGLE VEHICLE,STRAIGHT & LEVEL,DAYLIGHT,,,6/14/2021 9:00:01 AM,False,5378,Accepted,
28251590,0568000,LOUISVILLE METRO POLICE DEPT,Accepted,JEFFERSON,US0150,1128,BROADWAY,,E,,,,BARRET,,ST ANTHONY,38.244204904,-85.733193944,3.761,6/12/2021 12:00:00 AM,0700,1,1,0,0,CLEAR,DRY,False,COLLISION WITH FIXED OBJECT NON - INTERSECTION - FIRST EVENT COLLISION 09 - 32 EXCLUDING 16,SINGLE VEHICLE,STRAIGHT & LEVEL,DAYLIGHT,,,6/14/2021 8:59:13 AM,False,5274,Accepted,
28256020,0568000,LOUISVILLE METRO POLICE DEPT,Accepted,JEFFERSON,,1714,RANGELAND,RD,,,,,RIDGECREST,,ROBINWOOD,38.164930711,-85.669003999,0.729,6/12/2021 12:00:00 AM,0040,1,1,0,2,CLEAR,DRY,False,COLLISION WITH FIXED OBJECT NON - INTERSECTION - FIRST EVENT COLLISION 09 - 32 EXCLUDING 16,SINGLE VEHICLE,CURVE & LEVEL,DARK-HWY NOT LIGHTED,,,6/15/2021 8:39:48 AM,False,2308,Accepted,
28286788,0568000,LOUISVILLE METRO POLICE DEPT,Accepted,JEFFERSON,,,ROY WILKINS,AVE,,,CHESTNUT,,,,,38.249823675,-85.765839040,0.538,6/12/2021 12:00:00 AM,1946,2,2,0,0,CLEAR,DRY,False,ANGLE COLLISION - OTHER,ANGLE,STRAIGHT & LEVEL,DAYLIGHT,,,6/23/2021 8:38:32 AM,False,7817,Accepted,
28264847,0568000,LOUISVILLE METRO POLICE DEPT,Accepted,JEFFERSON,I 0265,,I265 W,,,,,I 0265,I265 W EXIT12 OFF RAMP TO KY61,I 0265,I265 W EXIT14 ON RAMP FROM  COOPER CHAPEL RD,38.116144708,-85.658469234,12.715,6/12/2021 12:00:00 AM,1134,5,5,0,3,CLEAR,DRY,False,REAR END IN TRAFFIC LANES BOTH VEHICLES MOVING,REAR END,STRAIGHT & LEVEL,DAYLIGHT,,,6/17/2021 8:11:40 AM,False,7465,Accepted,
28251588,0568000,LOUISVILLE METRO POLICE DEPT,Accepted,JEFFERSON,,,RANGELAND,RD,,KY2052,SHEPHERDSVILLE,,,,,38.164498087,-85.660059563,1.216,6/12/2021 12:00:00 AM,2018,2,2,0,0,CLEAR,DRY,False,OTHER INTERSECTION COLLISIONS,REAR END,STRAIGHT & LEVEL,DAYLIGHT,,,6/14/2021 8:59:03 AM,False,5315,Accepted,
28251579,0568000,LOUISVILLE METRO POLICE DEPT,Accepted,JEFFERSON,,,ROWAN,ST,,US0150,21ST,,,,,38.261044818,-85.784268812,0.867,6/12/2021 12:00:00 AM,1909,2,2,0,0,CLEAR,DRY,False,ANGLE COLLISION - OTHER,ANGLE,CURVE & LEVEL,DAYLIGHT,,,6/14/2021 8:58:29 AM,False,5118,Accepted,
28251564,0568000,LOUISVILLE METRO POLICE DEPT,Accepted,JEFFERSON,KY1631,,CRITTENDEN,DR,,,CENTRAL,,,,,38.202904653,-85.750718169,1.036,6/12/2021 12:00:00 AM,1347,2,2,0,0,CLEAR,DRY,False,SIDESWIPE-SAME DIRECTION,SIDESWIPE-SAME DIRECTION,STRAIGHT & LEVEL,DAYLIGHT,,,6/14/2021 8:57:31 AM,False,7872,Accepted,
28251570,0568000,LOUISVILLE METRO POLICE DEPT,Accepted,JEFFERSON,,,GRADE,LN,,,,,,,,38.150986224,-85.734997072,2.564,6/12/2021 12:00:00 AM,1559,1,1,0,1,CLEAR,DRY,False,OTHER COLLISIONS ON SHOULDER,SINGLE VEHICLE,STRAIGHT & LEVEL,DAYLIGHT,,,6/14/2021 8:57:54 AM,False,7474,Accepted,
28251571,0568000,LOUISVILLE METRO POLICE DEPT,Accepted,JEFFERSON,KY1747,,FERN VALLEY,RD,,KY0864,POPLAR LEVEL,,,,,38.157811304,-85.645901293,4.778,6/12/2021 12:00:00 AM,1339,2,2,0,0,CLEAR,DRY,False,ANGLE COLLISION - OTHER,ANGLE,STRAIGHT & LEVEL,DAYLIGHT,,,6/14/2021 8:57:58 AM,False,5141,Accepted,
28251555,0568000,LOUISVILLE METRO POLICE DEPT,Accepted,JEFFERSON,,,21ST,ST,N,,ROWAN,,,,,38.261097670,-85.784471272,0.338,6/12/2021 12:00:00 AM,0412,2,2,0,0,CLEAR,DRY,True,ANGLE COLLISION - OTHER,ANGLE,CURVE & LEVEL,DARK-HWY NOT LIGHTED,,,6/14/2021 8:56:53 AM,False,5118,Accepted,
28251562,0568000,LOUISVILLE METRO POLICE DEPT,Accepted,JEFFERSON,,,STANDIFORD PLAZA,DR,,,ANTLE,,,,,38.087486198,-85.666191740,0.387,6/12/2021 12:00:00 AM,0823,2,2,0,0,CLEAR,DRY,False,ANGLE COLLISION - OTHER,ANGLE,STRAIGHT & LEVEL,DAYLIGHT,,,6/14/2021 8:57:21 AM,False,2017,Accepted,
28251563,0568000,LOUISVILLE METRO POLICE DEPT,Accepted,JEFFERSON,,629,24TH,ST,N,,MONTGOMERY,,,,,38.271320248,-85.786524920,0.767,6/12/2021 12:00:00 AM,0900,3,3,0,0,CLEAR,DRY,False,COLLISION WITH PARKED VEHICLE,REAR END,STRAIGHT & LEVEL,DAYLIGHT,,,6/14/2021 8:57:27 AM,False,5341,Accepted,
28251623,0568000,LOUISVILLE METRO POLICE DEPT,Accepted,JEFFERSON,I 0264,,I264 E,,,I 0264,I264 E EXIT10 OFF RAMP TO KY1020,,,,,38.189769688,-85.767725853,9.997,6/12/2021 12:00:00 AM,2354,3,3,0,1,CLEAR,DRY,True,OTHER INTERSECTION COLLISIONS,REAR END,STRAIGHT & LEVEL,DARK-HWY LIGHTED/ON,,,6/14/2021 9:03:14 AM,False,5196,Accepted,
28251578,0568000,LOUISVILLE METRO POLICE DEPT,Accepted,JEFFERSON,,,DIXIE,HWY,,,ORMSBY,,,,,38.235386159,-85.787583469,0.984,6/12/2021 12:00:00 AM,2150,2,2,0,0,CLEAR,DRY,False,ANGLE COLLISION - OTHER,ANGLE,STRAIGHT & LEVEL,DARK-HWY LIGHTED/ON,,,6/14/2021 8:58:26 AM,False,5303,Accepted,
28251553,0568000,LOUISVILLE METRO POLICE DEPT,Accepted,JEFFERSON,KY0061,716,LYNN,ST,,,,,,,,38.217846162,-85.744942446,10.404,6/12/2021 12:00:00 AM,0115,2,2,0,0,CLEAR,DRY,True,1 VEHICLE PARKED POSITION (NOT PARKING LOT/DRIVEWAY),REAR END,STRAIGHT & LEVEL,DARK (UNKNOWN ROADWAY LIGHTING),,,6/14/2021 8:56:49 AM,False,5050,Accepted,
28290018,0560300,ST. MATTHEWS POLICE DEPARTMENT,Accepted,JEFFERSON,I 0064,,I64 W,,,,,,,,,38.236118180,-85.646043849,10.991,6/12/2021 12:00:00 AM,0115,1,1,0,1,CLEAR,DRY,False,COLLISION WITH FIXED OBJECT NON - INTERSECTION - FIRST EVENT COLLISION 09 - 32 EXCLUDING 16,SINGLE VEHICLE,STRAIGHT & LEVEL,DARK-HWY NOT LIGHTED,,,6/24/2021 3:01:52 AM,False,9146,Accepted,
28269136,0568000,LOUISVILLE METRO POLICE DEPT,Accepted,JEFFERSON,,,MADISON,ST,W,,24TH,,,,,38.253811568,-85.791684220,1.046,6/12/2021 12:00:00 AM,2205,3,3,0,0,CLEAR,DRY,False,COLLISION WITH PARKED VEHICLE,REAR END,STRAIGHT & LEVEL,DARK-HWY LIGHTED/ON,,,6/18/2021 8:25:56 AM,False,5348,Accepted,
28282471,0568000,LOUISVILLE METRO POLICE DEPT,Accepted,JEFFERSON,KY1447,,WESTPORT,RD,,,,,,,,38.286105154,-85.576601947,4.971,6/11/2021 12:00:00 AM,1032,3,3,0,0,CLEAR,DRY,True,1 VEHICLE ENTERING/LEAVING ENTRANCE,ANGLE,STRAIGHT & LEVEL,DAYLIGHT,,,6/22/2021 8:47:23 AM,False,2738,Accepted,
28251561,0568000,LOUISVILLE METRO POLICE DEPT,Accepted,JEFFERSON,,2891,RIEDLING,DR,,,,,,,,38.261347108,-85.694693134,0.121,6/11/2021 12:00:00 AM,1145,2,2,0,0,CLOUDY,DRY,False,1 VEHICLE PARKED POSITION (NOT PARKING LOT/DRIVEWAY),BACKING,STRAIGHT & GRADE,DAYLIGHT,,,6/14/2021 8:57:16 AM,False,5353,Accepted,
28251594,0568000,LOUISVILLE METRO POLICE DEPT,Accepted,JEFFERSON,KY2052,6204,SHEPHERDSVILLE,RD,,,,,,,,38.159487195,-85.659958814,1.438,6/11/2021 12:00:00 AM,1516,2,2,0,0,CLEAR,DRY,True,OTHER ROADWAY OR MID-BLOCK COLLISION,OPPOSING LEFT TURN,STRAIGHT & LEVEL,DAYLIGHT,,,6/14/2021 8:59:35 AM,False,5027,Accepted,
28251556,0568000,LOUISVILLE METRO POLICE DEPT,Accepted,JEFFERSON,I 0264,,,,,,,,,,,38.227548210,-85.635686186,0.360,6/11/2021 12:00:00 AM,2347,1,1,0,0,CLEAR,DRY,False,COLLISION WITH FIXED OBJECT NOT IN GORE ,SINGLE VEHICLE,STRAIGHT & LEVEL,DAWN,I 0264,KY1932,6/14/2021 8:56:57 AM,False,7400,Accepted,
28251531,0568000,LOUISVILLE METRO POLICE DEPT,Accepted,JEFFERSON,,,HARVARD,DR,,,,,,,,38.223389231,-85.693989170,0.084,6/11/2021 12:00:00 AM,1051,1,1,0,0,CLEAR,DRY,False,COLLISION WITH FIXED OBJECT NON - INTERSECTION - FIRST EVENT COLLISION 09 - 32 EXCLUDING 16,SINGLE VEHICLE,STRAIGHT & LEVEL,DAYLIGHT,,,6/14/2021 8:55:39 AM,False,5112,Accepted,