IncidentID,AgencyORI,AgencyName,IncidentStatusDesc,County,RdwyNumber,Street,RoadwayName,StreetSfx,StreetDir,IntersectionRdwy,IntersectionRdwyName,BetweenStRdwy1,BetweenStRdwyName1,BetweenStRdwy2,BetweenStRdwyName2,Latitude,Longitude,Milepoint,CollisionDate,CollisionTime,UnitsInvolved,MotorVehiclesInvolved,NumberKilled,NumberInjured,Weather,RdwyConditionCode,HitandRun,DirAnalysisCode,MannerofCollision,RdwyCharacter,LightCondition,RampFromRdwyId,RampToRdwyId,AcceptedDate,IsSecondaryCollision,OwnerBadge,IncidentStatus,
28251536,0568000,LOUISVILLE METRO POLICE DEPT,Accepted,JEFFERSON,,,FIELD,AVE,,,BIRCHWOOD,,,,,38.257257077,-85.691859441,0.172,6/11/2021 12:00:00 AM,1720,1,1,0,0,CLOUDY,DRY,False,COLLISION WITH FIXED OBJECT IN INTERSECTION - FIRST EVENT COLLISION 09 - 32,SINGLE VEHICLE,STRAIGHT & LEVEL,DAYLIGHT,,,6/14/2021 8:55:53 AM,False,7028,Accepted,
28251572,0568000,LOUISVILLE METRO POLICE DEPT,Accepted,JEFFERSON,US0060A,1155,EASTERN,PKWY,,,,,,,,38.225435860,-85.727377701,5.701,6/11/2021 12:00:00 AM,2345,1,1,0,0,CLEAR,DRY,False,COLLISION IN PARKING LOT,SINGLE VEHICLE,STRAIGHT & LEVEL,DARK-HWY LIGHTED/ON,,,6/14/2021 8:58:02 AM,False,7527,Accepted,
28251012,0560400,SHIVELY POLICE DEPARTMENT,Accepted,JEFFERSON,US0031W,,DIXIE,HWY,,,,,ROCKFORD,KY2051,ROCKFORD,38.174263902,-85.823377244,13.829,6/11/2021 12:00:00 AM,2253,2,2,0,0,CLOUDY,DRY,False,1 VEHICLE ENTERING/LEAVING ENTRANCE,ANGLE,STRAIGHT & LEVEL,DARK-HWY LIGHTED/ON,,,6/14/2021 6:37:10 AM,False,7123,Accepted,
28251528,0568000,LOUISVILLE METRO POLICE DEPT,Accepted,JEFFERSON,I 0264,,I264 W,,,,,,,,,38.189828071,-85.748492591,11.096,6/11/2021 12:00:00 AM,1012,2,2,0,0,CLOUDY,DRY,False,OTHER ROADWAY OR MID-BLOCK COLLISION,REAR TO REAR,STRAIGHT & LEVEL,DAYLIGHT,,,6/14/2021 8:55:27 AM,False,7872,Accepted,
28251529,0568000,LOUISVILLE METRO POLICE DEPT,Accepted,JEFFERSON,US0031W,9711,DIXIE,HWY,,,,,CITATION,,KENDALL,38.114977357,-85.861061164,9.228,6/11/2021 12:00:00 AM,1315,2,2,0,0,CLEAR,DRY,False,COLLISION IN PARKING LOT,REAR END,STRAIGHT & LEVEL,DAYLIGHT,,,6/14/2021 8:55:31 AM,False,6318,Accepted,
28251530,0568000,LOUISVILLE METRO POLICE DEPT,Accepted,JEFFERSON,KY0864,,POPLAR LEVEL,RD,,,,,,,,38.195089873,-85.707438511,11.288,6/11/2021 12:00:00 AM,0942,2,2,0,0,CLOUDY,DRY,False,REAR END IN TRAFFIC LANES BOTH VEHICLES MOVING,REAR END,STRAIGHT & HILLCREST,DAYLIGHT,,,6/14/2021 8:55:34 AM,False,4693,Accepted,
28243774,0565000,LYNDON POLICE DEPARTMENT,Accepted,JEFFERSON,KY1747,,HURSTBOURNE,PKWY,N,US0060,SHELBYVILLE,,,,,38.246387229,-85.576799835,13.503,6/11/2021 12:00:00 AM,1052,2,2,0,0,CLEAR,DRY,False,SIDESWIPE-SAME DIRECTION,SIDESWIPE-SAME DIRECTION,STRAIGHT & LEVEL,DAYLIGHT,,,6/11/2021 4:04:41 PM,False,1320,Accepted,
28251538,0568000,LOUISVILLE METRO POLICE DEPT,Accepted,JEFFERSON,KY1934,,GREENBELT,HWY,,,,,,,,38.176440448,-85.867631757,6.848,6/11/2021 12:00:00 AM,1054,2,2,0,0,CLOUDY,DRY,False,REAR END IN TRAFFIC LANES BOTH VEHICLES MOVING,REAR END,STRAIGHT & LEVEL,DAYLIGHT,,,6/14/2021 8:55:56 AM,False,7234,Accepted,
28251539,0568000,LOUISVILLE METRO POLICE DEPT,Accepted,JEFFERSON,US0031W,,DIXIE,HWY,,,BLANTON,,,,,38.157368992,-85.833961594,12.528,6/11/2021 12:00:00 AM,1422,2,2,0,1,CLEAR,DRY,False,ANGLE COLLISION - OTHER,ANGLE,STRAIGHT & LEVEL,DAYLIGHT,,,6/14/2021 8:55:59 AM,False,7234,Accepted,
28251546,0568000,LOUISVILLE METRO POLICE DEPT,Accepted,JEFFERSON,KY1934,,CANE RUN,RD,,,PENWAY,,,,,38.223829066,-85.809982649,11.408,6/11/2021 12:00:00 AM,1833,2,2,0,0,RAINING,WET,True,OPPOSITE DIRECTION - BOTH VEHICLES GOING STRAIGHT AHEAD,SIDESWIPE-OPPOSITE DIRECTION,STRAIGHT & LEVEL,DAYLIGHT,,,6/14/2021 8:56:23 AM,False,5325,Accepted,
28251547,0568000,LOUISVILLE METRO POLICE DEPT,Accepted,JEFFERSON,KY1931,7100BK,ST ANDREWS CHURCH,RD,,,CARDINAL OAKS,,,,,38.152913860,-85.817281491,4.555,6/11/2021 12:00:00 AM,2044,2,2,0,0,CLEAR,WET,False,REAR END - ONE VEHICLE TURNING RIGHT,REAR END,STRAIGHT & LEVEL,DAYLIGHT,,,6/14/2021 8:56:26 AM,False,5110,Accepted,
28292110,0560600,WEST BUECHEL POLICE DEPT.,Accepted,JEFFERSON,,2020,BASHFORD MANOR,LN,,,,,,,,38.200902773,-85.668198397,0.246,6/11/2021 12:00:00 AM,1545,2,2,0,0,CLEAR,DRY,False,COLLISION IN PARKING LOT,ANGLE,STRAIGHT & LEVEL,DAYLIGHT,,,6/24/2021 3:45:48 PM,False,1292,Accepted,
28256013,0568000,LOUISVILLE METRO POLICE DEPT,Accepted,JEFFERSON,,7011,JOHNSONTOWN,RD,,,,,,,,38.116197109,-85.890189304,2.146,6/11/2021 12:00:00 AM,1730,2,2,0,0,CLEAR,DRY,False,1 VEHICLE ENTERING/LEAVING ENTRANCE,ANGLE,STRAIGHT & LEVEL,DAYLIGHT,,,6/15/2021 8:39:13 AM,False,7205,Accepted,
29187051,0568000,LOUISVILLE METRO POLICE DEPT,Accepted,JEFFERSON,KY1932,4012,BRECKENRIDGE,LN,,,,,,,,38.189247476,-85.625860920,0.554,6/11/2021 12:00:00 AM,1503,2,2,0,1,CLEAR,DRY,False,REAR END IN TRAFFIC LANES BOTH VEHICLES MOVING,REAR END,STRAIGHT & LEVEL,DAYLIGHT,,,11/5/2021 8:21:18 AM,False,7294,Accepted,
28251576,0568000,LOUISVILLE METRO POLICE DEPT,Accepted,JEFFERSON,US0031E,2911,BARDSTOWN,RD,,,,,,,,38.216162320,-85.675270104,12.429,6/11/2021 12:00:00 AM,0236,2,2,0,0,CLEAR,DRY,False,COLLISION IN PARKING LOT,BACKING,STRAIGHT & LEVEL,DARK-HWY LIGHTED/ON,,,6/14/2021 8:58:19 AM,False,7376,Accepted,
28251550,0568000,LOUISVILLE METRO POLICE DEPT,Accepted,JEFFERSON,KY1865,,TAYLOR,BLVD,,,CAMDEN,,,,,38.192475694,-85.783325462,5.929,6/11/2021 12:00:00 AM,1821,2,2,0,0,CLOUDY,DRY,True,OTHER INTERSECTION COLLISIONS,REAR END,STRAIGHT & LEVEL,DAYLIGHT,,,6/14/2021 8:56:39 AM,False,5205,Accepted,
28251582,0568000,LOUISVILLE METRO POLICE DEPT,Accepted,JEFFERSON,,4817,WATTERSON,TRL,S,,,,,,,38.177884587,-85.622629530,0.067,6/11/2021 12:00:00 AM,2034,1,1,0,0,CLEAR,DRY,True,COLLISION WITH FIXED OBJECT NON - INTERSECTION - FIRST EVENT COLLISION 09 - 32 EXCLUDING 16,SINGLE VEHICLE,STRAIGHT & LEVEL,DAYLIGHT,,,6/14/2021 8:58:38 AM,False,5182,Accepted,
28251593,0568000,LOUISVILLE METRO POLICE DEPT,Accepted,JEFFERSON,KY1931,,MANSLICK,RD,,,CRUMS,,,,,38.189238791,-85.801317259,7.929,6/11/2021 12:00:00 AM,1340,2,2,0,3,CLEAR,DRY,False,OPPOSING LEFT TURN,OPPOSING LEFT TURN,STRAIGHT & LEVEL,DAYLIGHT,,,6/14/2021 8:59:32 AM,False,5252,Accepted,
28251559,0568000,LOUISVILLE METRO POLICE DEPT,Accepted,JEFFERSON,KY1865,,TAYLOR,BLVD,,I 0264,I264 E EXIT9 OFF RAMP TO KY1865 N,,,,,38.186654911,-85.783809581,5.531,6/11/2021 12:00:00 AM,2239,2,2,0,0,CLEAR,DRY,False,ANGLE COLLISION - OTHER,ANGLE,STRAIGHT & LEVEL,DARK-HWY LIGHTED/ON,,,6/14/2021 8:57:06 AM,False,5183,Accepted,
28251551,0568000,LOUISVILLE METRO POLICE DEPT,Accepted,JEFFERSON,US0031W,7400,DIXIE,HWY,,,,,SEIBEL,KY1931,GREENWOOD,38.142777077,-85.840024664,11.629,6/11/2021 12:00:00 AM,1902,2,2,0,1,CLOUDY,WET,False,1 VEHICLE ENTERING OR LEAVING PARKED POSITION (NOT PARKING LOT),HEAD ON,STRAIGHT & LEVEL,DUSK,,,6/14/2021 8:56:42 AM,False,5211,Accepted,
28251542,0568000,LOUISVILLE METRO POLICE DEPT,Accepted,JEFFERSON,I 0071,,I71 S,,,,,,,,,38.290608821,-85.642975007,5.281,6/11/2021 12:00:00 AM,1118,2,2,0,0,CLOUDY,DRY,False,REAR END IN TRAFFIC LANES BOTH VEHICLES MOVING,REAR END,STRAIGHT & HILLCREST,DAYLIGHT,,,6/14/2021 8:56:10 AM,False,7751,Accepted,
28251543,0568000,LOUISVILLE METRO POLICE DEPT,Accepted,JEFFERSON,KY0841,,GENE SNYDER,FWY,,,,,,,,38.317061333,-85.589006504,35.139,6/11/2021 12:00:00 AM,1910,1,1,0,0,RAINING,WET,False,OTHER COLLISIONS ON SHOULDER,SINGLE VEHICLE,STRAIGHT & LEVEL,DAYLIGHT,,,6/14/2021 8:56:13 AM,False,7751,Accepted,
28251541,0568000,LOUISVILLE METRO POLICE DEPT,Accepted,JEFFERSON,US0031W,8318,DIXIE,HWY,,,,,,,,38.131266426,-85.847358766,10.591,6/11/2021 12:00:00 AM,1805,3,3,0,0,RAINING,WET,False,OTHER ROADWAY OR MID-BLOCK COLLISION,REAR END,STRAIGHT & LEVEL,DAYLIGHT,,,6/14/2021 8:56:06 AM,False,6758,Accepted,
28251548,0568000,LOUISVILLE METRO POLICE DEPT,Accepted,JEFFERSON,US0031,,CLARK MEMORIAL,BRG,,,,,,,,38.259282450,-85.752637503,0.213,6/11/2021 12:00:00 AM,2126,3,3,0,0,CLEAR,DRY,False,OTHER ROADWAY OR MID-BLOCK COLLISION,REAR END,STRAIGHT & LEVEL,DARK-HWY LIGHTED/OFF,,,6/14/2021 8:56:30 AM,False,7111,Accepted,
28251549,0568000,LOUISVILLE METRO POLICE DEPT,Accepted,JEFFERSON,US0042,1811,BROWNSBORO,RD,,,,,,,,38.260048921,-85.716172966,1.059,6/11/2021 12:00:00 AM,2041,2,2,0,0,CLEAR,WET,False,OTHER ROADWAY OR MID-BLOCK COLLISION,REAR END,STRAIGHT & LEVEL,DAYLIGHT,,,6/14/2021 8:56:33 AM,False,5240,Accepted,
28251526,0568000,LOUISVILLE METRO POLICE DEPT,Accepted,JEFFERSON,,5401,YE OLD POST,RD,,,,,,,,38.151794363,-85.659015421,0.039,6/11/2021 12:00:00 AM,0815,2,2,0,1,CLOUDY,DRY,False,1 VEHICLE ENTERING OR LEAVING PARKED POSITION (NOT PARKING LOT),REAR END,STRAIGHT & LEVEL,DAYLIGHT,,,6/14/2021 8:55:20 AM,False,7486,Accepted,
28251532,0568000,LOUISVILLE METRO POLICE DEPT,Accepted,JEFFERSON,,1619,ARCADE,AVE,,,,KY1931,7TH ST,CS1066F,COLORADO,38.208865316,-85.786433134,0.539,6/11/2021 12:00:00 AM,1400,3,3,0,0,CLEAR,DRY,False,REAR END IN TRAFFIC LANES BOTH VEHICLES MOVING,REAR END,STRAIGHT & LEVEL,DAYLIGHT,,,6/14/2021 8:55:42 AM,False,7689,Accepted,
28251533,0568000,LOUISVILLE METRO POLICE DEPT,Accepted,JEFFERSON,,,SMYRNA,PKWY,,I 0265,I265 W EXIT14 ON RAMP FROM  COOPER CHAPEL RD,,,,,38.117001998,-85.643598032,1.447,6/11/2021 12:00:00 AM,1514,2,2,0,0,CLEAR,DRY,False,OPPOSING LEFT TURN,OPPOSING LEFT TURN,STRAIGHT & LEVEL,DAYLIGHT,,,6/14/2021 8:55:46 AM,False,5356,Accepted,
28251534,0568000,LOUISVILLE METRO POLICE DEPT,Accepted,JEFFERSON,KY0841,,,,,,,,,,,38.120880045,-85.775370915,0.245,6/11/2021 12:00:00 AM,1024,2,2,0,0,CLEAR,DRY,False,COLLISION WITH FIXED OBJECT NOT IN GORE ,SIDESWIPE-SAME DIRECTION,CURVE & GRADE,DAYLIGHT,KY0841,KY1865,6/14/2021 8:55:49 AM,False,5357,Accepted,
28251540,0568000,LOUISVILLE METRO POLICE DEPT,Accepted,JEFFERSON,I 0064,,I64 W,,,I 0064,I64 W EXIT12 RAMP TO I264 E,,,,,38.234642109,-85.613235391,12.850,6/11/2021 12:00:00 AM,0706,1,1,0,1,CLOUDY,DRY,False,COLLISION WITH FIXED OBJECT IN INTERSECTION - FIRST EVENT COLLISION 09 - 32,SINGLE VEHICLE,STRAIGHT & LEVEL,DAYLIGHT,,,6/14/2021 8:56:03 AM,False,6456,Accepted,
28242241,0568000,LOUISVILLE METRO POLICE DEPT,Accepted,JEFFERSON,,1527,WINTER,AVE,,,,,,,,38.237648990,-85.723707185,0.040,6/11/2021 12:00:00 AM,0354,2,2,0,0,CLEAR,DRY,False,1 VEHICLE PARKED POSITION (NOT PARKING LOT/DRIVEWAY),ANGLE,CURVE & GRADE,DARK-HWY LIGHTED/ON,,,6/11/2021 8:56:53 AM,False,5195,Accepted,
28242216,0568000,LOUISVILLE METRO POLICE DEPT,Accepted,JEFFERSON,KY0864,,CAMPBELL,ST,S,US0150,BROADWAY,,,,,38.244534271,-85.737554515,15.433,6/10/2021 12:00:00 AM,1331,2,2,0,1,CLEAR,DRY,False,ANGLE COLLISION - OTHER,ANGLE,STRAIGHT & LEVEL,DAYLIGHT,,,6/11/2021 8:56:13 AM,False,7239,Accepted,
28242218,0568000,LOUISVILLE METRO POLICE DEPT,Accepted,JEFFERSON,I 0071,,,,,,,,,,,38.316589780,-85.577363994,0.373,6/10/2021 12:00:00 AM,1741,2,2,0,3,CLOUDY,DRY,False,OTHER RAMP RELATED COLLISIONS NOT LISTED ABOVE,REAR END,CURVE & HILLCREST,DAYLIGHT,I 0071,I 0071,6/11/2021 8:56:17 AM,False,5113,Accepted,
28242232,0568000,LOUISVILLE METRO POLICE DEPT,Accepted,JEFFERSON,,7802,ROCHELLE,RD,,,,,,,,38.130802163,-85.635431512,0.471,6/10/2021 12:00:00 AM,2344,2,2,0,0,CLEAR,DRY,False,1 VEHICLE PARKED POSITION (NOT PARKING LOT/DRIVEWAY),SIDESWIPE-OPPOSITE DIRECTION,STRAIGHT & LEVEL,DARK-HWY NOT LIGHTED,,,6/11/2021 8:56:40 AM,False,7106,Accepted,
28242243,0568000,LOUISVILLE METRO POLICE DEPT,Accepted,JEFFERSON,,,FRANKFORT,AVE,,US0042,STORY,,,,,38.258759530,-85.721429614,0.005,6/10/2021 12:00:00 AM,1005,2,2,0,0,CLEAR,DRY,False,OTHER INTERSECTION COLLISIONS,REAR END,STRAIGHT & GRADE,DARK-HWY LIGHTED/ON,,,6/11/2021 8:56:56 AM,False,5295,Accepted,
28242200,0568000,LOUISVILLE METRO POLICE DEPT,Accepted,JEFFERSON,,,EDITH,RD,,,MELLWOOD,,,,,38.266205674,-85.709190250,0.385,6/10/2021 12:00:00 AM,1244,2,2,0,0,CLEAR,DRY,False,ANGLE COLLISION - OTHER,ANGLE,STRAIGHT & LEVEL,DAYLIGHT,,,6/11/2021 8:55:12 AM,False,5358,Accepted,
28242201,0568000,LOUISVILLE METRO POLICE DEPT,Accepted,JEFFERSON,US0031E,7915,BARDSTOWN,RD,,,,,,,,38.133665459,-85.578889501,4.324,6/10/2021 12:00:00 AM,1513,2,1,0,1,CLOUDY,DRY,False,COLLISION IN PARKING LOT,SINGLE VEHICLE,STRAIGHT & LEVEL,DAYLIGHT,,,6/11/2021 8:55:15 AM,False,7755,Accepted,
28242208,0568000,LOUISVILLE METRO POLICE DEPT,Accepted,JEFFERSON,,,CRITTENDEN,DR,,,,,,,,38.212935905,-85.751184687,0.273,6/10/2021 12:00:00 AM,1401,2,2,0,0,CLOUDY,DRY,False,SIDESWIPE COLLISION - OPPOSITE DIRECTION,SIDESWIPE-OPPOSITE DIRECTION,STRAIGHT & LEVEL,DAYLIGHT,,,6/11/2021 8:55:38 AM,False,5180,Accepted,
28242209,0568000,LOUISVILLE METRO POLICE DEPT,Accepted,JEFFERSON,I 0065,,I65 S,,,,,,,,,38.248951853,-85.752191833,135.480,6/10/2021 12:00:00 AM,1351,2,2,0,1,CLOUDY,DRY,False,SIDESWIPE COLLISION - SAME DIRECTION,SIDESWIPE-SAME DIRECTION,STRAIGHT & LEVEL,DAYLIGHT,,,6/11/2021 8:55:42 AM,False,5180,Accepted,
28242214,0568000,LOUISVILLE METRO POLICE DEPT,Accepted,JEFFERSON,KY0061,,PRESTON,HWY,,,,,MINOR,,LAVISTA,38.144783484,-85.690244486,4.429,6/10/2021 12:00:00 AM,1707,2,2,0,0,CLOUDY,WET,False,OTHER ROADWAY OR MID-BLOCK COLLISION,REAR END,STRAIGHT & LEVEL,DAYLIGHT,,,6/11/2021 8:56:04 AM,False,2324,Accepted,
28242224,0568000,LOUISVILLE METRO POLICE DEPT,Accepted,JEFFERSON,,7710,ARNOLDTOWN,RD,,,,,,,,38.147712865,-85.823557082,0.129,6/10/2021 12:00:00 AM,1845,1,1,0,0,CLOUDY,DRY,False,OTHER ROADWAY OR MID-BLOCK COLLISION,SINGLE VEHICLE,STRAIGHT & HILLCREST,DAYLIGHT,,,6/11/2021 8:56:26 AM,False,7234,Accepted,
28243746,0561500,UNIV. OF LOUISVILLE POLICE,Accepted,JEFFERSON,,,S BROOK CONNECTOR,,,,,,,,,38.206857750,-85.760868545,0.141,6/10/2021 12:00:00 AM,1543,2,2,0,0,CLOUDY,DRY,False,COLLISION IN PARKING LOT,BACKING,STRAIGHT & LEVEL,DAYLIGHT,,,6/11/2021 4:03:03 PM,False,5691,Accepted,
28362282,0568000,LOUISVILLE METRO POLICE DEPT,Accepted,JEFFERSON,I 0064E,,,,,,,,,,,38.257972825,-85.723634369,0.145,6/10/2021 12:00:00 AM,0933,2,2,0,0,CLOUDY,DRY,False,OTHER RAMP RELATED COLLISIONS NOT LISTED ABOVE,REAR END,CURVE & GRADE,DAYLIGHT,I 0064,STORY AVE,7/13/2021 8:53:00 AM,False,7940,Accepted,
28240956,0561000,JEFFERSONTOWN POLICE DEPT,Accepted,JEFFERSON,KY1747,,HURSTBOURNE,PKWY,S,,,KY6159,BLUEGRASS PKWY ACCESS,I 0064,I64 E EXIT15B OFF RAMP TO KY1747,38.220908579,-85.580731125,11.696,6/10/2021 12:00:00 AM,1758,2,2,0,0,CLOUDY,WET,False,OTHER ROADWAY OR MID-BLOCK COLLISION,OPPOSING LEFT TURN,STRAIGHT & LEVEL,DAYLIGHT,,,6/10/2021 11:02:47 PM,False,8312,Accepted,
28242244,0568000,LOUISVILLE METRO POLICE DEPT,Accepted,JEFFERSON,US0031W,,22ND,ST,S,,MUHAMMAD ALI,,,,,38.254482565,-85.787282789,19.920,6/10/2021 12:00:00 AM,2325,2,2,0,0,CLEAR,DRY,False,OTHER INTERSECTION COLLISIONS,REAR END,STRAIGHT & LEVEL,DARK-HWY LIGHTED/ON,,,6/11/2021 8:57:00 AM,False,5306,Accepted,
28242245,0568000,LOUISVILLE METRO POLICE DEPT,Accepted,JEFFERSON,KY1934,,CANE RUN,RD,,,LIONS ARMS,,,,,38.177724910,-85.864218428,7.053,6/10/2021 12:00:00 AM,2003,2,2,0,0,CLEAR,WET,False,ANGLE COLLISION - OTHER,ANGLE,STRAIGHT & LEVEL,DARK-HWY LIGHTED/ON,,,6/11/2021 8:57:04 AM,False,5318,Accepted,
28242204,0568000,LOUISVILLE METRO POLICE DEPT,Accepted,JEFFERSON,KY1865,,TAYLOR,BLVD,,,STRADER,,,,,38.191128025,-85.783313830,5.840,6/10/2021 12:00:00 AM,1419,2,2,0,1,CLOUDY,DRY,False,SIDESWIPE-SAME DIRECTION,SIDESWIPE-SAME DIRECTION,STRAIGHT & LEVEL,DAYLIGHT,,,6/11/2021 8:55:25 AM,False,7360,Accepted,
28242205,0568000,LOUISVILLE METRO POLICE DEPT,Accepted,JEFFERSON,KY1065,,OUTER,LOOP,,I 0065,I65 N EXIT127 ON RAMP FROM KY1065,,,,,38.136695358,-85.702470059,5.187,6/10/2021 12:00:00 AM,1445,2,2,0,0,CLOUDY,DRY,False,OTHER INTERSECTION COLLISIONS,REAR END,CURVE & GRADE,DAYLIGHT,,,6/11/2021 8:55:28 AM,False,7397,Accepted,
28242212,0568000,LOUISVILLE METRO POLICE DEPT,Accepted,JEFFERSON,KY1447,,WESTPORT,RD,,,,,,,,38.293503392,-85.559749849,5.996,6/10/2021 12:00:00 AM,1515,2,2,0,1,CLEAR,DRY,False,1 VEHICLE ENTERING/LEAVING ENTRANCE,ANGLE,STRAIGHT & LEVEL,DAYLIGHT,,,6/11/2021 8:55:57 AM,False,7615,Accepted,
28242220,0568000,LOUISVILLE METRO POLICE DEPT,Accepted,JEFFERSON,US0031W,,DIXIE,HWY,,,,,,,,38.168630382,-85.828549108,13.266,6/10/2021 12:00:00 AM,1606,2,2,0,0,CLOUDY,WATER (STANDING OR MOVING),False,REAR END IN TRAFFIC LANES BOTH VEHICLES MOVING,REAR END,STRAIGHT & LEVEL,DAYLIGHT,,,6/11/2021 8:56:23 AM,False,7234,Accepted,
28242194,0568000,LOUISVILLE METRO POLICE DEPT,Accepted,JEFFERSON,US0031W,,DIXIE,HWY,,,PENDLETON,,,,,38.062367674,-85.886716166,5.297,6/10/2021 12:00:00 AM,0739,2,2,0,0,CLOUDY,WET,False,ANGLE COLLISION - OTHER,ANGLE,STRAIGHT & LEVEL,DAYLIGHT,,,6/11/2021 8:55:04 AM,False,2021,Accepted,
28242202,0568000,LOUISVILLE METRO POLICE DEPT,Accepted,JEFFERSON,US0150,,BROADWAY,,E,,,,LOGAN,KY0864,CAMPBELL,38.244535865,-85.737507328,3.514,6/10/2021 12:00:00 AM,1440,2,1,0,1,CLOUDY,DRY,False,COLLISION WITH PEDESTRIAN NON - INTERSECTION,SINGLE VEHICLE,STRAIGHT & LEVEL,DAYLIGHT,,,6/11/2021 8:55:18 AM,False,6929,Accepted,
28242210,0568000,LOUISVILLE METRO POLICE DEPT,Accepted,JEFFERSON,I 0265,,I265 W,,,,,,,,,38.115941647,-85.657554313,12.759,6/10/2021 12:00:00 AM,1445,2,2,0,0,CLEAR,DRY,False,SIDESWIPE COLLISION - SAME DIRECTION,SIDESWIPE-SAME DIRECTION,STRAIGHT & LEVEL,DAWN,,,6/11/2021 8:55:46 AM,False,7989,Accepted,
28242211,0568000,LOUISVILLE METRO POLICE DEPT,Accepted,JEFFERSON,US0031W,,DIXIE,HWY,,,,,SAFFRON,,ROSE FARM,38.145679246,-85.838620044,11.821,6/10/2021 12:00:00 AM,1620,2,2,0,2,RAINING,WET,False,SIDESWIPE COLLISION - SAME DIRECTION,SIDESWIPE-SAME DIRECTION,CURVE & LEVEL,DAYLIGHT,,,6/11/2021 8:55:50 AM,False,2457,Accepted,
28242228,0568000,LOUISVILLE METRO POLICE DEPT,Accepted,JEFFERSON,KY1065,4108,OUTER,LOOP,,,,,,,,38.138294964,-85.685860894,6.099,6/10/2021 12:00:00 AM,1944,2,2,0,0,CLEAR,DRY,False,1 VEHICLE PARKED POSITION (NOT PARKING LOT/DRIVEWAY),REAR END,STRAIGHT & LEVEL,DAYLIGHT,,,6/11/2021 8:56:29 AM,False,5101,Accepted,
28242235,0568000,LOUISVILLE METRO POLICE DEPT,Accepted,JEFFERSON,US0060,15413,SHELBYVILLE,RD,,,,,,,,38.235942023,-85.476957284,13.553,6/10/2021 12:00:00 AM,2105,2,2,0,0,CLEAR,DRY,False,1 VEHICLE ENTERING/LEAVING ENTRANCE,ANGLE,STRAIGHT & GRADE,DARK-HWY LIGHTED/ON,,,6/11/2021 8:56:43 AM,False,5322,Accepted,
28242236,0568000,LOUISVILLE METRO POLICE DEPT,Accepted,JEFFERSON,KY0864,4930,POPLAR LEVEL,RD,,,,,,,,38.166462371,-85.680895388,8.806,6/10/2021 12:00:00 AM,2035,2,1,0,1,CLEAR,DRY,False,COLLISION IN PARKING LOT,SINGLE VEHICLE,STRAIGHT & LEVEL,DAYLIGHT,,,6/11/2021 8:56:47 AM,False,5342,Accepted,
28242239,0568000,LOUISVILLE METRO POLICE DEPT,Accepted,JEFFERSON,US0031E,,MARKET,ST,E,,SHELBY,,,,,38.253154871,-85.737975495,16.932,6/10/2021 12:00:00 AM,2302,2,2,0,0,CLEAR,DRY,False,ANGLE COLLISION - OTHER,ANGLE,STRAIGHT & LEVEL,DARK-HWY LIGHTED/ON,,,6/11/2021 8:56:50 AM,False,5316,Accepted,
28242247,0568000,LOUISVILLE METRO POLICE DEPT,Accepted,JEFFERSON,KY0061,,PRESTON,HWY,,,INDIAN,,,,,38.169335045,-85.707154729,6.390,6/10/2021 12:00:00 AM,2200,2,2,0,0,CLEAR,DRY,False,OTHER INTERSECTION COLLISIONS,REAR END,STRAIGHT & LEVEL,DARK (UNKNOWN ROADWAY LIGHTING),,,6/11/2021 8:57:07 AM,False,5286,Accepted,
28238269,0568000,LOUISVILLE METRO POLICE DEPT,Accepted,JEFFERSON,,,OAK,ST,W,KY1020,2ND,,,,,38.234709683,-85.757003742,0.091,6/10/2021 12:00:00 AM,0447,2,2,0,2,CLOUDY,DRY,False,ANGLE COLLISION - OTHER,ANGLE,STRAIGHT & LEVEL,DARK-HWY NOT LIGHTED,,,6/10/2021 9:07:09 AM,False,5230,Accepted,
28242203,0568000,LOUISVILLE METRO POLICE DEPT,Accepted,JEFFERSON,,,BROADWAY,,W,,30TH,,,,,38.249698360,-85.801687500,0.728,6/10/2021 12:00:00 AM,1500,2,2,0,0,CLEAR,DRY,False,ANGLE COLLISION - OTHER,ANGLE,STRAIGHT & LEVEL,DAYLIGHT,,,6/11/2021 8:55:21 AM,False,5354,Accepted,
28251544,0568000,LOUISVILLE METRO POLICE DEPT,Accepted,JEFFERSON,US0060,,SHELBYVILLE,RD,,,,,,,,38.233246653,-85.456098318,14.637,6/10/2021 12:00:00 AM,1611,3,3,0,0,CLOUDY,DRY,False,OTHER ROADWAY OR MID-BLOCK COLLISION,OPPOSING LEFT TURN,CURVE & HILLCREST,DAYLIGHT,,,6/14/2021 8:56:16 AM,False,7751,Accepted,
28264951,0568000,LOUISVILLE METRO POLICE DEPT,Accepted,JEFFERSON,KY1747,,HURSTBOURNE,PKWY,,,HAMES,,,,,38.166645594,-85.606517130,7.307,6/10/2021 12:00:00 AM,1715,2,2,0,0,CLOUDY,DRY,False,ANGLE COLLISION - OTHER,ANGLE,STRAIGHT & LEVEL,DAYLIGHT,,,6/17/2021 8:18:38 AM,False,7914,Accepted,