IncidentID,AgencyORI,AgencyName,IncidentStatusDesc,County,RdwyNumber,Street,RoadwayName,StreetSfx,StreetDir,IntersectionRdwy,IntersectionRdwyName,BetweenStRdwy1,BetweenStRdwyName1,BetweenStRdwy2,BetweenStRdwyName2,Latitude,Longitude,Milepoint,CollisionDate,CollisionTime,UnitsInvolved,MotorVehiclesInvolved,NumberKilled,NumberInjured,Weather,RdwyConditionCode,HitandRun,DirAnalysisCode,MannerofCollision,RdwyCharacter,LightCondition,RampFromRdwyId,RampToRdwyId,AcceptedDate,IsSecondaryCollision,OwnerBadge,IncidentStatus,
28306163,0568000,LOUISVILLE METRO POLICE DEPT,Accepted,JEFFERSON,US0060A,,EASTERN,PKWY,,KY0061,PRESTON,,,,,38.214601015,-85.743123744,4.549,6/10/2021 12:00:00 AM,1359,2,2,0,0,CLEAR,DRY,False,ANGLE COLLISION - OTHER,ANGLE,STRAIGHT & LEVEL,DAYLIGHT,,,6/28/2021 2:23:48 PM,False,5120,Accepted,
28278236,0568000,LOUISVILLE METRO POLICE DEPT,Accepted,JEFFERSON,US0042,,BROWNSBORO,RD,,,CRESCENT,,,,,38.260034324,-85.688209819,2.606,6/10/2021 12:00:00 AM,1748,2,2,0,0,CLEAR,DRY,False,ANGLE COLLISION - OTHER,ANGLE,STRAIGHT & LEVEL,DAYLIGHT,,,6/21/2021 8:23:13 AM,False,5358,Accepted,
28278310,0568000,LOUISVILLE METRO POLICE DEPT,Accepted,JEFFERSON,,,PARIS,DR,,US0031E,BARDSTOWN,,,,,38.201880265,-85.663881982,0.001,6/10/2021 12:00:00 AM,1856,2,2,0,0,CLEAR,DRY,True,HEAD-ON COLLISION,HEAD ON,STRAIGHT & LEVEL,DAYLIGHT,,,6/21/2021 8:27:04 AM,False,5106,Accepted,
28278404,0568000,LOUISVILLE METRO POLICE DEPT,Accepted,JEFFERSON,US0031W,,DIXIE,HWY,,KY1931,GREENWOOD,,,,,38.143479172,-85.839685827,11.690,6/10/2021 12:00:00 AM,2135,3,3,0,1,CLEAR,WET,False,ANGLE COLLISION - OTHER,ANGLE,STRAIGHT & LEVEL,DARK-HWY LIGHTED/ON,,,6/21/2021 8:32:59 AM,True,5318,Accepted,
28281045,0560400,SHIVELY POLICE DEPARTMENT,Accepted,JEFFERSON,I 0264,,I264 E,,,,,,,,,38.185188454,-85.813248848,7.440,6/10/2021 12:00:00 AM,1146,2,2,0,0,CLEAR,DRY,False,SIDESWIPE COLLISION - SAME DIRECTION,SIDESWIPE-SAME DIRECTION,STRAIGHT & LEVEL,DAYLIGHT,,,6/21/2021 8:19:08 PM,False,7133,Accepted,
28278328,0568000,LOUISVILLE METRO POLICE DEPT,Accepted,JEFFERSON,I 0264,,I264 W,,,,,,,,,38.217921664,-85.822408267,4.359,6/9/2021 12:00:00 AM,2300,2,2,0,0,CLEAR,DRY,False,1 VEHICLE ENTERING/LEAVING ENTRANCE,ANGLE,STRAIGHT & LEVEL,DARK-HWY LIGHTED/ON,,,6/21/2021 8:27:57 AM,False,7154,Accepted,
28269134,0568000,LOUISVILLE METRO POLICE DEPT,Accepted,JEFFERSON,KY0155,,TAYLORSVILLE,RD,,,POPE LICK,,,,,38.190732980,-85.486959065,4.868,6/9/2021 12:00:00 AM,0730,3,3,0,1,CLEAR,DRY,False,ANGLE COLLISION - ONE VEHICLE TURNING LEFT,ANGLE,STRAIGHT & LEVEL,DAWN,,,6/18/2021 8:25:35 AM,False,7827,Accepted,
28256015,0568000,LOUISVILLE METRO POLICE DEPT,Accepted,JEFFERSON,,,CHESTNUT,ST,E,KY0061,JACKSON,,,,,38.247565020,-85.745197481,0.424,6/9/2021 12:00:00 AM,1710,2,2,0,0,CLEAR,DRY,False,ANGLE COLLISION - OTHER,ANGLE,STRAIGHT & LEVEL,DAYLIGHT,,,6/15/2021 8:39:19 AM,False,7058,Accepted,
28238241,0568000,LOUISVILLE METRO POLICE DEPT,Accepted,JEFFERSON,US0031,,CLARK MEMORIAL,BRG,,,,,,,,38.259242263,-85.752643404,0.210,6/9/2021 12:00:00 AM,1253,4,4,0,1,CLOUDY,WET,False,OTHER ROADWAY OR MID-BLOCK COLLISION,REAR END,STRAIGHT & GRADE,DAYLIGHT,,,6/10/2021 9:05:29 AM,False,5105,Accepted,
28238275,0568000,LOUISVILLE METRO POLICE DEPT,Accepted,JEFFERSON,I 0265,,I265 S,,,,,I 0265,I265 S EXIT34 OFF RAMP TO KY22,I 0071,I71 N EXIT9A RAMP TO I265 E,38.311785838,-85.576679071,34.346,6/9/2021 12:00:00 AM,1702,2,2,0,2,CLEAR,DRY,False,OTHER ROADWAY OR MID-BLOCK COLLISION,REAR END,STRAIGHT & LEVEL,DAYLIGHT,,,6/10/2021 9:07:33 AM,False,7751,Accepted,
28238276,0568000,LOUISVILLE METRO POLICE DEPT,Accepted,JEFFERSON,I 0071,,I71 S,,,,,,,,,38.300468038,-85.615238279,7.002,6/9/2021 12:00:00 AM,1803,1,1,0,1,CLEAR,DRY,False,OTHER COLLISIONS ON SHOULDER,SINGLE VEHICLE,CURVE & LEVEL,DAYLIGHT,,,6/10/2021 9:07:37 AM,False,7751,Accepted,
28233824,0568000,LOUISVILLE METRO POLICE DEPT,Accepted,JEFFERSON,,,LARKWOOD,AVE,,,43RD,,,,,38.259308789,-85.821068773,0.157,6/9/2021 12:00:00 AM,0306,2,2,0,0,RAINING,WET,True,COLLISION WITH PARKED VEHICLE,SIDESWIPE-SAME DIRECTION,STRAIGHT & LEVEL,DARK-HWY LIGHTED/ON,,,6/9/2021 8:23:05 AM,False,5368,Accepted,
28233830,0568000,LOUISVILLE METRO POLICE DEPT,Accepted,JEFFERSON,,,FERN RIDGE,RD,,,,,PATRIOTS CROSSING,,PATRIOTS CROSSING,38.163468062,-85.631851249,0.067,6/9/2021 12:00:00 AM,0102,3,3,0,0,RAINING,WET,True,COLLISION IN PARKING LOT,ANGLE,STRAIGHT & LEVEL,DARK-HWY NOT LIGHTED,,,6/9/2021 8:23:23 AM,False,5315,Accepted,
28238243,0568000,LOUISVILLE METRO POLICE DEPT,Accepted,JEFFERSON,KY0864,,FEGENBUSH,LN,,,,,,,,38.148347834,-85.628271403,5.408,6/9/2021 12:00:00 AM,0656,2,2,0,0,RAINING,WET,False,1 VEHICLE ENTERING/LEAVING ENTRANCE,ANGLE,STRAIGHT & LEVEL,DAYLIGHT,,,6/10/2021 9:05:36 AM,False,4693,Accepted,
28238250,0568000,LOUISVILLE METRO POLICE DEPT,Accepted,JEFFERSON,KY1020,,2ND,ST,S,,ST CATHERINE,,,,,38.237083806,-85.756673943,11.503,6/9/2021 12:00:00 AM,0838,2,2,0,0,RAINING,WET,True,ANGLE COLLISION - ONE VEHICLE TURNING LEFT,ANGLE,STRAIGHT & LEVEL,DAYLIGHT,,,6/10/2021 9:05:53 AM,False,5301,Accepted,
28238252,0568000,LOUISVILLE METRO POLICE DEPT,Accepted,JEFFERSON,US0060A,1800,BERRY,BLVD,,,,,,,,38.196799613,-85.798317491,0.629,6/9/2021 12:00:00 AM,1600,2,2,0,0,CLEAR,DRY,True,1 VEHICLE ENTERING/LEAVING ENTRANCE,ANGLE,STRAIGHT & LEVEL,DAYLIGHT,,,6/10/2021 9:05:58 AM,False,7298,Accepted,
28238253,0568000,LOUISVILLE METRO POLICE DEPT,Accepted,JEFFERSON,,,FERN CREEK,RD,,,FERNDALE,,,,,38.155126529,-85.592071020,0.566,6/9/2021 12:00:00 AM,1240,2,2,0,0,CLOUDY,DRY,False,ANGLE COLLISION - OTHER,ANGLE,STRAIGHT & LEVEL,DAYLIGHT,,,6/10/2021 9:06:03 AM,False,7397,Accepted,
28238260,0568000,LOUISVILLE METRO POLICE DEPT,Accepted,JEFFERSON,KY1931,,ST ANDREWS CHURCH,RD,,US0031W,DIXIE,,,,,38.143489017,-85.839459942,3.151,6/9/2021 12:00:00 AM,1547,2,2,0,0,CLOUDY,DRY,False,OTHER INTERSECTION COLLISIONS,REAR END,STRAIGHT & LEVEL,DAYLIGHT,,,6/10/2021 9:06:23 AM,False,5374,Accepted,
28238261,0568000,LOUISVILLE METRO POLICE DEPT,Accepted,JEFFERSON,,900,BRENTWOOD,AVE,,,,,,,,38.194844671,-85.775648337,0.325,6/9/2021 12:00:00 AM,1525,6,6,0,0,CLEAR,DRY,True,1 VEHICLE PARKED POSITION (NOT PARKING LOT/DRIVEWAY),SIDESWIPE-OPPOSITE DIRECTION,STRAIGHT & LEVEL,DAYLIGHT,,,6/10/2021 9:06:27 AM,False,7360,Accepted,
28238266,0568000,LOUISVILLE METRO POLICE DEPT,Accepted,JEFFERSON,US0031W,,22ND,ST,S,,WILSON,,,,,38.234900112,-85.790382873,18.597,6/9/2021 12:00:00 AM,2129,2,2,0,0,CLEAR,DRY,False,OPPOSING LEFT TURN,OPPOSING LEFT TURN,STRAIGHT & LEVEL,DARK-HWY LIGHTED/ON,,,6/10/2021 9:06:53 AM,False,5309,Accepted,
28238267,0568000,LOUISVILLE METRO POLICE DEPT,Accepted,JEFFERSON,,1704,KENTUCKY,ST,W,,17TH,,,,,38.241927310,-85.783298327,2.237,6/9/2021 12:00:00 AM,2045,2,2,0,0,CLEAR,DRY,False,COLLISION WITH PARKED VEHICLE,SIDESWIPE-OPPOSITE DIRECTION,STRAIGHT & LEVEL,DAYLIGHT,,,6/10/2021 9:07:00 AM,False,5229,Accepted,
28242230,0568000,LOUISVILLE METRO POLICE DEPT,Accepted,JEFFERSON,US0031E,,MAIN,ST,E,,,,WENZEL,,CAMPBELL,38.254316973,-85.735386740,16.898,6/9/2021 12:00:00 AM,1033,2,2,0,0,CLEAR,DRY,True,1 VEHICLE PARKED POSITION (NOT PARKING LOT/DRIVEWAY),SIDESWIPE-SAME DIRECTION,STRAIGHT & LEVEL,DARK (UNKNOWN ROADWAY LIGHTING),,,6/11/2021 8:56:33 AM,False,5295,Accepted,
28242192,0568000,LOUISVILLE METRO POLICE DEPT,Accepted,JEFFERSON,KY0864,,POPLAR LEVEL,RD,,,RANGELAND,,,,,38.167296709,-85.681702879,8.884,6/9/2021 12:00:00 AM,1624,3,3,0,4,CLOUDY,DRY,False,OPPOSING LEFT TURN,OPPOSING LEFT TURN,STRAIGHT & LEVEL,DAYLIGHT,,,6/11/2021 8:55:00 AM,False,5373,Accepted,
28238246,0568000,LOUISVILLE METRO POLICE DEPT,Accepted,JEFFERSON,,,SHEPHERDSVILLE,RD,,,,,,,,38.129990286,-85.661090800,0.658,6/9/2021 12:00:00 AM,0931,1,1,0,0,RAINING,WET,False,RAN OFF ROADWAY (1 VEHICLE WITH/EARTH EMBANKMENT/DITCH),SINGLE VEHICLE,CURVE & GRADE,DAYLIGHT,,,6/10/2021 9:05:45 AM,False,4693,Accepted,
28242206,0568000,LOUISVILLE METRO POLICE DEPT,Accepted,JEFFERSON,US0060A,,BERRY,BLVD,,,GEORGETOWN,,,,,38.196617357,-85.793360748,0.895,6/9/2021 12:00:00 AM,1920,2,1,0,1,CLEAR,DRY,False,COLLISION WITH BICYCLE IN INTERSECTION,SINGLE VEHICLE,STRAIGHT & LEVEL,DAYLIGHT,,,6/11/2021 8:55:32 AM,False,7298,Accepted,
28238273,0568000,LOUISVILLE METRO POLICE DEPT,Accepted,JEFFERSON,US0031W,,22ND,ST,S,,MAGAZINE,,,,,38.250931785,-85.787928556,19.624,6/9/2021 12:00:00 AM,1715,2,2,0,0,CLOUDY,DRY,True,SIDESWIPE-SAME DIRECTION,SIDESWIPE-SAME DIRECTION,STRAIGHT & LEVEL,DAYLIGHT,,,6/10/2021 9:07:24 AM,False,5251,Accepted,
28238274,0568000,LOUISVILLE METRO POLICE DEPT,Accepted,JEFFERSON,I 0071,,I71 S,,,,,,,,,38.306466419,-85.598853280,7.995,6/9/2021 12:00:00 AM,1426,1,1,0,0,CLOUDY,DRY,False,COLLISION WITH FIXED OBJECT NON - INTERSECTION - FIRST EVENT COLLISION 09 - 32 EXCLUDING 16,SINGLE VEHICLE,STRAIGHT & LEVEL,DAYLIGHT,,,6/10/2021 9:07:29 AM,False,7751,Accepted,
28238264,0568000,LOUISVILLE METRO POLICE DEPT,Accepted,JEFFERSON,,3040,WOODLAND,AVE,,,,,,,,38.234541014,-85.806017740,0.879,6/9/2021 12:00:00 AM,1945,2,2,0,1,CLEAR,DRY,False,1 VEHICLE PARKED POSITION (NOT PARKING LOT/DRIVEWAY),REAR END,STRAIGHT & LEVEL,DUSK,,,6/10/2021 9:06:43 AM,False,7312,Accepted,
28238265,0568000,LOUISVILLE METRO POLICE DEPT,Accepted,JEFFERSON,I 0265,,I265 W,,,,,I 0265,I265 W EXIT12 OFF RAMP TO KY61,I 0265,I265 W EXIT12 ON RAMP FROM KY61 N,38.110350132,-85.679909129,11.472,6/9/2021 12:00:00 AM,2136,2,2,0,2,CLEAR,DRY,False,1 VEHICLE ENTERING/LEAVING ENTRANCE,ANGLE,STRAIGHT & LEVEL,DARK-HWY LIGHTED/ON,,,6/10/2021 9:06:48 AM,False,5141,Accepted,
28238270,0568000,LOUISVILLE METRO POLICE DEPT,Accepted,JEFFERSON,KY1747,4610,HURSTBOURNE,PKWY,S,,,,,,,38.184205473,-85.606634812,8.577,6/9/2021 12:00:00 AM,0839,1,1,0,0,CLOUDY,WET,False,COLLISION WITH FIXED OBJECT NON - INTERSECTION - FIRST EVENT COLLISION 09 - 32 EXCLUDING 16,SINGLE VEHICLE,STRAIGHT & LEVEL,DAYLIGHT,,,6/10/2021 9:07:13 AM,False,7851,Accepted,
28238271,0568000,LOUISVILLE METRO POLICE DEPT,Accepted,JEFFERSON,,,26TH,ST,S,,CEDAR,,,,,38.256593073,-85.794128667,0.286,6/9/2021 12:00:00 AM,1303,2,2,0,1,CLOUDY,DRY,True,ANGLE COLLISION - OTHER,ANGLE,STRAIGHT & LEVEL,DAYLIGHT,,,6/10/2021 9:07:17 AM,False,5251,Accepted,
28238254,0568000,LOUISVILLE METRO POLICE DEPT,Accepted,JEFFERSON,,,BROOK,ST,S,US0031E,MARKET,,,,,38.254483974,-85.750090644,3.490,6/9/2021 12:00:00 AM,0807,2,2,0,0,CLOUDY,WET,False,ANGLE COLLISION - OTHER,ANGLE,STRAIGHT & LEVEL,DAYLIGHT,,,6/10/2021 9:06:06 AM,False,5338,Accepted,
28238255,0568000,LOUISVILLE METRO POLICE DEPT,Accepted,JEFFERSON,KY2048,,DUTCHMANS,LN,,,,,,,,38.225971040,-85.650543858,0.483,6/9/2021 12:00:00 AM,1113,2,2,0,1,CLOUDY,DRY,False,OTHER ROADWAY OR MID-BLOCK COLLISION,OPPOSING LEFT TURN,STRAIGHT & LEVEL,DAYLIGHT,,,6/10/2021 9:06:10 AM,False,6813,Accepted,
28238256,0568000,LOUISVILLE METRO POLICE DEPT,Accepted,JEFFERSON,,,UPPER HUNTERS,TRCE,,,WELLSWORTH,,,,,38.167603270,-85.836804057,0.470,6/9/2021 12:00:00 AM,1601,2,2,0,0,CLOUDY,DRY,False,ANGLE COLLISION - OTHER,ANGLE,STRAIGHT & LEVEL,DAYLIGHT,,,6/10/2021 9:06:13 AM,False,7234,Accepted,
28238257,0568000,LOUISVILLE METRO POLICE DEPT,Accepted,JEFFERSON,KY2054,,ALGONQUIN,PKWY,,,13TH,,,,,38.220849175,-85.778246173,2.443,6/9/2021 12:00:00 AM,1428,2,2,0,2,CLOUDY,DRY,False,ANGLE COLLISION - OTHER,ANGLE,CURVE & LEVEL,DAYLIGHT,,,6/10/2021 9:06:16 AM,False,7538,Accepted,
28238262,0568000,LOUISVILLE METRO POLICE DEPT,Accepted,JEFFERSON,KY1865,,TAYLOR,BLVD,,,,,,,,38.194280424,-85.783125637,6.044,6/9/2021 12:00:00 AM,1715,3,3,0,1,CLEAR,DRY,False,REAR END IN TRAFFIC LANES BOTH VEHICLES MOVING,REAR END,STRAIGHT & LEVEL,DAYLIGHT,,,6/10/2021 9:06:32 AM,False,7360,Accepted,
28233825,0568000,LOUISVILLE METRO POLICE DEPT,Accepted,JEFFERSON,I 0065,,I65 N,,,,,,,,,38.212200558,-85.752770113,132.908,6/9/2021 12:00:00 AM,0007,1,1,0,0,RAINING,WET,False,OTHER ROADWAY OR MID-BLOCK COLLISION,SINGLE VEHICLE,CURVE & LEVEL,DARK-HWY LIGHTED/ON,,,6/9/2021 8:23:08 AM,False,5236,Accepted,
28238240,0568000,LOUISVILLE METRO POLICE DEPT,Accepted,JEFFERSON,KY1934,,CANE RUN,RD,,,ROCKFORD,,,,,38.183604499,-85.854916534,7.739,6/9/2021 12:00:00 AM,0915,2,2,0,0,CLEAR,WET,False,OTHER INTERSECTION COLLISIONS,REAR END,CURVE & LEVEL,DAYLIGHT,,,6/10/2021 9:05:16 AM,False,5208,Accepted,
28238248,0568000,LOUISVILLE METRO POLICE DEPT,Accepted,JEFFERSON,KY0061,,PRESTON,HWY,,,OLD FERN VALLEY,,,,,38.154949694,-85.695905132,5.195,6/9/2021 12:00:00 AM,1240,2,2,0,0,CLOUDY,DRY,False,ANGLE COLLISION - OTHER,ANGLE,STRAIGHT & LEVEL,DAYLIGHT,,,6/10/2021 9:05:49 AM,False,4693,Accepted,
28242231,0568000,LOUISVILLE METRO POLICE DEPT,Accepted,JEFFERSON,I 0264,,I264 W,,,,,,,,,38.216927098,-85.822499920,4.430,6/9/2021 12:00:00 AM,2300,2,2,0,0,CLEAR,DRY,False,REAR END IN TRAFFIC LANES BOTH VEHICLES MOVING,REAR END,CURVE & LEVEL,DARK-HWY LIGHTED/ON,,,6/11/2021 8:56:36 AM,False,7154,Accepted,
28242207,0568000,LOUISVILLE METRO POLICE DEPT,Accepted,JEFFERSON,US0031E,1250,BARDSTOWN,RD,,,,,,,,38.235651136,-85.716766843,15.008,6/9/2021 12:00:00 AM,1644,2,2,0,0,CLEAR,DRY,False,COLLISION IN PARKING LOT,BACKING,STRAIGHT & LEVEL,DAYLIGHT,,,6/11/2021 8:55:35 AM,False,5358,Accepted,
28233827,0568000,LOUISVILLE METRO POLICE DEPT,Accepted,JEFFERSON,KY0864,,POPLAR LEVEL,RD,,,,,,,,38.158597770,-85.651150902,6.924,6/9/2021 12:00:00 AM,0544,2,2,0,0,RAINING,WET,False,HEAD-ON COLLISION,HEAD ON,CURVE & LEVEL,DAWN,,,6/9/2021 8:23:16 AM,False,5182,Accepted,
28233828,0568000,LOUISVILLE METRO POLICE DEPT,Accepted,JEFFERSON,,,ADA,LN,,,DEL RIO,,,,,38.214011325,-85.657185919,0.001,6/9/2021 12:00:00 AM,0219,2,2,0,0,RAINING,WET,False,OTHER INTERSECTION COLLISIONS,REAR END,STRAIGHT & LEVEL,DARK-HWY LIGHTED/ON,,,6/9/2021 8:23:20 AM,False,5305,Accepted,
28256038,0568000,LOUISVILLE METRO POLICE DEPT,Accepted,JEFFERSON,,,HILL,ST,W,,,,7TH,,6TH,38.226509905,-85.766500032,0.525,6/9/2021 12:00:00 AM,1208,2,2,0,1,CLEAR,DRY,False,OTHER ROADWAY OR MID-BLOCK COLLISION,REAR END,STRAIGHT & GRADE,DAYLIGHT,,,6/15/2021 8:41:33 AM,False,7619,Accepted,
28282450,0568000,LOUISVILLE METRO POLICE DEPT,Accepted,JEFFERSON,US0031W,4916,DIXIE,HWY,,,,,,,,38.169819072,-85.827529161,13.390,6/8/2021 12:00:00 AM,1801,3,3,0,0,CLEAR,DRY,False,REAR END IN TRAFFIC LANES BOTH VEHICLES MOVING,REAR END,STRAIGHT & LEVEL,DAYLIGHT,,,6/22/2021 8:45:44 AM,False,7817,Accepted,
28233811,0568000,LOUISVILLE METRO POLICE DEPT,Accepted,JEFFERSON,KY2051,,ROCKFORD,LN,,,,,,,,38.180995405,-85.852966397,1.736,6/8/2021 12:00:00 AM,1803,2,2,0,1,RAINING,WET,False,1 VEHICLE PARKED POSITION (NOT PARKING LOT/DRIVEWAY),HEAD ON,CURVE & LEVEL,DAYLIGHT,,,6/9/2021 8:22:10 AM,False,7340,Accepted,
28233819,0568000,LOUISVILLE METRO POLICE DEPT,Accepted,JEFFERSON,,449,38TH,ST,N,,,,,,,38.270174200,-85.810877979,0.124,6/8/2021 12:00:00 AM,1923,2,2,0,1,RAINING,WET,False,1 VEHICLE ENTERING/LEAVING ENTRANCE,ANGLE,STRAIGHT & LEVEL,DAYLIGHT,,,6/9/2021 8:22:44 AM,False,7181,Accepted,
28233820,0568000,LOUISVILLE METRO POLICE DEPT,Accepted,JEFFERSON,,1100B,34TH,ST,S,,,,,,,38.241055142,-85.809777935,,6/8/2021 12:00:00 AM,2130,2,2,0,0,RAINING,WET,False,HEAD-ON COLLISION,HEAD ON,STRAIGHT & LEVEL,DARK-HWY NOT LIGHTED,,,6/9/2021 8:22:47 AM,False,5368,Accepted,
28233809,0568000,LOUISVILLE METRO POLICE DEPT,Accepted,JEFFERSON,US0031E,,BARDSTOWN,RD,,KY0155,TAYLORSVILLE,,,,,38.223010249,-85.684704462,13.126,6/8/2021 12:00:00 AM,1628,2,2,0,0,CLOUDY,WET,True,ANGLE COLLISION - OTHER,ANGLE,STRAIGHT & LEVEL,DAYLIGHT,,,6/9/2021 8:22:03 AM,False,5365,Accepted,
28233816,0568000,LOUISVILLE METRO POLICE DEPT,Accepted,JEFFERSON,,,7TH,ST,S,US0150,BROADWAY,,,,,38.247089547,-85.763315752,1.997,6/8/2021 12:00:00 AM,1810,2,2,0,0,CLOUDY,WET,False,ANGLE COLLISION - OTHER,ANGLE,STRAIGHT & LEVEL,DAYLIGHT,,,6/9/2021 8:22:33 AM,False,5168,Accepted,
28230927,0561000,JEFFERSONTOWN POLICE DEPT,Accepted,JEFFERSON,KY1747,,HURSTBOURNE,PKWY,S,KY0155,TAYLORSVILLE,,,,,38.215569807,-85.590878682,11.039,6/8/2021 12:00:00 AM,1237,2,2,0,0,CLOUDY,DRY,False,OTHER INTERSECTION COLLISIONS,REAR END,STRAIGHT & LEVEL,DAYLIGHT,,,6/8/2021 2:35:22 PM,False,8300,Accepted,
28233803,0568000,LOUISVILLE METRO POLICE DEPT,Accepted,JEFFERSON,,,CEDAR CREEK,RD,,US0031E,BARDSTOWN,,,,,38.134168296,-85.579566402,0.003,6/8/2021 12:00:00 AM,1355,2,2,0,0,CLEAR,DRY,True,ANGLE COLLISION - OTHER,ANGLE,STRAIGHT & LEVEL,DAYLIGHT,,,6/9/2021 8:21:37 AM,False,7278,Accepted,
28233810,0568000,LOUISVILLE METRO POLICE DEPT,Accepted,JEFFERSON,KY1065,,OUTER,LOOP,,,,,,,,38.137775461,-85.637420858,8.759,6/8/2021 12:00:00 AM,1527,2,2,0,0,RAINING,WET,True,REAR END IN TRAFFIC LANES BOTH VEHICLES MOVING,REAR END,STRAIGHT & LEVEL,DAYLIGHT,,,6/9/2021 8:22:07 AM,False,7474,Accepted,
28229664,0568000,LOUISVILLE METRO POLICE DEPT,Accepted,JEFFERSON,,,LIBERTY,ST,W,,1ST,,,,,38.252530815,-85.752194366,0.880,6/8/2021 12:00:00 AM,0535,2,2,0,0,CLEAR,DRY,False,ANGLE COLLISION - OTHER,ANGLE,STRAIGHT & LEVEL,DARK-HWY LIGHTED/ON,,,6/8/2021 8:45:58 AM,False,5135,Accepted,
28229665,0568000,LOUISVILLE METRO POLICE DEPT,Accepted,JEFFERSON,US0150,,BROADWAY,,W,,6TH,,,,,38.246323851,-85.761719328,2.173,6/8/2021 12:00:00 AM,0119,2,2,0,0,CLEAR,DRY,True,OTHER INTERSECTION COLLISIONS,REAR END,STRAIGHT & LEVEL,DARK-HWY LIGHTED/ON,,,6/8/2021 8:46:02 AM,False,7325,Accepted,
28229666,0568000,LOUISVILLE METRO POLICE DEPT,Accepted,JEFFERSON,,200,TRAFALGAR,SQ,,,,,,,,38.208755817,-85.671459622,0.023,6/8/2021 12:00:00 AM,0322,2,2,0,0,CLEAR,DRY,False,VEHICLE BACKING NON INTERSECTION,BACKING,STRAIGHT & LEVEL,DARK-HWY LIGHTED/ON,,,6/8/2021 8:46:06 AM,False,5317,Accepted,
28233800,0568000,LOUISVILLE METRO POLICE DEPT,Accepted,JEFFERSON,I 0265,,I265 E,,,,,,,,,38.152462537,-85.536069890,20.081,6/8/2021 12:00:00 AM,1137,2,2,0,0,CLOUDY,DRY,False,SIDESWIPE COLLISION - SAME DIRECTION,SIDESWIPE-SAME DIRECTION,STRAIGHT & GRADE,DAYLIGHT,,,6/9/2021 8:21:18 AM,False,2017,Accepted,
28233801,0568000,LOUISVILLE METRO POLICE DEPT,Accepted,JEFFERSON,,,OLD HEADY,RD,,,EASUM,,,,,38.177246486,-85.534048328,0.634,6/8/2021 12:00:00 AM,1334,2,2,0,0,CLOUDY,DRY,False,ANGLE COLLISION - OTHER,ANGLE,STRAIGHT & LEVEL,DAYLIGHT,,,6/9/2021 8:21:27 AM,False,2017,Accepted,
28233808,0568000,LOUISVILLE METRO POLICE DEPT,Accepted,JEFFERSON,KY2054,,ALGONQUIN,PKWY,,,WINGFIELD,,,,,38.222419057,-85.783908300,2.108,6/8/2021 12:00:00 AM,1443,3,3,0,0,RAINING,WET,False,ANGLE COLLISION - OTHER,ANGLE,STRAIGHT & LEVEL,DAYLIGHT,,,6/9/2021 8:21:59 AM,False,5360,Accepted,
28251525,0568000,LOUISVILLE METRO POLICE DEPT,Accepted,JEFFERSON,KY1865,,NEW CUT,RD,,KY0841,KY841 RAMP TO KY1865,,,,,38.119251788,-85.777161551,0.734,6/8/2021 12:00:00 AM,1030,2,2,0,2,CLEAR,DRY,False,HEAD-ON COLLISION,HEAD ON,STRAIGHT & LEVEL,DAYLIGHT,,,6/14/2021 8:55:16 AM,False,7080,Accepted,
28242248,0568000,LOUISVILLE METRO POLICE DEPT,Accepted,JEFFERSON,US0031E,2700,BARDSTOWN,RD,,,,,,,,38.088858908,-85.556265532,0.922,6/8/2021 12:00:00 AM,1549,2,2,0,2,RAINING,WET,False,REAR END IN TRAFFIC LANES BOTH VEHICLES MOVING,REAR END,STRAIGHT & LEVEL,DAYLIGHT,,,6/11/2021 8:57:11 AM,False,2738,Accepted,
28233826,0568000,LOUISVILLE METRO POLICE DEPT,Accepted,JEFFERSON,,108,BELLAIRE,AVE,N,,,,,,,38.254377670,-85.710676051,0.034,6/8/2021 12:00:00 AM,2250,2,2,0,0,RAINING,WET,True,1 VEHICLE PARKED POSITION (NOT PARKING LOT/DRIVEWAY),BACKING,STRAIGHT & LEVEL,DARK (UNKNOWN ROADWAY LIGHTING),,,6/9/2021 8:23:12 AM,False,5330,Accepted,
28233817,0568000,LOUISVILLE METRO POLICE DEPT,Accepted,JEFFERSON,US0031E,5226,BARDSTOWN,RD,,,,,RANDOM,,DEL MARIA,38.170938363,-85.608287647,7.466,6/8/2021 12:00:00 AM,1650,2,2,0,1,CLOUDY,WET,False,OTHER ROADWAY OR MID-BLOCK COLLISION,OPPOSING LEFT TURN,STRAIGHT & LEVEL,DAYLIGHT,,,6/9/2021 8:22:37 AM,False,5378,Accepted,
28242955,0560400,SHIVELY POLICE DEPARTMENT,Accepted,JEFFERSON,US0031W,,DIXIE,HWY,,,,KY2051,ROCKFORD,,ROCKFORD,38.174410757,-85.823135795,13.823,6/8/2021 12:00:00 AM,1052,2,2,0,4,CLEAR,DRY,False,REAR END IN TRAFFIC LANES BOTH VEHICLES MOVING,REAR END,STRAIGHT & LEVEL,DAYLIGHT,,,6/11/2021 12:14:11 PM,False,7124,Accepted,
28229670,0568000,LOUISVILLE METRO POLICE DEPT,Accepted,JEFFERSON,KY1932,3103,BRECKENRIDGE,LN,,,,,BEARGRASS RUN,,CHURCHILL PARK,38.213538826,-85.627823240,2.353,6/8/2021 12:00:00 AM,0530,1,1,0,1,CLEAR,DRY,False,OTHER COLLISIONS ON SHOULDER,SINGLE VEHICLE,STRAIGHT & GRADE,DAWN,,,6/8/2021 8:46:25 AM,False,5332,Accepted,