IncidentID,AgencyORI,AgencyName,IncidentStatusDesc,County,RdwyNumber,Street,RoadwayName,StreetSfx,StreetDir,IntersectionRdwy,IntersectionRdwyName,BetweenStRdwy1,BetweenStRdwyName1,BetweenStRdwy2,BetweenStRdwyName2,Latitude,Longitude,Milepoint,CollisionDate,CollisionTime,UnitsInvolved,MotorVehiclesInvolved,NumberKilled,NumberInjured,Weather,RdwyConditionCode,HitandRun,DirAnalysisCode,MannerofCollision,RdwyCharacter,LightCondition,RampFromRdwyId,RampToRdwyId,AcceptedDate,IsSecondaryCollision,OwnerBadge,IncidentStatus,
28233821,0568000,LOUISVILLE METRO POLICE DEPT,Accepted,JEFFERSON,US0060,,FRANKFORT,AVE,,,RESERVOIR,,,,,38.254489061,-85.680244770,2.144,6/8/2021 12:00:00 AM,0603,2,2,0,1,CLEAR,DRY,False,SIDESWIPE-SAME DIRECTION,SIDESWIPE-SAME DIRECTION,STRAIGHT & LEVEL,DAWN,,,6/9/2021 8:22:51 AM,False,7219,Accepted,
28233822,0568000,LOUISVILLE METRO POLICE DEPT,Accepted,JEFFERSON,,,MITCHELL HILL,RD,,,HOLSCLAW HILL,,,,,38.093307363,-85.764479577,0.944,6/8/2021 12:00:00 AM,0154,2,2,0,1,CLEAR,DRY,False,HEAD-ON COLLISION,HEAD ON,CURVE & LEVEL,DARK (UNKNOWN ROADWAY LIGHTING),,,6/9/2021 8:22:58 AM,False,5293,Accepted,
28233831,0568000,LOUISVILLE METRO POLICE DEPT,Accepted,JEFFERSON,,2927,GOOSE CREEK,RD,,,,,,,,38.287478163,-85.578694820,1.233,6/8/2021 12:00:00 AM,0807,1,1,0,0,CLOUDY,DRY,False,COLLISION IN PARKING LOT,SINGLE VEHICLE,STRAIGHT & LEVEL,DAYLIGHT,,,6/9/2021 8:23:27 AM,False,7751,Accepted,
28233832,0568000,LOUISVILLE METRO POLICE DEPT,Accepted,JEFFERSON,US0060,,SHELBYVILLE,RD,,,LA FONTENAY,,,,,38.245101628,-85.559118470,8.831,6/8/2021 12:00:00 AM,1259,2,1,0,0,CLOUDY,DRY,False,COLLISION WITH PEDESTRIAN IN INTERSECTION,SINGLE VEHICLE,STRAIGHT & LEVEL,DAYLIGHT,,,6/9/2021 8:23:29 AM,False,7751,Accepted,
28233807,0568000,LOUISVILLE METRO POLICE DEPT,Accepted,JEFFERSON,,,DIXIE,HWY,,,PRENTICE,,,,,38.241117853,-85.785283197,0.565,6/8/2021 12:00:00 AM,1328,2,2,0,0,CLEAR,DRY,False,COLLISION WITH PARKED VEHICLE,ANGLE,STRAIGHT & LEVEL,DAYLIGHT,,,6/9/2021 8:21:55 AM,False,5360,Accepted,
28233815,0568000,LOUISVILLE METRO POLICE DEPT,Accepted,JEFFERSON,US0031W,10901,DIXIE,HWY,,,,,,,,38.097522799,-85.872811621,7.861,6/8/2021 12:00:00 AM,1727,1,1,0,0,CLOUDY,WATER (STANDING OR MOVING),False,COLLISION IN PARKING LOT,SINGLE VEHICLE,STRAIGHT & LEVEL,DAYLIGHT,,,6/9/2021 8:22:29 AM,False,7234,Accepted,
28233823,0568000,LOUISVILLE METRO POLICE DEPT,Accepted,JEFFERSON,I 0265,,,,,,,,,,,38.108814304,-85.678216468,0.259,6/8/2021 12:00:00 AM,2030,2,2,0,1,RAINING,WET,False,OTHER RAMP RELATED COLLISIONS NOT LISTED ABOVE,REAR END,CURVE & GRADE,DAYLIGHT,I 0265,KY0061,6/9/2021 8:23:01 AM,False,5369,Accepted,
28232500,0561000,JEFFERSONTOWN POLICE DEPT,Accepted,JEFFERSON,KY0913,,BLANKENBAKER,PKWY,,,,,LANDHERR,KY0155,TAYLORSVILLE,38.188139921,-85.547999232,0.052,6/8/2021 12:00:00 AM,1621,2,2,0,0,CLOUDY,WET,False,OTHER ROADWAY OR MID-BLOCK COLLISION,REAR END,STRAIGHT & LEVEL,DAYLIGHT,,,6/8/2021 10:42:58 PM,False,8265,Accepted,
28233805,0568000,LOUISVILLE METRO POLICE DEPT,Accepted,JEFFERSON,,,BRECKINRIDGE,ST,E,,,,,,,38.240762443,-85.748482456,1.273,6/8/2021 12:00:00 AM,1415,3,3,0,1,RAINING,WET,True,REAR END IN TRAFFIC LANES BOTH VEHICLES MOVING,REAR END,STRAIGHT & LEVEL,DAYLIGHT,,,6/9/2021 8:21:48 AM,False,5258,Accepted,
28233812,0568000,LOUISVILLE METRO POLICE DEPT,Accepted,JEFFERSON,,,LYTLE,ST,,,,,,,,38.261081895,-85.772300714,0.016,6/8/2021 12:00:00 AM,0815,1,1,0,0,CLOUDY,MUD-DIRT,False,COLLISION WITH FIXED OBJECT NON - INTERSECTION - FIRST EVENT COLLISION 09 - 32 EXCLUDING 16,SINGLE VEHICLE,STRAIGHT & LEVEL,DAYLIGHT,,,6/9/2021 8:22:14 AM,False,5341,Accepted,
28233813,0568000,LOUISVILLE METRO POLICE DEPT,Accepted,JEFFERSON,,,PHILLIPS,LN,,,FREEDOM,,,,,38.193572256,-85.739587183,0.744,6/8/2021 12:00:00 AM,1607,2,2,0,1,CLOUDY,WET,False,OPPOSING LEFT TURN,OPPOSING LEFT TURN,STRAIGHT & LEVEL,DAYLIGHT,,,6/9/2021 8:22:18 AM,False,7398,Accepted,
28233797,0568000,LOUISVILLE METRO POLICE DEPT,Accepted,JEFFERSON,,,CRITTENDEN,DR,,,,,,,,38.154383235,-85.742929879,3.311,6/8/2021 12:00:00 AM,1242,1,1,0,0,CLOUDY,DRY,False,COLLISION WITH FIXED OBJECT NON - INTERSECTION - FIRST EVENT COLLISION 09 - 32 EXCLUDING 16,SINGLE VEHICLE,CURVE & LEVEL,DAYLIGHT,,,6/9/2021 8:21:04 AM,False,4693,Accepted,
28260620,0568000,LOUISVILLE METRO POLICE DEPT,Accepted,JEFFERSON,US0031E,2500,BARDSTOWN,RD,,,,,,,,38.237585933,-85.719445113,15.322,6/8/2021 12:00:00 AM,1830,2,2,0,0,RAINING,WET,False,COLLISION IN PARKING LOT,BACKING,STRAIGHT & LEVEL,DAYLIGHT,,,6/16/2021 8:28:37 AM,False,2738,Accepted,
28309370,0568000,LOUISVILLE METRO POLICE DEPT,Accepted,JEFFERSON,,,23RD,ST,S,,OAK,,,,,38.237683070,-85.792650898,1.136,6/8/2021 12:00:00 AM,1640,4,4,1,2,CLOUDY,WET,False,ANGLE COLLISION - OTHER,ANGLE,STRAIGHT & LEVEL,DAYLIGHT,,,6/29/2021 8:59:46 AM,False,2217,Accepted,
28225452,0568000,LOUISVILLE METRO POLICE DEPT,Accepted,JEFFERSON,,1501,12TH,ST,S,,,,,,,38.227439219,-85.775161070,1.780,6/7/2021 12:00:00 AM,0613,2,2,0,1,CLEAR,WET,False,OTHER ROADWAY OR MID-BLOCK COLLISION,REAR TO REAR,STRAIGHT & LEVEL,DAYLIGHT,,,6/7/2021 9:54:04 AM,False,5309,Accepted,
28225453,0568000,LOUISVILLE METRO POLICE DEPT,Accepted,JEFFERSON,I 0264,,I264 E,,,,,I 0264,I264 E EXIT9 ON RAMP FROM KY1865,I 0264,I264 E EXIT10 OFF RAMP TO KY1020,38.189209554,-85.775118070,9.588,6/7/2021 12:00:00 AM,0650,1,1,0,0,RAINING,WET,False,OTHER COLLISIONS ON SHOULDER,SINGLE VEHICLE,STRAIGHT & LEVEL,DAWN,,,6/7/2021 9:54:08 AM,False,5245,Accepted,
28229639,0568000,LOUISVILLE METRO POLICE DEPT,Accepted,JEFFERSON,,2000,SHERWOOD,AVE,,,,,,,,38.230755848,-85.710205503,0.062,6/7/2021 12:00:00 AM,0940,1,1,0,0,CLOUDY,DRY,True,1 VEHICLE PARKED POSITION (NOT PARKING LOT/DRIVEWAY),SINGLE VEHICLE,STRAIGHT & LEVEL,DAYLIGHT,,,6/8/2021 8:44:13 AM,False,2738,Accepted,
28229640,0568000,LOUISVILLE METRO POLICE DEPT,Accepted,JEFFERSON,KY1934,,CANE RUN,RD,,,,,BRIDWELL,,WILKIE,38.179930902,-85.859262877,7.376,6/7/2021 12:00:00 AM,0750,2,2,0,2,CLOUDY,WET,False,HEAD-ON COLLISION,HEAD ON,STRAIGHT & LEVEL,DAYLIGHT,,,6/8/2021 8:44:17 AM,False,7339,Accepted,
28264958,0568000,LOUISVILLE METRO POLICE DEPT,Accepted,JEFFERSON,KY0061,,JACKSON,ST,S,,ST CATHERINE,,,,,38.235309827,-85.747365653,11.611,6/7/2021 12:00:00 AM,2138,2,2,0,0,CLEAR,DRY,False,SIDESWIPE-SAME DIRECTION,SIDESWIPE-SAME DIRECTION,STRAIGHT & LEVEL,DARK-HWY LIGHTED/ON,,,6/17/2021 8:19:50 AM,False,5152,Accepted,
28266261,0568000,LOUISVILLE METRO POLICE DEPT,Accepted,JEFFERSON,I 0065,,I65 N,,,,,I 0065,I65 N EXIT128 ON RAMP FROM KY1631,I 0065,I65 N EXIT130 OFF RAMP TO KY61,38.168259363,-85.720530253,129.044,6/7/2021 12:00:00 AM,1551,2,2,0,0,CLEAR,DRY,False,SIDESWIPE COLLISION - SAME DIRECTION,SIDESWIPE-SAME DIRECTION,STRAIGHT & LEVEL,DAYLIGHT,,,6/17/2021 2:54:43 PM,False,7938,Accepted,
28251598,0568000,LOUISVILLE METRO POLICE DEPT,Accepted,JEFFERSON,I 0065,,I65 N,,,,,,,,,38.254994908,-85.742095096,136.199,6/7/2021 12:00:00 AM,1050,2,2,0,1,CLOUDY,DRY,False,SIDESWIPE COLLISION - SAME DIRECTION,SIDESWIPE-SAME DIRECTION,STRAIGHT & LEVEL,DAYLIGHT,,,6/14/2021 8:59:48 AM,False,7694,Accepted,
28251569,0568000,LOUISVILLE METRO POLICE DEPT,Accepted,JEFFERSON,US0031W,,22ND,ST,S,,MARKET,,,,,38.258560542,-85.786543471,20.207,6/7/2021 12:00:00 AM,1440,2,2,0,0,CLOUDY,DRY,True,ANGLE COLLISION - OTHER,ANGLE,STRAIGHT & LEVEL,DAYLIGHT,,,6/14/2021 8:57:51 AM,False,5108,Accepted,
28233796,0568000,LOUISVILLE METRO POLICE DEPT,Accepted,JEFFERSON,,,KFEC GATE4 DR,,,KY1631,CRITTENDEN,,,,,38.202918630,-85.750635799,0.005,6/7/2021 12:00:00 AM,1559,2,2,0,0,CLEAR,DRY,False,VEHICLE BACKING IN INTERSECTION,BACKING,STRAIGHT & LEVEL,DAYLIGHT,,,6/9/2021 8:20:58 AM,False,5287,Accepted,
28233814,0568000,LOUISVILLE METRO POLICE DEPT,Accepted,JEFFERSON,,326,COLLEGE,ST,E,,,,,,,38.242548556,-85.748520463,0.028,6/7/2021 12:00:00 AM,1559,2,2,0,0,CLEAR,DRY,False,1 VEHICLE PARKED POSITION (NOT PARKING LOT/DRIVEWAY),SIDESWIPE-SAME DIRECTION,STRAIGHT & LEVEL,DAYLIGHT,,,6/9/2021 8:22:24 AM,False,7322,Accepted,
28229668,0568000,LOUISVILLE METRO POLICE DEPT,Accepted,JEFFERSON,I 0064,,I64 W,,,,,,,,,38.223215450,-85.516078263,18.353,6/7/2021 12:00:00 AM,1024,2,2,0,1,CLOUDY,DRY,False,REAR END IN TRAFFIC LANES BOTH VEHICLES MOVING,REAR END,STRAIGHT & LEVEL,DAYLIGHT,,,6/8/2021 8:46:16 AM,False,7751,Accepted,
28229669,0568000,LOUISVILLE METRO POLICE DEPT,Accepted,JEFFERSON,,,CHAMBERLAIN,LN,,,DIANN MARIE,,,,,38.301246497,-85.544728544,2.334,6/7/2021 12:00:00 AM,1809,2,2,0,1,CLOUDY,DRY,True,ANGLE COLLISION - OTHER,ANGLE,STRAIGHT & LEVEL,DAYLIGHT,,,6/8/2021 8:46:19 AM,False,7751,Accepted,
28225451,0568000,LOUISVILLE METRO POLICE DEPT,Accepted,JEFFERSON,I 0065,,I65 N,,,,,,,,,38.105390764,-85.701109719,124.497,6/7/2021 12:00:00 AM,0417,3,3,0,0,RAINING,WET,False,COLLISION WITH FIXED OBJECT NON - INTERSECTION - FIRST EVENT COLLISION 09 - 32 EXCLUDING 16,SIDESWIPE-SAME DIRECTION,STRAIGHT & LEVEL,DARK-HWY NOT LIGHTED,,,6/7/2021 9:54:01 AM,True,5184,Accepted,
28229659,0568000,LOUISVILLE METRO POLICE DEPT,Accepted,JEFFERSON,,,LOWER HUNTERS,TRCE,,,SKY BLUE,,,,,38.158676175,-85.849374078,0.829,6/7/2021 12:00:00 AM,2108,2,2,0,0,CLEAR,DRY,False,ANGLE COLLISION - OTHER,ANGLE,STRAIGHT & LEVEL,DARK-HWY NOT LIGHTED,,,6/8/2021 8:45:33 AM,False,5212,Accepted,
28225448,0568000,LOUISVILLE METRO POLICE DEPT,Accepted,JEFFERSON,,,23RD,ST,S,,WOODLAND,,,,,38.233514004,-85.793564864,1.436,6/7/2021 12:00:00 AM,0133,2,2,0,0,CLEAR,DRY,True,COLLISION WITH PARKED VEHICLE,SIDESWIPE-SAME DIRECTION,STRAIGHT & LEVEL,DARK-HWY LIGHTED/ON,,,6/7/2021 9:53:49 AM,False,5229,Accepted,
28225449,0568000,LOUISVILLE METRO POLICE DEPT,Accepted,JEFFERSON,US0150,,BROADWAY,,W,KY1020,2ND,,,,,38.245850542,-85.755059741,2.559,6/7/2021 12:00:00 AM,0330,2,2,0,0,RAINING,WET,True,ANGLE COLLISION - OTHER,ANGLE,STRAIGHT & LEVEL,DARK-HWY LIGHTED/ON,,,6/7/2021 9:53:53 AM,False,5295,Accepted,
28226960,0561000,JEFFERSONTOWN POLICE DEPT,Accepted,JEFFERSON,KY0155,,TAYLORSVILLE,RD,,,,,WILLOWVIEW,,CHENOWETH RUN,38.189386986,-85.556942133,8.745,6/7/2021 12:00:00 AM,1226,2,2,0,1,CLOUDY,DRY,False,1 VEHICLE ENTERING/LEAVING ENTRANCE,ANGLE,STRAIGHT & HILLCREST,DAYLIGHT,,,6/7/2021 3:55:01 PM,False,8283,Accepted,
28229637,0568000,LOUISVILLE METRO POLICE DEPT,Accepted,JEFFERSON,KY1934,,GREENBELT,HWY,,,GLOBAL,,,,,38.139538304,-85.887584566,3.909,6/7/2021 12:00:00 AM,1023,2,2,0,1,CLEAR,DRY,False,ANGLE COLLISION - OTHER,ANGLE,STRAIGHT & LEVEL,DAYLIGHT,,,6/8/2021 8:43:58 AM,False,7205,Accepted,
28229643,0568000,LOUISVILLE METRO POLICE DEPT,Accepted,JEFFERSON,,,HIGHLAND,AVE,,,EASTERN STAR,,,,,38.241390453,-85.722254401,0.875,6/7/2021 12:00:00 AM,1026,2,2,0,0,CLOUDY,DRY,False,COLLISION WITH PARKED VEHICLE,SIDESWIPE-SAME DIRECTION,STRAIGHT & LEVEL,DAYLIGHT,,,6/8/2021 8:44:28 AM,False,5311,Accepted,
28229644,0568000,LOUISVILLE METRO POLICE DEPT,Accepted,JEFFERSON,KY2052,,SHEPHERDSVILLE,RD,,,,,,,,38.139300855,-85.657657817,0.022,6/7/2021 12:00:00 AM,1102,2,2,0,0,CLOUDY,DRY,False,REAR END IN TRAFFIC LANES BOTH VEHICLES MOVING,REAR END,STRAIGHT & LEVEL,DAYLIGHT,,,6/8/2021 8:44:31 AM,False,4693,Accepted,
28229652,0568000,LOUISVILLE METRO POLICE DEPT,Accepted,JEFFERSON,KY2052,,SHEPHERDSVILLE,RD,,,WHISPERING HILLS,,,,,38.148563003,-85.659873864,0.693,6/7/2021 12:00:00 AM,1721,2,2,0,0,CLOUDY,WET,False,OTHER INTERSECTION COLLISIONS,REAR END,STRAIGHT & LEVEL,DAYLIGHT,,,6/8/2021 8:44:51 AM,False,7484,Accepted,
28229653,0568000,LOUISVILLE METRO POLICE DEPT,Accepted,JEFFERSON,KY1931,,MANSLICK,RD,,,CONN,,,,,38.196470484,-85.799065676,8.437,6/7/2021 12:00:00 AM,1416,2,2,0,2,CLOUDY,DRY,False,ANGLE COLLISION - OTHER,ANGLE,STRAIGHT & LEVEL,DAYLIGHT,,,6/8/2021 8:44:54 AM,False,5301,Accepted,
28229660,0568000,LOUISVILLE METRO POLICE DEPT,Accepted,JEFFERSON,US0031W,10526,DIXIE,HWY,,,,,,,,38.101806276,-85.870336425,8.187,6/7/2021 12:00:00 AM,1945,2,2,0,3,CLEAR,DRY,False,HEAD-ON COLLISION,HEAD ON,STRAIGHT & LEVEL,DAYLIGHT,,,6/8/2021 8:45:37 AM,False,5033,Accepted,
28229671,0568000,LOUISVILLE METRO POLICE DEPT,Accepted,JEFFERSON,,,LAKE DREAMLAND,RD,,,OVERBROOK,,,,,38.208252147,-85.858910358,0.419,6/7/2021 12:00:00 AM,1832,2,2,0,1,CLEAR,DRY,False,ANGLE COLLISION - OTHER,ANGLE,STRAIGHT & LEVEL,DAYLIGHT,,,6/8/2021 8:46:29 AM,False,5257,Accepted,
28334801,0568000,LOUISVILLE METRO POLICE DEPT,Accepted,JEFFERSON,,8900,SHEPHERDSVILLE,RD,,,,,,,,38.127102421,-85.664367400,0.928,6/7/2021 12:00:00 AM,1035,2,2,0,0,CLOUDY,DRY,True,1 VEHICLE ENTERING/LEAVING ENTRANCE,ANGLE,STRAIGHT & LEVEL,DAYLIGHT,,,7/6/2021 8:58:50 AM,False,7838,Accepted,
28229655,0568000,LOUISVILLE METRO POLICE DEPT,Accepted,JEFFERSON,US0031E,,BARDSTOWN,RD,,,CREWS,,,,,38.180786114,-85.626089300,8.646,6/7/2021 12:00:00 AM,1722,3,3,0,0,CLEAR,WET,False,OTHER INTERSECTION COLLISIONS,REAR END,STRAIGHT & LEVEL,DAYLIGHT,,,6/8/2021 8:45:08 AM,False,5288,Accepted,
28229663,0568000,LOUISVILLE METRO POLICE DEPT,Accepted,JEFFERSON,,,HILL,ST,W,,MCCLOSKEY,,,,,38.228159474,-85.787196833,1.660,6/7/2021 12:00:00 AM,2124,6,6,0,1,CLEAR,DRY,True,OPPOSITE DIRECTION - BOTH VEHICLES GOING STRAIGHT AHEAD,SIDESWIPE-OPPOSITE DIRECTION,STRAIGHT & LEVEL,DARK-HWY LIGHTED/ON,,,6/8/2021 8:45:53 AM,False,5351,Accepted,
28229658,0568000,LOUISVILLE METRO POLICE DEPT,Accepted,JEFFERSON,KY1931,,ST ANDREWS CHURCH,RD,,,,,,,,38.150401042,-85.822156081,4.240,6/7/2021 12:00:00 AM,1744,2,2,0,0,CLEAR,DRY,False,HEAD-ON COLLISION,HEAD ON,STRAIGHT & LEVEL,DAYLIGHT,,,6/8/2021 8:45:29 AM,False,7234,Accepted,
28229656,0568000,LOUISVILLE METRO POLICE DEPT,Accepted,JEFFERSON,US0031W,,22ND,ST,S,,HILL,,,,,38.228896452,-85.792853948,18.159,6/7/2021 12:00:00 AM,1509,2,2,0,0,CLEAR,DRY,False,ANGLE COLLISION - OTHER,ANGLE,STRAIGHT & LEVEL,DAYLIGHT,,,6/8/2021 8:45:19 AM,False,5360,Accepted,
28229657,0568000,LOUISVILLE METRO POLICE DEPT,Accepted,JEFFERSON,,,MARY,ST,,,SWAN,,,,,38.233923483,-85.737107812,0.189,6/7/2021 12:00:00 AM,1720,2,2,0,0,CLEAR,DRY,False,ANGLE COLLISION - OTHER,ANGLE,STRAIGHT & HILLCREST,DAYLIGHT,,,6/8/2021 8:45:24 AM,False,7441,Accepted,
28225455,0568000,LOUISVILLE METRO POLICE DEPT,Accepted,JEFFERSON,,,SOUTHSIDE,DR,,,TENNY,,,,,38.176701121,-85.764720269,0.003,6/7/2021 12:00:00 AM,0028,2,2,0,0,CLEAR,DRY,False,ANGLE COLLISION - OTHER,ANGLE,STRAIGHT & LEVEL,DARK-HWY LIGHTED/ON,,,6/7/2021 9:54:26 AM,False,5337,Accepted,
28229638,0568000,LOUISVILLE METRO POLICE DEPT,Accepted,JEFFERSON,,2822,ELEANOR,AVE,,,,,,,,38.215958757,-85.679310938,0.775,6/7/2021 12:00:00 AM,1000,1,1,0,0,CLOUDY,DRY,False,COLLISION WITH FIXED OBJECT NON - INTERSECTION - FIRST EVENT COLLISION 09 - 32 EXCLUDING 16,SINGLE VEHICLE,STRAIGHT & LEVEL,DAYLIGHT,,,6/8/2021 8:44:03 AM,False,7793,Accepted,
28229649,0568000,LOUISVILLE METRO POLICE DEPT,Accepted,JEFFERSON,,8919,BRANDYWYNE,DR,,,,,,,,38.163858624,-85.593165212,0.127,6/7/2021 12:00:00 AM,0455,4,4,0,0,RAINING,WET,True,1 VEHICLE PARKED POSITION (NOT PARKING LOT/DRIVEWAY),ANGLE,STRAIGHT & LEVEL,DARK (UNKNOWN ROADWAY LIGHTING),,,6/8/2021 8:44:45 AM,False,7465,Accepted,
28229648,0568000,LOUISVILLE METRO POLICE DEPT,Accepted,JEFFERSON,US0031E,,BARDSTOWN,RD,,,GLENMARY FARM,,,,,38.125385972,-85.574719522,3.706,6/7/2021 12:00:00 AM,1600,2,2,0,0,RAINING,WET,True,SIDESWIPE-SAME DIRECTION,SIDESWIPE-SAME DIRECTION,STRAIGHT & LEVEL,DAYLIGHT,,,6/8/2021 8:44:41 AM,False,7698,Accepted,
28225446,0568000,LOUISVILLE METRO POLICE DEPT,Accepted,JEFFERSON,KY1747,,FERN VALLEY,RD,,,PARAMOUNT PARK,,,,,38.157121744,-85.712423680,1.084,6/7/2021 12:00:00 AM,0213,2,1,0,1,CLEAR,DRY,True,COLLISION WITH PEDESTRIAN IN INTERSECTION,SINGLE VEHICLE,STRAIGHT & LEVEL,DARK-HWY NOT LIGHTED,,,6/7/2021 9:53:42 AM,False,5141,Accepted,
28282441,0568000,LOUISVILLE METRO POLICE DEPT,Accepted,JEFFERSON,KY0864,3029,POPLAR LEVEL,RD,,,,,AUDUBON PLAZA,,HESS,38.213103078,-85.722076109,12.816,6/7/2021 12:00:00 AM,1704,2,2,0,0,CLEAR,DRY,False,COLLISION IN PARKING LOT,BACKING,STRAIGHT & LEVEL,DAYLIGHT,,,6/22/2021 8:45:22 AM,False,7938,Accepted,
28290775,0568000,LOUISVILLE METRO POLICE DEPT,Accepted,JEFFERSON,,,BROADWAY,,W,US0031W,22ND,,,,,38.249218278,-85.788211673,0.001,6/7/2021 12:00:00 AM,1713,2,2,0,0,CLEAR,DRY,False,SIDESWIPE-SAME DIRECTION,SIDESWIPE-SAME DIRECTION,STRAIGHT & LEVEL,DAYLIGHT,,,6/24/2021 8:37:42 AM,False,5124,Accepted,
28264852,0568000,LOUISVILLE METRO POLICE DEPT,Accepted,JEFFERSON,KY1703,,NEWBURG,RD,,,BELLARMINE,,,,,38.216979500,-85.707804285,3.842,6/7/2021 12:00:00 AM,1500,1,1,0,0,RAINING,WET,False,COLLISION WITH FIXED OBJECT IN INTERSECTION - FIRST EVENT COLLISION 09 - 32,SINGLE VEHICLE,CURVE & GRADE,DAYLIGHT,,,6/17/2021 8:12:52 AM,False,7793,Accepted,
28266250,0568000,LOUISVILLE METRO POLICE DEPT,Accepted,JEFFERSON,US0031W,,22ND,ST,S,,MADISON,,,,,38.253313004,-85.787484155,19.845,6/7/2021 12:00:00 AM,1650,2,2,0,0,CLEAR,DRY,True,ANGLE COLLISION - OTHER,ANGLE,STRAIGHT & LEVEL,DAYLIGHT,,,6/17/2021 2:51:52 PM,False,5341,Accepted,
28334802,0568000,LOUISVILLE METRO POLICE DEPT,Accepted,JEFFERSON,,6010,APPLEGATE,LN,,,,,,,,38.134087292,-85.649992588,0.493,6/7/2021 12:00:00 AM,1532,1,1,0,0,CLOUDY,WET,False,COLLISION WITH FIXED OBJECT NON - INTERSECTION - FIRST EVENT COLLISION 09 - 32 EXCLUDING 16,SINGLE VEHICLE,STRAIGHT & LEVEL,DAYLIGHT,,,7/6/2021 8:58:54 AM,False,7838,Accepted,
28225447,0568000,LOUISVILLE METRO POLICE DEPT,Accepted,JEFFERSON,KY0841,,GENE SNYDER,FWY,,,,,,,,38.118388131,-85.766111125,6.658,6/6/2021 12:00:00 AM,2302,1,1,0,0,CLEAR,DRY,False,OTHER ROADWAY OR MID-BLOCK COLLISION,SINGLE VEHICLE,STRAIGHT & LEVEL,DARK-HWY LIGHTED/ON,,,6/7/2021 9:53:46 AM,False,5170,Accepted,
28225422,0568000,LOUISVILLE METRO POLICE DEPT,Accepted,JEFFERSON,,,KURTZ,AVE,,KY1450,BLUE LICK,,,,,38.107900864,-85.691737411,0.003,6/6/2021 12:00:00 AM,1715,2,2,0,0,CLOUDY,DRY,False,OPPOSITE DIRECTION - BOTH VEHICLES GOING STRAIGHT AHEAD,SIDESWIPE-OPPOSITE DIRECTION,STRAIGHT & LEVEL,DAYLIGHT,,,6/7/2021 9:52:25 AM,False,7989,Accepted,
28225413,0568000,LOUISVILLE METRO POLICE DEPT,Accepted,JEFFERSON,US0031E,,BUECHEL,BYP,,,BUECHEL BANK,,,,,38.190671351,-85.647704325,10.039,6/6/2021 12:00:00 AM,1320,3,3,0,0,CLOUDY,DRY,False,ANGLE COLLISION - OTHER,ANGLE,STRAIGHT & LEVEL,DAYLIGHT,,,6/7/2021 9:51:45 AM,False,7864,Accepted,
28225421,0568000,LOUISVILLE METRO POLICE DEPT,Accepted,JEFFERSON,,,LIBERTY,ST,E,,1ST,,,,,38.252608959,-85.752113566,0.007,6/6/2021 12:00:00 AM,1230,2,2,0,0,CLEAR,DRY,False,SIDESWIPE-SAME DIRECTION,SIDESWIPE-SAME DIRECTION,STRAIGHT & LEVEL,DAYLIGHT,,,6/7/2021 9:52:19 AM,False,5385,Accepted,
28231596,0561500,UNIV. OF LOUISVILLE POLICE,Accepted,JEFFERSON,,2126,FLOYD,ST,S,,,,,,,38.216029527,-85.754819925,2.750,6/6/2021 12:00:00 AM,0503,1,1,0,0,CLOUDY,DRY,False,COLLISION WITH FIXED OBJECT NON - INTERSECTION - FIRST EVENT COLLISION 09 - 32 EXCLUDING 16,SINGLE VEHICLE,STRAIGHT & LEVEL,DARK-HWY NOT LIGHTED,,,6/8/2021 4:50:20 PM,False,5656,Accepted,
28238259,0568000,LOUISVILLE METRO POLICE DEPT,Accepted,JEFFERSON,I 0264,,I264 W,,,,,,,,,38.186392537,-85.799992552,8.294,6/6/2021 12:00:00 AM,1840,3,3,0,0,RAINING,WET,False,SIDESWIPE COLLISION - SAME DIRECTION,SIDESWIPE-SAME DIRECTION,STRAIGHT & LEVEL,DAYLIGHT,,,6/10/2021 9:06:20 AM,False,7667,Accepted,
28225406,0568000,LOUISVILLE METRO POLICE DEPT,Accepted,JEFFERSON,,,PENILE,RD,,KY2055,MANSLICK,,,,,38.115423925,-85.784435278,,6/6/2021 12:00:00 AM,1355,2,2,0,4,CLOUDY,DRY,False,ANGLE COLLISION - OTHER,ANGLE,STRAIGHT & LEVEL,DAYLIGHT,,,6/7/2021 9:50:34 AM,False,7263,Accepted,
28225423,0568000,LOUISVILLE METRO POLICE DEPT,Accepted,JEFFERSON,US0031E,,BARDSTOWN,RD,,,COLONEL HANCOCK,,,,,38.130462362,-85.577340785,4.086,6/6/2021 12:00:00 AM,1252,2,2,0,0,CLOUDY,DRY,False,OTHER INTERSECTION COLLISIONS,REAR END,STRAIGHT & LEVEL,DAYLIGHT,,,6/7/2021 9:52:36 AM,False,5363,Accepted,
28225431,0568000,LOUISVILLE METRO POLICE DEPT,Accepted,JEFFERSON,US0031W,,22ND,ST,S,,LEE,,,,,38.227125818,-85.793559526,18.025,6/6/2021 12:00:00 AM,1836,3,3,0,0,CLOUDY,WET,False,OPPOSING LEFT TURN,OPPOSING LEFT TURN,STRAIGHT & LEVEL,DAYLIGHT,,,6/7/2021 9:53:00 AM,False,7538,Accepted,