IncidentID,AgencyORI,AgencyName,IncidentStatusDesc,County,RdwyNumber,Street,RoadwayName,StreetSfx,StreetDir,IntersectionRdwy,IntersectionRdwyName,BetweenStRdwy1,BetweenStRdwyName1,BetweenStRdwy2,BetweenStRdwyName2,Latitude,Longitude,Milepoint,CollisionDate,CollisionTime,UnitsInvolved,MotorVehiclesInvolved,NumberKilled,NumberInjured,Weather,RdwyConditionCode,HitandRun,DirAnalysisCode,MannerofCollision,RdwyCharacter,LightCondition,RampFromRdwyId,RampToRdwyId,AcceptedDate,IsSecondaryCollision,OwnerBadge,IncidentStatus,
28225392,0568000,LOUISVILLE METRO POLICE DEPT,Accepted,JEFFERSON,KY2860,,GRINSTEAD,DR,,,RANSDELL,,,,,38.242983045,-85.707499757,0.852,6/6/2021 12:00:00 AM,0031,1,1,0,0,CLEAR,DRY,False,COLLISION WITH FIXED OBJECT IN INTERSECTION - FIRST EVENT COLLISION 09 - 32,SINGLE VEHICLE,CURVE & HILLCREST,DARK-HWY LIGHTED/ON,,,6/7/2021 9:49:32 AM,False,5362,Accepted,
28225399,0568000,LOUISVILLE METRO POLICE DEPT,Accepted,JEFFERSON,KY1747,,FERN VALLEY,RD,,KY6319,SIGNATURE,,,,,38.157294998,-85.714433080,0.975,6/6/2021 12:00:00 AM,0031,2,2,0,1,CLEAR,DRY,False,REAR END - ONE VEHICLE TURNING RIGHT,REAR END,STRAIGHT & LEVEL,DARK-HWY LIGHTED/ON,,,6/7/2021 9:50:09 AM,False,5264,Accepted,
28225450,0568000,LOUISVILLE METRO POLICE DEPT,Accepted,JEFFERSON,KY1931,,MANSLICK,RD,,,ELDERWOOD,,,,,38.194581028,-85.800608047,8.309,6/6/2021 12:00:00 AM,1706,2,2,0,0,RAINING,WET,True,HEAD-ON COLLISION,HEAD ON,CURVE & LEVEL,DAYLIGHT,,,6/7/2021 9:53:57 AM,False,5267,Accepted,
28225416,0568000,LOUISVILLE METRO POLICE DEPT,Accepted,JEFFERSON,,,HICKORY,ST,,,,,MULBERRY,,ASH,38.225194103,-85.736534389,0.148,6/6/2021 12:00:00 AM,1239,1,1,0,0,CLEAR,DRY,False,OTHER ROADWAY OR MID-BLOCK COLLISION,SINGLE VEHICLE,STRAIGHT & LEVEL,DAYLIGHT,,,6/7/2021 9:51:54 AM,False,5304,Accepted,
28225417,0568000,LOUISVILLE METRO POLICE DEPT,Accepted,JEFFERSON,,,FERN CREEK,RD,,,WOODBARK,,,,,38.149139079,-85.594519716,0.132,6/6/2021 12:00:00 AM,1635,3,3,0,2,CLOUDY,WET,False,OTHER INTERSECTION COLLISIONS,REAR END,STRAIGHT & GRADE,DAYLIGHT,,,6/7/2021 9:51:58 AM,False,6937,Accepted,
28225425,0568000,LOUISVILLE METRO POLICE DEPT,Accepted,JEFFERSON,KY1065,,OUTER,LOOP,,,,,ROBBS,,BUENA VISTA,38.138003846,-85.665247883,7.231,6/6/2021 12:00:00 AM,1732,3,3,0,0,CLEAR,DRY,False,OTHER ROADWAY OR MID-BLOCK COLLISION,REAR END,STRAIGHT & LEVEL,DAYLIGHT,,,6/7/2021 9:52:41 AM,False,2324,Accepted,
28225434,0568000,LOUISVILLE METRO POLICE DEPT,Accepted,JEFFERSON,,,WILSON,AVE,,,15TH,,,,,38.233261246,-85.778920098,0.199,6/6/2021 12:00:00 AM,1414,1,1,0,1,CLEAR,DRY,False,COLLISION IN PARKING LOT,SINGLE VEHICLE,STRAIGHT & LEVEL,DAYLIGHT,,,6/7/2021 9:53:04 AM,False,5032,Accepted,
28225443,0568000,LOUISVILLE METRO POLICE DEPT,Accepted,JEFFERSON,,719,WHITNEY,AVE,W,,,,,,,38.193360731,-85.782555551,0.033,6/6/2021 12:00:00 AM,2107,3,3,0,0,CLOUDY,DRY,False,1 VEHICLE PARKED POSITION (NOT PARKING LOT/DRIVEWAY),SIDESWIPE-SAME DIRECTION,STRAIGHT & LEVEL,DARK (UNKNOWN ROADWAY LIGHTING),,,6/7/2021 9:53:38 AM,False,5382,Accepted,
28225407,0568000,LOUISVILLE METRO POLICE DEPT,Accepted,JEFFERSON,I 0264,,I264 E,,,,,,,,,38.186154466,-85.801977765,8.088,6/6/2021 12:00:00 AM,1417,2,2,0,1,CLOUDY,DRY,True,REAR END IN TRAFFIC LANES BOTH VEHICLES MOVING,REAR END,STRAIGHT & LEVEL,DAYLIGHT,,,6/7/2021 9:50:40 AM,False,5352,Accepted,
28225408,0568000,LOUISVILLE METRO POLICE DEPT,Accepted,JEFFERSON,KY1230,,CANE RUN,RD,,,,,,,,38.147565407,-85.896430640,4.816,6/6/2021 12:00:00 AM,1543,2,2,0,1,CLOUDY,WET,False,1 VEHICLE ENTERING/LEAVING ENTRANCE,ANGLE,STRAIGHT & LEVEL,DAYLIGHT,,,6/7/2021 9:50:44 AM,False,7244,Accepted,
28226860,0560400,SHIVELY POLICE DEPARTMENT,Accepted,JEFFERSON,KY1934,3800BLK,CANE RUN,RD,,,,,,,,38.214210215,-85.819223204,10.609,6/6/2021 12:00:00 AM,0000,2,2,0,0,CLEAR,DRY,True,REAR END IN TRAFFIC LANES BOTH VEHICLES MOVING,REAR END,STRAIGHT & LEVEL,DARK (UNKNOWN ROADWAY LIGHTING),,,6/7/2021 3:27:25 PM,False,7114,Accepted,
28256048,0568000,LOUISVILLE METRO POLICE DEPT,Accepted,JEFFERSON,,,36TH,ST,S,,VIRGINIA,,,,,38.239510288,-85.813582824,1.228,6/6/2021 12:00:00 AM,0330,2,2,0,2,CLEAR,DRY,False,SIDESWIPE-SAME DIRECTION,SIDESWIPE-SAME DIRECTION,STRAIGHT & LEVEL,DARK-HWY LIGHTED/ON,,,6/15/2021 8:42:04 AM,False,5181,Accepted,
28225436,0568000,LOUISVILLE METRO POLICE DEPT,Accepted,JEFFERSON,,,4TH,ST,S,,LEE,,,,,38.223410142,-85.762410147,2.312,6/6/2021 12:00:00 AM,1659,2,2,0,0,RAINING,WET,False,ANGLE COLLISION - OTHER,ANGLE,STRAIGHT & LEVEL,DAYLIGHT,,,6/7/2021 9:53:10 AM,False,7360,Accepted,
28225411,0568000,LOUISVILLE METRO POLICE DEPT,Accepted,JEFFERSON,,,DIXIE,HWY,,,,,LEE,,GAULBERT,38.227290555,-85.790887130,1.570,6/6/2021 12:00:00 AM,1123,2,2,0,1,CLOUDY,DRY,True,REAR END IN TRAFFIC LANES BOTH VEHICLES MOVING,REAR END,STRAIGHT & LEVEL,DAYLIGHT,,,6/7/2021 9:50:56 AM,False,7538,Accepted,
28225412,0568000,LOUISVILLE METRO POLICE DEPT,Accepted,JEFFERSON,US0031W,,22ND,ST,S,,BURWELL,,,,,38.226152140,-85.793957678,17.950,6/6/2021 12:00:00 AM,1512,2,2,0,0,CLOUDY,DRY,False,ANGLE COLLISION - OTHER,ANGLE,STRAIGHT & LEVEL,DAYLIGHT,,,6/7/2021 9:51:34 AM,False,7538,Accepted,
28225394,0568000,LOUISVILLE METRO POLICE DEPT,Accepted,JEFFERSON,KY1747,2905,FERN VALLEY,RD,,,,,,,,38.157061484,-85.708134947,1.320,6/6/2021 12:00:00 AM,0121,2,2,0,3,CLEAR,DRY,False,REAR END IN TRAFFIC LANES BOTH VEHICLES MOVING,REAR END,STRAIGHT & LEVEL,DARK-HWY LIGHTED/ON,,,6/7/2021 9:49:51 AM,False,5198,Accepted,
28225397,0568000,LOUISVILLE METRO POLICE DEPT,Accepted,JEFFERSON,I 0064,,I64 E,,,,,,,,,38.259113973,-85.723862400,6.502,6/6/2021 12:00:00 AM,0035,1,1,0,0,CLEAR,DRY,False,COLLISION WITH FIXED OBJECT NON - INTERSECTION - FIRST EVENT COLLISION 09 - 32 EXCLUDING 16,SINGLE VEHICLE,CURVE & GRADE,DARK-HWY LIGHTED/ON,,,6/7/2021 9:50:04 AM,False,5302,Accepted,
28225403,0568000,LOUISVILLE METRO POLICE DEPT,Accepted,JEFFERSON,,,INDIAN,TRL,E,,,,,,,38.180961541,-85.672124192,2.172,6/6/2021 12:00:00 AM,0159,1,1,0,0,CLEAR,DRY,False,COLLISION WITH FIXED OBJECT NON - INTERSECTION - FIRST EVENT COLLISION 09 - 32 EXCLUDING 16,SINGLE VEHICLE,STRAIGHT & LEVEL,DARK-HWY LIGHTED/ON,,,6/7/2021 9:50:21 AM,False,5171,Accepted,
28290795,0568000,LOUISVILLE METRO POLICE DEPT,Accepted,JEFFERSON,,,TOWNE CENTER,DR,,KY1447,WESTPORT,,,,,38.296246119,-85.553512181,0.004,6/6/2021 12:00:00 AM,1833,4,4,0,2,CLEAR,DRY,False,OPPOSING LEFT TURN,OPPOSING LEFT TURN,STRAIGHT & LEVEL,DAYLIGHT,,,6/24/2021 8:39:00 AM,False,5002,Accepted,
28223700,0560300,ST. MATTHEWS POLICE DEPARTMENT,Accepted,JEFFERSON,I 0264,,I264 E,,,,,I 0264,I264 E EXIT20 TRANSIT,I 0264,I264 W EXIT19A ON RAMP FROM US60 W,38.253570483,-85.619302715,20.024,6/6/2021 12:00:00 AM,1713,2,2,0,0,RAINING,WET,False,REAR END IN TRAFFIC LANES BOTH VEHICLES MOVING,REAR END,CURVE & LEVEL,DAYLIGHT,,,6/7/2021 12:24:46 AM,True,9158,Accepted,
28225363,0568000,LOUISVILLE METRO POLICE DEPT,Accepted,JEFFERSON,,,7TH,ST,S,,,,,,,38.219739698,-85.777836599,0.021,6/5/2021 12:00:00 AM,0043,2,1,0,1,CLEAR,DRY,True,COLLISION WITH BICYCLIST NON INTERSECTION,SINGLE VEHICLE,STRAIGHT & LEVEL,DARK-HWY LIGHTED/ON,,,6/7/2021 9:46:26 AM,False,5239,Accepted,
28219830,0560300,ST. MATTHEWS POLICE DEPARTMENT,Accepted,JEFFERSON,US0060,5000,SHELBYVILLE,RD,,,,,,,,38.249786076,-85.623151647,5.322,6/5/2021 12:00:00 AM,1148,2,2,0,0,CLEAR,DRY,False,COLLISION IN PARKING LOT,ANGLE,STRAIGHT & GRADE,DAYLIGHT,,,6/5/2021 4:05:49 PM,False,9150,Accepted,
28225369,0568000,LOUISVILLE METRO POLICE DEPT,Accepted,JEFFERSON,KY1819,,BILLTOWN,RD,,,MICHAEL EDWARD,,,,,38.171509968,-85.572791857,7.545,6/5/2021 12:00:00 AM,0611,1,1,0,0,CLEAR,DRY,False,COLLISION WITH FIXED OBJECT IN INTERSECTION - FIRST EVENT COLLISION 09 - 32,SINGLE VEHICLE,CURVE & LEVEL,DAWN,,,6/7/2021 9:46:46 AM,False,5141,Accepted,
28225404,0568000,LOUISVILLE METRO POLICE DEPT,Accepted,JEFFERSON,,,HIKES,LN,,,,KY2251,BARDSTOWN,,GREEN MEADOWS,38.200718443,-85.657326722,1.050,6/5/2021 12:00:00 AM,2241,2,1,0,1,CLOUDY,DRY,False,COLLISION WITH PEDESTRIAN NON - INTERSECTION,SINGLE VEHICLE,STRAIGHT & LEVEL,DARK-HWY NOT LIGHTED,,,6/7/2021 9:50:25 AM,False,2308,Accepted,
28225378,0568000,LOUISVILLE METRO POLICE DEPT,Accepted,JEFFERSON,US0031W,,22ND,ST,S,,BURNETT,,,,,38.230629717,-85.792134742,18.288,6/5/2021 12:00:00 AM,1045,2,2,0,1,CLEAR,DRY,True,ANGLE COLLISION - OTHER,ANGLE,STRAIGHT & LEVEL,DAYLIGHT,,,6/7/2021 9:47:57 AM,False,7538,Accepted,
28225379,0568000,LOUISVILLE METRO POLICE DEPT,Accepted,JEFFERSON,I 0265,,I265 N,,,,,,,,,38.300506126,-85.552911405,32.850,6/5/2021 12:00:00 AM,1138,2,2,0,0,CLEAR,DRY,False,SIDESWIPE COLLISION - SAME DIRECTION,SIDESWIPE-SAME DIRECTION,CURVE & LEVEL,DAYLIGHT,,,6/7/2021 9:48:01 AM,False,7313,Accepted,
28225380,0568000,LOUISVILLE METRO POLICE DEPT,Accepted,JEFFERSON,,,VERMONT,AVE,,,41ST,,,,,38.256679875,-85.816784691,0.887,6/5/2021 12:00:00 AM,1335,2,2,0,0,CLEAR,DRY,False,COLLISION WITH PARKED VEHICLE,SIDESWIPE-SAME DIRECTION,STRAIGHT & LEVEL,DAYLIGHT,,,6/7/2021 9:48:04 AM,False,5132,Accepted,
28225385,0568000,LOUISVILLE METRO POLICE DEPT,Accepted,JEFFERSON,,,FEGENBUSH,LN,,,,,,,,38.186694115,-85.638079276,0.040,6/5/2021 12:00:00 AM,1534,2,2,0,1,CLEAR,DRY,True,OTHER ROADWAY OR MID-BLOCK COLLISION,REAR END,STRAIGHT & LEVEL,DAYLIGHT,,,6/7/2021 9:48:52 AM,False,7864,Accepted,
28225387,0568000,LOUISVILLE METRO POLICE DEPT,Accepted,JEFFERSON,US0031W,,22ND,ST,S,,OAK,,,,,38.237459409,-85.790272331,18.746,6/5/2021 12:00:00 AM,1549,2,2,0,0,CLEAR,DRY,False,ANGLE COLLISION - OTHER,ANGLE,STRAIGHT & LEVEL,DAYLIGHT,,,6/7/2021 9:48:59 AM,False,7387,Accepted,
28225388,0568000,LOUISVILLE METRO POLICE DEPT,Accepted,JEFFERSON,KY0061,,PRESTON,HWY,,,CHATEAU,,,,,38.147894994,-85.691953651,4.656,6/5/2021 12:00:00 AM,1452,3,3,0,0,CLEAR,DRY,False,ANGLE COLLISION - OTHER,ANGLE,STRAIGHT & LEVEL,DAYLIGHT,,,6/7/2021 9:49:03 AM,False,7397,Accepted,
28225368,0568000,LOUISVILLE METRO POLICE DEPT,Accepted,JEFFERSON,KY3082,2547,BANK,ST,,,26TH,,,,,38.269317886,-85.790989253,1.089,6/5/2021 12:00:00 AM,0201,3,3,0,0,CLEAR,DRY,True,COLLISION WITH PARKED VEHICLE,REAR END,CURVE & LEVEL,DARK-HWY LIGHTED/ON,,,6/7/2021 9:46:43 AM,False,5355,Accepted,
28225418,0568000,LOUISVILLE METRO POLICE DEPT,Accepted,JEFFERSON,,,40TH,ST,S,,HALE,,,,,38.241165254,-85.818678402,1.361,6/5/2021 12:00:00 AM,1414,2,2,0,1,CLEAR,DRY,False,ANGLE COLLISION - OTHER,ANGLE,STRAIGHT & LEVEL,DAYLIGHT,,,6/7/2021 9:52:09 AM,False,7329,Accepted,
28256032,0568000,LOUISVILLE METRO POLICE DEPT,Accepted,JEFFERSON,KY1020,,3RD,ST,S,,KENTUCKY,,,,,38.238762750,-85.757978196,11.599,6/5/2021 12:00:00 AM,1126,2,2,0,0,CLEAR,DRY,False,ANGLE COLLISION - OTHER,ANGLE,STRAIGHT & LEVEL,DAYLIGHT,,,6/15/2021 8:40:51 AM,False,7619,Accepted,
28225367,0568000,LOUISVILLE METRO POLICE DEPT,Accepted,JEFFERSON,,,PROGRESS,BLVD,,,,,,,,38.185286356,-85.653506656,0.497,6/5/2021 12:00:00 AM,0515,1,1,0,1,CLOUDY,DRY,False,OTHER ROADWAY OR MID-BLOCK COLLISION,SINGLE VEHICLE,CURVE & LEVEL,DAWN,,,6/7/2021 9:46:39 AM,False,5178,Accepted,
28225373,0568000,LOUISVILLE METRO POLICE DEPT,Accepted,JEFFERSON,I 0064,,I64 E,,,,,,,,,38.223432346,-85.530326286,17.643,6/5/2021 12:00:00 AM,0350,2,2,0,0,CLEAR,DRY,False,1 VEHICLE PARKED POSITION (NOT PARKING LOT/DRIVEWAY),SIDESWIPE-SAME DIRECTION,STRAIGHT & GRADE,DARK-HWY NOT LIGHTED,,,6/7/2021 9:47:01 AM,False,5041,Accepted,
28225374,0568000,LOUISVILLE METRO POLICE DEPT,Accepted,JEFFERSON,,,BARRET,AVE,,US0150,BROADWAY,,,,,38.244181337,-85.734061863,0.313,6/5/2021 12:00:00 AM,0852,2,2,0,0,CLEAR,DRY,False,ANGLE COLLISION - OTHER,ANGLE,STRAIGHT & GRADE,DAYLIGHT,,,6/7/2021 9:47:07 AM,False,7900,Accepted,
28225375,0568000,LOUISVILLE METRO POLICE DEPT,Accepted,JEFFERSON,,,LEXINGTON,RD,,,,,,,,38.245951692,-85.706152730,1.770,6/5/2021 12:00:00 AM,1025,1,1,0,0,CLEAR,DRY,True,COLLISION IN PARKING LOT,SINGLE VEHICLE,STRAIGHT & LEVEL,DAYLIGHT,,,6/7/2021 9:47:43 AM,False,5020,Accepted,
28225381,0568000,LOUISVILLE METRO POLICE DEPT,Accepted,JEFFERSON,KY1934,,CANE RUN,RD,,,,,,,,38.183944643,-85.855262603,7.804,6/5/2021 12:00:00 AM,1324,2,2,0,1,CLEAR,DRY,False,REAR END IN TRAFFIC LANES BOTH VEHICLES MOVING,REAR END,STRAIGHT & LEVEL,DAYLIGHT,,,6/7/2021 9:48:29 AM,False,7244,Accepted,
28225382,0568000,LOUISVILLE METRO POLICE DEPT,Accepted,JEFFERSON,,5409,ARMSMERE,WAY,,,,,,,,38.177093808,-85.659878766,0.028,6/5/2021 12:00:00 AM,1248,1,1,0,0,CLEAR,DRY,True,COLLISION WITH FIXED OBJECT NON - INTERSECTION - FIRST EVENT COLLISION 09 - 32 EXCLUDING 16,SINGLE VEHICLE,STRAIGHT & LEVEL,DAYLIGHT,,,6/7/2021 9:48:34 AM,False,5373,Accepted,
28225383,0568000,LOUISVILLE METRO POLICE DEPT,Accepted,JEFFERSON,,1813,BOLLING,AVE,,,,,DIXIE,US0031W,22ND,38.229267215,-85.790570884,0.323,6/5/2021 12:00:00 AM,1400,2,2,0,0,CLEAR,DRY,True,1 VEHICLE PARKED POSITION (NOT PARKING LOT/DRIVEWAY),ANGLE,STRAIGHT & LEVEL,DAYLIGHT,,,6/7/2021 9:48:37 AM,False,7538,Accepted,
28225384,0568000,LOUISVILLE METRO POLICE DEPT,Accepted,JEFFERSON,US0031E,,BARDSTOWN,RD,,KY1932,BRECKENRIDGE,,,,,38.181191606,-85.626867700,8.694,6/5/2021 12:00:00 AM,1402,2,2,0,0,CLEAR,DRY,False,SIDESWIPE-SAME DIRECTION,SIDESWIPE-SAME DIRECTION,STRAIGHT & LEVEL,DAYLIGHT,,,6/7/2021 9:48:43 AM,False,7864,Accepted,
28225390,0568000,LOUISVILLE METRO POLICE DEPT,Accepted,JEFFERSON,,,MAGNOLIA,AVE,W,KY1020,3RD,,,,,38.228977018,-85.759727698,0.181,6/5/2021 12:00:00 AM,1424,2,2,0,0,CLEAR,DRY,True,ANGLE COLLISION - OTHER,ANGLE,STRAIGHT & LEVEL,DAYLIGHT,,,6/7/2021 9:49:20 AM,False,5304,Accepted,
28225391,0568000,LOUISVILLE METRO POLICE DEPT,Accepted,JEFFERSON,,,BLUEGRASS,AVE,,,,,,,,38.179570745,-85.783677184,0.830,6/5/2021 12:00:00 AM,1430,2,2,0,0,CLEAR,DRY,True,1 VEHICLE ENTERING/LEAVING ENTRANCE,ANGLE,STRAIGHT & LEVEL,DAYLIGHT,,,6/7/2021 9:49:27 AM,False,7667,Accepted,
28225401,0568000,LOUISVILLE METRO POLICE DEPT,Accepted,JEFFERSON,,,26TH,ST,S,,GRAND,,,,,38.240496171,-85.795908777,1.368,6/5/2021 12:00:00 AM,2310,2,2,0,0,CLEAR,DRY,True,HEAD-ON COLLISION,HEAD ON,STRAIGHT & LEVEL,DARK-HWY LIGHTED/ON,,,6/7/2021 9:50:16 AM,False,5309,Accepted,
28225389,0568000,LOUISVILLE METRO POLICE DEPT,Accepted,JEFFERSON,I 0065,,I65 N,,,,,,,,,38.229112035,-85.751231828,134.086,6/5/2021 12:00:00 AM,1241,1,1,0,1,CLEAR,DRY,False,COLLISION WITH FIXED OBJECT NON - INTERSECTION - FIRST EVENT COLLISION 09 - 32 EXCLUDING 16,SINGLE VEHICLE,STRAIGHT & LEVEL,DAYLIGHT,,,6/7/2021 9:49:15 AM,False,7495,Accepted,
28225440,0568000,LOUISVILLE METRO POLICE DEPT,Accepted,JEFFERSON,KY0864,,POPLAR LEVEL,RD,,I 0264,I264 W EXIT14 OFF RAMP TO KY864 S,,,,,38.195260690,-85.707595751,11.302,6/5/2021 12:00:00 AM,0230,2,2,0,0,CLEAR,DRY,True,OTHER INTERSECTION COLLISIONS,REAR END,STRAIGHT & LEVEL,DARK (UNKNOWN ROADWAY LIGHTING),,,6/7/2021 9:53:35 AM,False,5342,Accepted,
28238268,0568000,LOUISVILLE METRO POLICE DEPT,Accepted,JEFFERSON,KY1931,,GREENWOOD,RD,,,RUTLEDGE,,,,,38.145200761,-85.882899823,0.776,6/5/2021 12:00:00 AM,2156,2,2,0,0,CLEAR,DRY,False,OPPOSITE DIRECTION - BOTH VEHICLES GOING STRAIGHT AHEAD,SIDESWIPE-OPPOSITE DIRECTION,CURVE & GRADE,DARK-HWY NOT LIGHTED,,,6/10/2021 9:07:05 AM,False,5318,Accepted,
28225438,0568000,LOUISVILLE METRO POLICE DEPT,Accepted,JEFFERSON,,,JEFFERSON,ST,W,,5TH,,,,,38.254018186,-85.758671518,0.364,6/5/2021 12:00:00 AM,1914,2,2,0,0,CLEAR,DRY,False,ANGLE COLLISION - OTHER,ANGLE,STRAIGHT & LEVEL,DAYLIGHT,,,6/7/2021 9:53:29 AM,False,2854,Accepted,
28278366,0568000,LOUISVILLE METRO POLICE DEPT,Accepted,JEFFERSON,,,BANK,ST,,,,,,,,38.271906955,-85.811693322,0.358,6/5/2021 12:00:00 AM,0930,2,2,0,0,CLEAR,DRY,False,SIDESWIPE COLLISION - SAME DIRECTION,SIDESWIPE-SAME DIRECTION,STRAIGHT & LEVEL,DAYLIGHT,,,6/21/2021 8:30:01 AM,False,7469,Accepted,
28935119,0568000,LOUISVILLE METRO POLICE DEPT,Accepted,JEFFERSON,KY1931,,ST ANDREWS CHURCH,RD,,,,,,,,38.153305319,-85.808091334,5.100,6/4/2021 12:00:00 AM,0933,3,3,1,1,CLEAR,DRY,False,SIDESWIPE COLLISION - OPPOSITE DIRECTION,SIDESWIPE-OPPOSITE DIRECTION,STRAIGHT & LEVEL,DAYLIGHT,,,10/22/2021 1:39:11 PM,False,7772,Accepted,
28225437,0568000,LOUISVILLE METRO POLICE DEPT,Accepted,JEFFERSON,US0150,,BROADWAY,,W,,,,10TH,,11TH,38.247258161,-85.769028717,1.792,6/4/2021 12:00:00 AM,1307,2,2,0,1,CLEAR,DRY,False,1 VEHICLE ENTERING/LEAVING ENTRANCE,ANGLE,STRAIGHT & LEVEL,DAYLIGHT,,,6/7/2021 9:53:16 AM,False,2854,Accepted,
28233792,0568000,LOUISVILLE METRO POLICE DEPT,Accepted,JEFFERSON,I 0065,,I65 N,,,,,,,,,38.219286225,-85.751882291,133.400,6/4/2021 12:00:00 AM,1506,2,2,0,0,CLEAR,DRY,False,SIDESWIPE COLLISION - SAME DIRECTION,SIDESWIPE-SAME DIRECTION,CURVE & GRADE,DAYLIGHT,,,6/9/2021 8:20:40 AM,False,8278,Accepted,
28334717,0568000,LOUISVILLE METRO POLICE DEPT,Accepted,JEFFERSON,,,SOUTHLAND,BLVD,W,,BUCKNER,,,,,38.171556268,-85.773364545,0.537,6/4/2021 12:00:00 AM,1112,2,2,0,1,CLEAR,DRY,False,ANGLE COLLISION - ONE VEHICLE TURNING LEFT,ANGLE,STRAIGHT & LEVEL,DAYLIGHT,,,7/6/2021 8:52:07 AM,False,5221,Accepted,
28233795,0568000,LOUISVILLE METRO POLICE DEPT,Accepted,JEFFERSON,I 0264,,I264 E,,,,,,,,,38.189270747,-85.774513687,9.622,6/4/2021 12:00:00 AM,1243,2,2,0,0,CLOUDY,DRY,False,SIDESWIPE COLLISION - SAME DIRECTION,SIDESWIPE-SAME DIRECTION,CURVE & LEVEL,DAYLIGHT,,,6/9/2021 8:20:52 AM,False,8278,Accepted,
28238263,0568000,LOUISVILLE METRO POLICE DEPT,Accepted,JEFFERSON,,,YORK,ST,,,,,7TH,,8TH,38.244813951,-85.764505036,0.046,6/4/2021 12:00:00 AM,1603,2,2,0,0,CLEAR,DRY,False,1 VEHICLE ENTERING/LEAVING ENTRANCE,ANGLE,STRAIGHT & LEVEL,DAYLIGHT,,,6/10/2021 9:06:36 AM,False,7619,Accepted,
28577526,0568000,LOUISVILLE METRO POLICE DEPT,Accepted,JEFFERSON,US0060A,3344,LEXINGTON,RD,,KY2048,CANNONS,,,,,38.249695496,-85.666949901,9.964,6/4/2021 12:00:00 AM,2100,1,1,0,1,CLEAR,OTHER,False,OTHER INTERSECTION COLLISIONS,SINGLE VEHICLE,STRAIGHT & LEVEL,DAYLIGHT,,,8/30/2021 8:51:43 AM,False,7544,Accepted,
28243146,0568000,LOUISVILLE METRO POLICE DEPT,Accepted,JEFFERSON,,,LAKESIDE,DR,,,,,TREVILIAN,,PAGE,38.220588759,-85.688266735,0.332,6/4/2021 12:00:00 AM,0645,2,2,0,0,CLEAR,DRY,False,1 VEHICLE PARKED POSITION (NOT PARKING LOT/DRIVEWAY),SIDESWIPE-SAME DIRECTION,CURVE & GRADE,DAYLIGHT,,,6/11/2021 1:47:50 PM,False,2034,Accepted,
28225456,0568000,LOUISVILLE METRO POLICE DEPT,Accepted,JEFFERSON,I 0065,,I65 S,,,,,,,,,38.171686498,-85.720738441,129.279,6/4/2021 12:00:00 AM,0900,1,1,0,1,CLEAR,DRY,False,OCCUPANT FELL FROM MOVING VEHICLE,SINGLE VEHICLE,CURVE & LEVEL,DAYLIGHT,,,6/7/2021 9:54:29 AM,False,7772,Accepted,
28225359,0568000,LOUISVILLE METRO POLICE DEPT,Accepted,JEFFERSON,,913,DRESDEN,AVE,,,,,,,,38.197682544,-85.775516318,0.400,6/4/2021 12:00:00 AM,1648,2,2,0,1,CLEAR,DRY,False,1 VEHICLE PARKED POSITION (NOT PARKING LOT/DRIVEWAY),REAR END,STRAIGHT & LEVEL,DAYLIGHT,,,6/7/2021 9:46:07 AM,False,7360,Accepted,
28225372,0568000,LOUISVILLE METRO POLICE DEPT,Accepted,JEFFERSON,US0060A,,LEXINGTON,RD,,,BAUER,,,,,38.251688154,-85.660913235,10.339,6/4/2021 12:00:00 AM,1211,2,2,0,0,CLEAR,DRY,False,OPPOSING LEFT TURN,OPPOSING LEFT TURN,STRAIGHT & LEVEL,DAYLIGHT,,,6/7/2021 9:46:55 AM,False,7632,Accepted,
28225376,0568000,LOUISVILLE METRO POLICE DEPT,Accepted,JEFFERSON,US0150,,BROADWAY,,W,KY1020,2ND,,,,,38.245814889,-85.755082577,2.558,6/4/2021 12:00:00 AM,1448,2,2,0,4,CLEAR,DRY,False,SIDESWIPE-SAME DIRECTION,SIDESWIPE-SAME DIRECTION,STRAIGHT & LEVEL,DAYLIGHT,,,6/7/2021 9:47:50 AM,False,7058,Accepted,
28225393,0568000,LOUISVILLE METRO POLICE DEPT,Accepted,JEFFERSON,,10111,WHITEOAK PARK,RD,,,,,,,,38.117019920,-85.691710083,0.243,6/4/2021 12:00:00 AM,1930,1,1,0,0,CLEAR,DRY,False,COLLISION WITH FIXED OBJECT NON - INTERSECTION - FIRST EVENT COLLISION 09 - 32 EXCLUDING 16,SINGLE VEHICLE,STRAIGHT & LEVEL,DAYLIGHT,,,6/7/2021 9:49:37 AM,False,5198,Accepted,
28225377,0568000,LOUISVILLE METRO POLICE DEPT,Accepted,JEFFERSON,US0031E,,MARKET,ST,E,,FLOYD,,,,,38.254245768,-85.748184506,17.483,6/4/2021 12:00:00 AM,1310,2,2,0,0,CLEAR,DRY,False,OPPOSITE DIRECTION - BOTH VEHICLES GOING STRAIGHT AHEAD,SIDESWIPE-OPPOSITE DIRECTION,STRAIGHT & LEVEL,DAYLIGHT,,,6/7/2021 9:47:54 AM,False,7058,Accepted,
28225370,0568000,LOUISVILLE METRO POLICE DEPT,Accepted,JEFFERSON,,,BROADWAY,,W,US0031W,22ND,,,,,38.249220418,-85.788207422,,6/4/2021 12:00:00 AM,0749,2,2,0,2,CLEAR,DRY,False,ANGLE COLLISION - OTHER,ANGLE,STRAIGHT & LEVEL,DAYLIGHT,,,6/7/2021 9:46:50 AM,False,5251,Accepted,