IncidentID,AgencyORI,AgencyName,IncidentStatusDesc,County,RdwyNumber,Street,RoadwayName,StreetSfx,StreetDir,IntersectionRdwy,IntersectionRdwyName,BetweenStRdwy1,BetweenStRdwyName1,BetweenStRdwy2,BetweenStRdwyName2,Latitude,Longitude,Milepoint,CollisionDate,CollisionTime,UnitsInvolved,MotorVehiclesInvolved,NumberKilled,NumberInjured,Weather,RdwyConditionCode,HitandRun,DirAnalysisCode,MannerofCollision,RdwyCharacter,LightCondition,RampFromRdwyId,RampToRdwyId,AcceptedDate,IsSecondaryCollision,OwnerBadge,IncidentStatus,
28225338,0568000,LOUISVILLE METRO POLICE DEPT,Accepted,JEFFERSON,KY0061,,PRESTON,HWY,,,,,,,,38.097799075,-85.670734389,0.993,6/4/2021 12:00:00 AM,1411,2,2,0,0,CLEAR,DRY,False,REAR END IN TRAFFIC LANES BOTH VEHICLES MOVING,REAR END,STRAIGHT & LEVEL,DAYLIGHT,,,6/7/2021 9:44:46 AM,False,4693,Accepted,
28225362,0568000,LOUISVILLE METRO POLICE DEPT,Accepted,JEFFERSON,KY1931,,ST ANDREWS CHURCH,RD,,,,,,,,38.152160266,-85.818838442,4.497,6/4/2021 12:00:00 AM,1821,3,3,0,1,CLEAR,DRY,False,REAR END IN TRAFFIC LANES BOTH VEHICLES MOVING,REAR END,STRAIGHT & LEVEL,DAYLIGHT,,,6/7/2021 9:46:22 AM,False,5170,Accepted,
28225328,0568000,LOUISVILLE METRO POLICE DEPT,Accepted,JEFFERSON,I 0265,,I265 W,,,,,,,,,38.115028781,-85.701387122,10.254,6/4/2021 12:00:00 AM,0859,3,3,0,0,CLEAR,DRY,False,HEAD-ON COLLISION,HEAD ON,STRAIGHT & LEVEL,DAYLIGHT,,,6/7/2021 9:44:01 AM,False,4903,Accepted,
28225337,0568000,LOUISVILLE METRO POLICE DEPT,Accepted,JEFFERSON,US0031E,,BARDSTOWN,RD,,,BEECHWOOD,,,,,38.236470485,-85.717519342,15.189,6/4/2021 12:00:00 AM,1015,2,2,0,0,CLEAR,DRY,False,ANGLE COLLISION - ONE VEHICLE TURNING LEFT,ANGLE,STRAIGHT & LEVEL,DAYLIGHT,,,6/7/2021 9:44:40 AM,False,5020,Accepted,
28225344,0568000,LOUISVILLE METRO POLICE DEPT,Accepted,JEFFERSON,,2901,RIVER,RD,,,,,,,,38.275517084,-85.702040797,2.723,6/4/2021 12:00:00 AM,1608,1,1,0,1,CLEAR,DRY,False,OTHER ROADWAY OR MID-BLOCK COLLISION,SINGLE VEHICLE,STRAIGHT & LEVEL,DAYLIGHT,,,6/7/2021 9:45:12 AM,False,7281,Accepted,
28225352,0568000,LOUISVILLE METRO POLICE DEPT,Accepted,JEFFERSON,US0031W,,DIXIE,HWY,,,,,,,,38.071568174,-85.884720676,5.941,6/4/2021 12:00:00 AM,1804,1,1,0,0,CLEAR,DRY,True,COLLISION WITH FIXED OBJECT NON - INTERSECTION - FIRST EVENT COLLISION 09 - 32 EXCLUDING 16,SINGLE VEHICLE,STRAIGHT & LEVEL,DAYLIGHT,,,6/7/2021 9:45:28 AM,False,7174,Accepted,
28225360,0568000,LOUISVILLE METRO POLICE DEPT,Accepted,JEFFERSON,,,HANCOCK,ST,S,US0031E,MARKET,,,,,38.252913754,-85.742176149,0.144,6/4/2021 12:00:00 AM,2002,2,2,0,1,CLEAR,DRY,False,OTHER INTERSECTION COLLISIONS,REAR END,STRAIGHT & LEVEL,DAYLIGHT,,,6/7/2021 9:46:12 AM,False,7386,Accepted,
28225361,0568000,LOUISVILLE METRO POLICE DEPT,Accepted,JEFFERSON,KY1142,,PALATKA,RD,,,,,,,,38.151688015,-85.783038867,1.070,6/4/2021 12:00:00 AM,1535,3,3,0,2,CLEAR,DRY,False,REAR END IN TRAFFIC LANES BOTH VEHICLES MOVING,REAR END,STRAIGHT & LEVEL,DAYLIGHT,,,6/7/2021 9:46:18 AM,False,5170,Accepted,
28215266,0568000,LOUISVILLE METRO POLICE DEPT,Accepted,JEFFERSON,KY0864,,POPLAR LEVEL,RD,,,INDIAN,,,,,38.171663056,-85.684842415,9.226,6/4/2021 12:00:00 AM,0417,2,2,0,1,CLEAR,DRY,False,ANGLE COLLISION - OTHER,ANGLE,STRAIGHT & LEVEL,DARK-HWY LIGHTED/ON,,,6/4/2021 9:08:08 AM,False,5189,Accepted,
28215253,0568000,LOUISVILLE METRO POLICE DEPT,Accepted,JEFFERSON,KY1934,,CANE RUN,RD,,KY2051,LEES,,,,,38.183817290,-85.855239866,7.726,6/4/2021 12:00:00 AM,0037,2,2,0,3,CLEAR,DRY,False,ANGLE COLLISION - OTHER,ANGLE,STRAIGHT & LEVEL,DARK-HWY LIGHTED/ON,,,6/4/2021 9:07:44 AM,False,5303,Accepted,
28225339,0568000,LOUISVILLE METRO POLICE DEPT,Accepted,JEFFERSON,KY2054,700,ALGONQUIN,PKWY,,,,,,,,38.211265888,-85.770131766,3.281,6/4/2021 12:00:00 AM,1346,2,2,0,0,CLEAR,DRY,True,COLLISION IN PARKING LOT,ANGLE,STRAIGHT & LEVEL,DAYLIGHT,,,6/7/2021 9:44:53 AM,False,7977,Accepted,
28225340,0568000,LOUISVILLE METRO POLICE DEPT,Accepted,JEFFERSON,US0150,,BROADWAY,,W,KY1020,2ND,,,,,38.245828375,-85.755063880,2.559,6/4/2021 12:00:00 AM,1434,2,1,0,1,CLEAR,DRY,False,COLLISION WITH BICYCLE IN INTERSECTION,SINGLE VEHICLE,STRAIGHT & LEVEL,DAYLIGHT,,,6/7/2021 9:45:01 AM,False,7239,Accepted,
28225347,0568000,LOUISVILLE METRO POLICE DEPT,Accepted,JEFFERSON,I 0265,,I265 E,,,,,,,,,38.119107309,-85.638059870,13.853,6/4/2021 12:00:00 AM,1724,2,2,0,1,CLEAR,DRY,False,REAR END IN TRAFFIC LANES BOTH VEHICLES MOVING,REAR END,STRAIGHT & LEVEL,DAYLIGHT,,,6/7/2021 9:45:18 AM,False,7989,Accepted,
28225349,0568000,LOUISVILLE METRO POLICE DEPT,Accepted,JEFFERSON,I 0264,,I264 E,,,,,,,,,38.190116094,-85.756649020,10.600,6/4/2021 12:00:00 AM,1617,3,3,0,1,CLEAR,DRY,False,REAR END IN TRAFFIC LANES BOTH VEHICLES MOVING,REAR END,STRAIGHT & HILLCREST,DAYLIGHT,,,6/7/2021 9:45:24 AM,False,2217,Accepted,
28225356,0568000,LOUISVILLE METRO POLICE DEPT,Accepted,JEFFERSON,US0031E,,BARDSTOWN,RD,,,RICHLAND,,,,,38.189890182,-85.642896372,9.803,6/4/2021 12:00:00 AM,1438,2,2,0,1,CLEAR,DRY,False,ANGLE COLLISION - OTHER,ANGLE,STRAIGHT & LEVEL,DAYLIGHT,,,6/7/2021 9:45:55 AM,False,5146,Accepted,
28225332,0568000,LOUISVILLE METRO POLICE DEPT,Accepted,JEFFERSON,,214,38TH,ST,N,,,,,,,38.266299201,-85.811333586,0.392,6/4/2021 12:00:00 AM,1240,2,2,0,0,CLEAR,DRY,True,1 VEHICLE PARKED POSITION (NOT PARKING LOT/DRIVEWAY),HEAD ON,STRAIGHT & LEVEL,DAYLIGHT,,,6/7/2021 9:44:28 AM,False,5132,Accepted,
28225364,0568000,LOUISVILLE METRO POLICE DEPT,Accepted,JEFFERSON,US0031W,,DIXIE,HWY,,,WATSON,,,,,38.056071272,-85.890652768,4.805,6/4/2021 12:00:00 AM,2130,2,2,0,0,CLEAR,DRY,True,ANGLE COLLISION - OTHER,ANGLE,STRAIGHT & LEVEL,DARK-HWY NOT LIGHTED,,,6/7/2021 9:46:30 AM,False,5121,Accepted,
28225366,0568000,LOUISVILLE METRO POLICE DEPT,Accepted,JEFFERSON,KY2251,,BARDSTOWN,RD,,,,,,,,38.199637826,-85.661074729,1.109,6/4/2021 12:00:00 AM,2000,2,2,0,1,CLEAR,DRY,False,OTHER ROADWAY OR MID-BLOCK COLLISION,REAR END,STRAIGHT & LEVEL,DAYLIGHT,,,6/7/2021 9:46:34 AM,False,5328,Accepted,
28225357,0568000,LOUISVILLE METRO POLICE DEPT,Accepted,JEFFERSON,KY1065,4840,OUTER,LOOP,,,,,,,,38.137629213,-85.668285884,7.064,6/3/2021 12:00:00 AM,1731,1,1,0,1,CLEAR,DRY,False,COLLISION IN PARKING LOT,SINGLE VEHICLE,STRAIGHT & LEVEL,DAYLIGHT,,,6/7/2021 9:45:59 AM,False,5141,Accepted,
28215220,0568000,LOUISVILLE METRO POLICE DEPT,Accepted,JEFFERSON,KY0148,,TAYLORSVILLE,RD,,KY0155,TAYLORSVILLE LAKE,,,,,38.190851517,-85.476692191,0.043,6/3/2021 12:00:00 AM,1103,2,2,0,2,CLOUDY,WET,False,OTHER INTERSECTION COLLISIONS,REAR END,CURVE & LEVEL,DAYLIGHT,,,6/4/2021 9:05:40 AM,False,2017,Accepted,
28215261,0568000,LOUISVILLE METRO POLICE DEPT,Accepted,JEFFERSON,,1200,CARRICO,AVE,,,,,,,,38.184369316,-85.780572383,0.006,6/3/2021 12:00:00 AM,1815,1,1,0,0,CLEAR,DRY,False,COLLISION WITH FIXED OBJECT NON - INTERSECTION - FIRST EVENT COLLISION 09 - 32 EXCLUDING 16,SINGLE VEHICLE,STRAIGHT & LEVEL,DAYLIGHT,,,6/4/2021 9:07:54 AM,False,7963,Accepted,
28215236,0568000,LOUISVILLE METRO POLICE DEPT,Accepted,JEFFERSON,I 0065,,I65 S,,,,,,,,,38.239267187,-85.753312664,134.791,6/3/2021 12:00:00 AM,1340,2,2,0,1,RAINING,WET,False,REAR END IN TRAFFIC LANES BOTH VEHICLES MOVING,REAR END,CURVE & LEVEL,DAYLIGHT,,,6/4/2021 9:06:56 AM,False,5111,Accepted,
28215237,0568000,LOUISVILLE METRO POLICE DEPT,Accepted,JEFFERSON,US0060,8209,SHELBYVILLE,RD,,,,,,,,38.248530418,-85.602801065,6.441,6/3/2021 12:00:00 AM,1630,2,2,0,0,CLOUDY,DRY,False,1 VEHICLE ENTERING/LEAVING ENTRANCE,ANGLE,STRAIGHT & LEVEL,DAYLIGHT,,,6/4/2021 9:07:00 AM,False,7358,Accepted,
28215238,0568000,LOUISVILLE METRO POLICE DEPT,Accepted,JEFFERSON,,,RIVERPORT,DR,,,,,,,,38.163008017,-85.884031106,0.545,6/3/2021 12:00:00 AM,1140,2,2,0,1,CLOUDY,DRY,False,SIDESWIPE COLLISION - SAME DIRECTION,SIDESWIPE-SAME DIRECTION,STRAIGHT & LEVEL,DAYLIGHT,,,6/4/2021 9:07:05 AM,False,7234,Accepted,
28215239,0568000,LOUISVILLE METRO POLICE DEPT,Accepted,JEFFERSON,,,3RD,ST,N,I 0064,I64 W EXIT5 OFF RAMP TO  N  3RD ST,,,,,38.258941357,-85.754153087,0.123,6/3/2021 12:00:00 AM,1425,2,2,0,0,CLOUDY,WET,False,OTHER INTERSECTION COLLISIONS,REAR END,STRAIGHT & GRADE,DAYLIGHT,,,6/4/2021 9:07:10 AM,False,2661,Accepted,
28215246,0568000,LOUISVILLE METRO POLICE DEPT,Accepted,JEFFERSON,,,LOWER HUNTERS,TRCE,,KY1727,TERRY,,,,,38.164835280,-85.865585152,1.840,6/3/2021 12:00:00 AM,1947,3,3,0,0,CLEAR,DRY,True,OTHER INTERSECTION COLLISIONS,REAR TO REAR,STRAIGHT & LEVEL,DAYLIGHT,,,6/4/2021 9:07:36 AM,False,5212,Accepted,
28215248,0568000,LOUISVILLE METRO POLICE DEPT,Accepted,JEFFERSON,KY1747,,HURSTBOURNE,PKWY,S,,BUNSEN,,,,,38.219069346,-85.584136468,11.477,6/3/2021 12:00:00 AM,2210,2,2,0,0,CLEAR,DRY,True,ANGLE COLLISION - ONE VEHICLE TURNING LEFT,ANGLE,STRAIGHT & LEVEL,DUSK,,,6/4/2021 9:07:40 AM,False,7400,Accepted,
28215265,0568000,LOUISVILLE METRO POLICE DEPT,Accepted,JEFFERSON,,,MUHAMMAD ALI,BLVD,E,,BROOK,,,,,38.250506124,-85.751590182,0.983,6/3/2021 12:00:00 AM,1934,2,2,0,0,CLEAR,DRY,False,ANGLE COLLISION - OTHER,ANGLE,STRAIGHT & LEVEL,DAYLIGHT,,,6/4/2021 9:08:04 AM,False,5122,Accepted,
28225326,0568000,LOUISVILLE METRO POLICE DEPT,Accepted,JEFFERSON,,,AIKEN,RD,,,BUSH FARM,,,,,38.271298986,-85.483797730,2.732,6/3/2021 12:00:00 AM,1631,3,3,0,1,CLOUDY,DRY,False,OPPOSING LEFT TURN,OPPOSING LEFT TURN,STRAIGHT & LEVEL,DAYLIGHT,,,6/7/2021 9:43:52 AM,False,7751,Accepted,
28210458,0568000,LOUISVILLE METRO POLICE DEPT,Accepted,JEFFERSON,US0150,,BROADWAY,,E,KY0864,SHELBY,,,,,38.244750691,-85.739538626,3.400,6/3/2021 12:00:00 AM,0246,2,2,0,4,CLEAR,WET,False,ANGLE COLLISION - OTHER,ANGLE,STRAIGHT & LEVEL,DARK-HWY LIGHTED/ON,,,6/3/2021 9:05:29 AM,False,5135,Accepted,
28210467,0568000,LOUISVILLE METRO POLICE DEPT,Accepted,JEFFERSON,KY1703,,NEWBURG,RD,,,GARDINER,,,,,38.198787351,-85.683337983,1.876,6/3/2021 12:00:00 AM,0547,2,2,0,0,CLEAR,DRY,False,OTHER INTERSECTION COLLISIONS,REAR END,STRAIGHT & LEVEL,DAYLIGHT,,,6/3/2021 9:06:05 AM,False,5307,Accepted,
28215222,0568000,LOUISVILLE METRO POLICE DEPT,Accepted,JEFFERSON,I 0064,,I64 W,,,,,,,,,38.232889406,-85.608116000,13.212,6/3/2021 12:00:00 AM,0919,1,1,0,3,RAINING,WET,False,RAN OFF ROADWAY (1 VEHICLE WITH/EARTH EMBANKMENT/DITCH),SINGLE VEHICLE,STRAIGHT & LEVEL,DAYLIGHT,,,6/4/2021 9:05:53 AM,False,7772,Accepted,
28215229,0568000,LOUISVILLE METRO POLICE DEPT,Accepted,JEFFERSON,,,FERNDALE,RD,,,,,,,,38.155161472,-85.591830465,0.107,6/3/2021 12:00:00 AM,1300,2,2,0,2,RAINING,WET,False,OTHER ROADWAY OR MID-BLOCK COLLISION,OPPOSING LEFT TURN,STRAIGHT & LEVEL,DAYLIGHT,,,6/4/2021 9:06:24 AM,False,5356,Accepted,
28215231,0568000,LOUISVILLE METRO POLICE DEPT,Accepted,JEFFERSON,KY1747,,HURSTBOURNE,PKWY,S,,BUNSEN,,,,,38.218975837,-85.584217553,11.473,6/3/2021 12:00:00 AM,1104,3,3,0,0,RAINING,WET,False,ANGLE COLLISION - ONE VEHICLE TURNING LEFT,ANGLE,STRAIGHT & LEVEL,DAYLIGHT,,,6/4/2021 9:06:29 AM,False,4693,Accepted,
28211217,0568000,LOUISVILLE METRO POLICE DEPT,Accepted,JEFFERSON,I 0264,,I264 W,,,,,,,,,38.275581279,-85.632198075,21.713,6/3/2021 12:00:00 AM,0844,2,2,0,0,RAINING,WET,False,SIDESWIPE COLLISION - SAME DIRECTION,SIDESWIPE-SAME DIRECTION,STRAIGHT & LEVEL,DAYLIGHT,,,6/3/2021 12:37:33 PM,False,4903,Accepted,
28215223,0568000,LOUISVILLE METRO POLICE DEPT,Accepted,JEFFERSON,I 0264,,,,,,,,,,,38.189246899,-85.766882908,0.249,6/3/2021 12:00:00 AM,0828,2,2,0,0,CLOUDY,DRY,False,OTHER RAMP RELATED COLLISIONS NOT LISTED ABOVE,REAR END,STRAIGHT & GRADE,DAYLIGHT,I 0264,KY1020,6/4/2021 9:05:57 AM,False,7772,Accepted,
28215240,0568000,LOUISVILLE METRO POLICE DEPT,Accepted,JEFFERSON,US0060A,,WINKLER,AVE,,,4TH,,,,,38.210331162,-85.764660383,3.072,6/3/2021 12:00:00 AM,1147,2,1,0,1,RAINING,WET,False,COLLISION WITH BICYCLE IN INTERSECTION,SINGLE VEHICLE,STRAIGHT & LEVEL,DAYLIGHT,,,6/4/2021 9:07:14 AM,False,2745,Accepted,
28215244,0568000,LOUISVILLE METRO POLICE DEPT,Accepted,JEFFERSON,,,4TH,ST,S,,OAK,,,,,38.234992950,-85.760317234,1.504,6/3/2021 12:00:00 AM,1806,2,2,0,0,CLOUDY,WET,False,COLLISION WITH PARKED VEHICLE,SIDESWIPE-SAME DIRECTION,STRAIGHT & LEVEL,DAYLIGHT,,,6/4/2021 9:07:28 AM,False,7441,Accepted,
28215224,0568000,LOUISVILLE METRO POLICE DEPT,Accepted,JEFFERSON,US0031E,7900,BARDSTOWN,RD,,,,,,,,38.133224965,-85.579166057,4.305,6/3/2021 12:00:00 AM,1300,3,3,0,0,RAINING,WET,False,REAR END IN TRAFFIC LANES BOTH VEHICLES MOVING,REAR END,STRAIGHT & LEVEL,DAYLIGHT,,,6/4/2021 9:06:01 AM,False,7698,Accepted,
28215242,0568000,LOUISVILLE METRO POLICE DEPT,Accepted,JEFFERSON,,,HIKES,LN,,,FURMAN,,,,,38.211989247,-85.639367221,2.305,6/3/2021 12:00:00 AM,1830,2,2,0,0,CLEAR,DRY,True,ANGLE COLLISION - OTHER,ANGLE,STRAIGHT & LEVEL,DAYLIGHT,,,6/4/2021 9:07:21 AM,False,5247,Accepted,
28215243,0568000,LOUISVILLE METRO POLICE DEPT,Accepted,JEFFERSON,,,PHILLIPS,LN,,,,,,,,38.193517418,-85.739666135,0.747,6/3/2021 12:00:00 AM,1639,2,2,0,0,CLOUDY,DRY,False,OTHER ROADWAY OR MID-BLOCK COLLISION,OPPOSING LEFT TURN,STRAIGHT & LEVEL,DAYLIGHT,,,6/4/2021 9:07:25 AM,False,7398,Accepted,
28214900,0560300,ST. MATTHEWS POLICE DEPARTMENT,Accepted,JEFFERSON,US0060,5000,SHELBYVILLE,RD,,,,,,,,38.250314468,-85.624324280,5.311,6/3/2021 12:00:00 AM,1443,2,2,0,0,CLEAR,DRY,False,OTHER ROADWAY OR MID-BLOCK COLLISION,REAR END,STRAIGHT & GRADE,DAYLIGHT,,,6/4/2021 7:27:48 AM,False,9150,Accepted,
28215226,0568000,LOUISVILLE METRO POLICE DEPT,Accepted,JEFFERSON,,,CEDAR,ST,,,,,24TH,,26TH,38.256344567,-85.791773932,0.988,6/3/2021 12:00:00 AM,1025,2,2,0,0,RAINING,WET,False,1 VEHICLE PARKED POSITION (NOT PARKING LOT/DRIVEWAY),SIDESWIPE-SAME DIRECTION,STRAIGHT & LEVEL,DAYLIGHT,,,6/4/2021 9:06:06 AM,False,5341,Accepted,
28215227,0568000,LOUISVILLE METRO POLICE DEPT,Accepted,JEFFERSON,KY2052,,SHEPHERDSVILLE,RD,,KY0864,POPLAR LEVEL,,,,,38.160058995,-85.659994162,1.480,6/3/2021 12:00:00 AM,1205,2,2,0,0,RAINING,WET,False,REAR END - ONE VEHICLE TURNING RIGHT,REAR END,STRAIGHT & LEVEL,DAYLIGHT,,,6/4/2021 9:06:10 AM,False,7739,Accepted,
28229641,0568000,LOUISVILLE METRO POLICE DEPT,Accepted,JEFFERSON,KY1934,4415,CANE RUN,RD,,,KRISTIN,,,,,38.197515275,-85.839655244,9.009,6/3/2021 12:00:00 AM,0937,2,2,0,1,CLOUDY,WET,False,OTHER INTERSECTION COLLISIONS,REAR END,STRAIGHT & LEVEL,DAYLIGHT,,,6/8/2021 8:44:23 AM,False,5257,Accepted,
28211816,0561500,UNIV. OF LOUISVILLE POLICE,Accepted,JEFFERSON,,,CARDINAL,BLVD,W,,,KY1020,3RD,,4TH,38.220654749,-85.762144826,0.234,6/3/2021 12:00:00 AM,0925,2,2,0,1,RAINING,WET,False,1 VEHICLE ENTERING/LEAVING ENTRANCE,ANGLE,STRAIGHT & LEVEL,DAYLIGHT,,,6/3/2021 3:05:14 PM,False,5696,Accepted,
28215219,0568000,LOUISVILLE METRO POLICE DEPT,Accepted,JEFFERSON,,,SMYRNA,PKWY,,KY2845,MANSLICK,,,,,38.122837176,-85.643137570,1.045,6/3/2021 12:00:00 AM,0903,2,2,0,0,RAINING,WET,False,ANGLE COLLISION - OTHER,ANGLE,STRAIGHT & LEVEL,DAYLIGHT,,,6/4/2021 9:05:32 AM,False,2017,Accepted,
28229654,0568000,LOUISVILLE METRO POLICE DEPT,Accepted,JEFFERSON,KY1865,,NEW CUT,RD,,,,KY1065,OUTER,,STAR,38.127527425,-85.775706559,1.345,6/3/2021 12:00:00 AM,0947,2,2,0,2,RAINING,WET,False,1 VEHICLE ENTERING/LEAVING ENTRANCE,ANGLE,CURVE & LEVEL,OTHER,,,6/8/2021 8:44:58 AM,False,7144,Accepted,
28233798,0568000,LOUISVILLE METRO POLICE DEPT,Accepted,JEFFERSON,US0150,,BROADWAY,,E,,BRENT,,,,,38.244378852,-85.735487339,3.631,6/3/2021 12:00:00 AM,1235,2,2,0,2,RAINING,WET,False,ANGLE COLLISION - OTHER,ANGLE,STRAIGHT & LEVEL,DAYLIGHT,,,6/9/2021 8:21:10 AM,False,7823,Accepted,
28240809,0560300,ST. MATTHEWS POLICE DEPARTMENT,Accepted,JEFFERSON,I 0064,,I64 E,,,,,,,,,38.235850217,-85.636450863,11.728,6/3/2021 12:00:00 AM,0055,2,2,0,0,CLOUDY,WET,False,1 VEHICLE ENTERING/LEAVING ENTRANCE,ANGLE,STRAIGHT & LEVEL,DARK-HWY LIGHTED/ON,,,6/10/2021 9:39:14 PM,False,9148,Accepted,
28251595,0568000,LOUISVILLE METRO POLICE DEPT,Accepted,JEFFERSON,KY0061,,PRESTON,HWY,,,UNION,,,,,38.198503748,-85.732143225,8.835,6/3/2021 12:00:00 AM,1011,2,2,0,0,RAINING,WET,False,ANGLE COLLISION - OTHER,ANGLE,STRAIGHT & LEVEL,DAYLIGHT,,,6/14/2021 8:59:38 AM,False,7938,Accepted,
29190482,0560600,WEST BUECHEL POLICE DEPT.,Accepted,JEFFERSON,US0031E,3600,BUECHEL,BYP,,,,,,,,38.198448023,-85.661256720,10.988,6/3/2021 12:00:00 AM,1750,2,1,0,0,CLOUDY,DRY,False,1 VEHICLE ENTERING/LEAVING ENTRANCE,ANGLE,STRAIGHT & LEVEL,DAYLIGHT,,,11/6/2021 3:01:52 AM,False,1290,Accepted,
28233794,0568000,LOUISVILLE METRO POLICE DEPT,Accepted,JEFFERSON,I 0064,,,,,,,,,,,38.260334452,-85.741025732,0.212,6/3/2021 12:00:00 AM,1255,1,1,0,0,RAINING,WET,False,OTHER RAMP RELATED COLLISIONS NOT LISTED ABOVE,SINGLE VEHICLE,CURVE & GRADE,DAYLIGHT,I 0064,I 0065,6/9/2021 8:20:48 AM,False,8278,Accepted,
28233791,0568000,LOUISVILLE METRO POLICE DEPT,Accepted,JEFFERSON,I 0064,,I64 E,,,,,,,,,38.257869910,-85.741281616,5.440,6/3/2021 12:00:00 AM,1059,2,2,0,1,RAINING,WET,False,HEAD-ON COLLISION,HEAD ON,CURVE & GRADE,DAYLIGHT,,,6/9/2021 8:20:34 AM,False,8278,Accepted,
28229650,0568000,LOUISVILLE METRO POLICE DEPT,Accepted,JEFFERSON,,,UNSELD,BLVD,,,INDIAN,,,,,38.180061760,-85.673594910,0.675,6/3/2021 12:00:00 AM,1626,2,2,0,1,CLEAR,DRY,False,OPPOSITE DIRECTION - BOTH VEHICLES GOING STRAIGHT AHEAD,SIDESWIPE-OPPOSITE DIRECTION,STRAIGHT & GRADE,DAYLIGHT,,,6/8/2021 8:44:48 AM,False,5346,Accepted,
28229667,0568000,LOUISVILLE METRO POLICE DEPT,Accepted,JEFFERSON,KY1865,,TAYLOR,BLVD,,,,,,,,38.186893292,-85.783756443,5.547,6/2/2021 12:00:00 AM,1433,2,2,0,0,RAINING,WET,False,SIDESWIPE COLLISION - SAME DIRECTION,SIDESWIPE-SAME DIRECTION,STRAIGHT & LEVEL,DAYLIGHT,,,6/8/2021 8:46:11 AM,False,5258,Accepted,
28251527,0568000,LOUISVILLE METRO POLICE DEPT,Accepted,JEFFERSON,I 0264,,I264 W,,,,,I 0065,I65 W EXIT11 OFF RAMP,I 0065,I264 W EXIT12 OFF RAMP TO,38.191083906,-85.718580281,12.691,6/2/2021 12:00:00 AM,1540,2,2,0,0,CLEAR,DRY,True,REAR END IN TRAFFIC LANES BOTH VEHICLES MOVING,REAR END,STRAIGHT & LEVEL,DAYLIGHT,,,6/14/2021 8:55:23 AM,False,7938,Accepted,
28210469,0568000,LOUISVILLE METRO POLICE DEPT,Accepted,JEFFERSON,KY1447,,WESTPORT,RD,,,GOOSE CREEK,,,,,38.286041646,-85.577480478,4.945,6/2/2021 12:00:00 AM,1101,2,2,0,0,RAINING,WET,False,OTHER INTERSECTION COLLISIONS,REAR END,STRAIGHT & HILLCREST,DAYLIGHT,,,6/3/2021 9:06:16 AM,False,7751,Accepted,
28210480,0568000,LOUISVILLE METRO POLICE DEPT,Accepted,JEFFERSON,US0031W,,DIXIE,HWY,,,,,,,,38.130409263,-85.847733726,10.485,6/2/2021 12:00:00 AM,1157,2,2,0,0,RAINING,WET,False,REAR END IN TRAFFIC LANES BOTH VEHICLES MOVING,REAR END,STRAIGHT & LEVEL,DAYLIGHT,,,6/3/2021 9:07:40 AM,False,7234,Accepted,
28208699,0560300,ST. MATTHEWS POLICE DEPARTMENT,Accepted,JEFFERSON,US0060,5000,SHELBYVILLE,RD,,,,,,,,38.250306440,-85.623055682,5.332,6/2/2021 12:00:00 AM,1531,2,2,0,0,RAINING,WET,False,OTHER ROADWAY OR MID-BLOCK COLLISION,REAR END,STRAIGHT & LEVEL,DAYLIGHT,,,6/2/2021 9:46:03 PM,False,9151,Accepted,
28210419,0568000,LOUISVILLE METRO POLICE DEPT,Accepted,JEFFERSON,I 0065,,I65 N,,,,,,,,,38.184828917,-85.723987941,130.259,6/2/2021 12:00:00 AM,1250,1,1,0,1,RAINING,WET,False,OTHER COLLISIONS ON SHOULDER,SINGLE VEHICLE,STRAIGHT & LEVEL,DAYLIGHT,,,6/3/2021 9:03:39 AM,False,4693,Accepted,
28210453,0568000,LOUISVILLE METRO POLICE DEPT,Accepted,JEFFERSON,,628,INVERNESS,AVE,,,,,,,,38.164796508,-85.778356413,0.822,6/2/2021 12:00:00 AM,1408,2,1,0,1,RAINING,WET,True,COLLISION WITH PEDESTRIAN NON - INTERSECTION,SINGLE VEHICLE,STRAIGHT & LEVEL,DAYLIGHT,,,6/3/2021 9:05:02 AM,False,7331,Accepted,
28205935,0568000,LOUISVILLE METRO POLICE DEPT,Accepted,JEFFERSON,KY1865,,TAYLOR,BLVD,,,OAKWOOD,,,,,38.176723499,-85.782732209,4.828,6/2/2021 12:00:00 AM,0253,1,1,0,1,RAINING,WET,False,COLLISION WITH FIXED OBJECT IN INTERSECTION - FIRST EVENT COLLISION 09 - 32,SINGLE VEHICLE,STRAIGHT & LEVEL,DARK-HWY LIGHTED/ON,,,6/2/2021 8:54:05 AM,False,5245,Accepted,
28210430,0568000,LOUISVILLE METRO POLICE DEPT,Accepted,JEFFERSON,KY0061,,SHELBY,ST,S,,TEXAS,,,,,38.217238244,-85.743830222,10.280,6/2/2021 12:00:00 AM,1523,3,3,0,1,RAINING,WET,False,OTHER INTERSECTION COLLISIONS,REAR END,STRAIGHT & LEVEL,DAYLIGHT,,,6/3/2021 9:04:21 AM,False,7322,Accepted,
28210438,0568000,LOUISVILLE METRO POLICE DEPT,Accepted,JEFFERSON,US0031W,,22ND,ST,S,KY2054,ALGONQUIN,,,,,38.223337924,-85.795113116,17.733,6/2/2021 12:00:00 AM,1359,2,2,0,0,RAINING,WET,True,OTHER INTERSECTION COLLISIONS,REAR END,STRAIGHT & LEVEL,DAYLIGHT,,,6/3/2021 9:04:35 AM,False,5360,Accepted,
28210455,0568000,LOUISVILLE METRO POLICE DEPT,Accepted,JEFFERSON,,,CHESTNUT,ST,E,KY0061,JACKSON,,,,,38.247640109,-85.745286940,0.418,6/2/2021 12:00:00 AM,1937,2,2,0,0,RAINING,WET,False,ANGLE COLLISION - OTHER,ANGLE,STRAIGHT & LEVEL,DAYLIGHT,,,6/3/2021 9:05:14 AM,False,5135,Accepted,