IncidentID,AgencyORI,AgencyName,IncidentStatusDesc,County,RdwyNumber,Street,RoadwayName,StreetSfx,StreetDir,IntersectionRdwy,IntersectionRdwyName,BetweenStRdwy1,BetweenStRdwyName1,BetweenStRdwy2,BetweenStRdwyName2,Latitude,Longitude,Milepoint,CollisionDate,CollisionTime,UnitsInvolved,MotorVehiclesInvolved,NumberKilled,NumberInjured,Weather,RdwyConditionCode,HitandRun,DirAnalysisCode,MannerofCollision,RdwyCharacter,LightCondition,RampFromRdwyId,RampToRdwyId,AcceptedDate,IsSecondaryCollision,OwnerBadge,IncidentStatus,
28210456,0568000,LOUISVILLE METRO POLICE DEPT,Accepted,JEFFERSON,I 0065,,,,,,,,,,,38.157428358,-85.716308307,0.484,6/2/2021 12:00:00 AM,1845,2,2,0,0,CLOUDY,WET,False,OTHER RAMP RELATED COLLISIONS NOT LISTED ABOVE,REAR END,STRAIGHT & LEVEL,DAYLIGHT,I 0065,KY1631,6/3/2021 9:05:22 AM,False,5336,Accepted,
28210472,0568000,LOUISVILLE METRO POLICE DEPT,Accepted,JEFFERSON,I 0071,,I71 N,,,,,I 0264,I264 W,I 0071,I71 N EXIT2 ON RAMP FROM  ZORN AVE,38.289819035,-85.648923587,4.916,6/2/2021 12:00:00 AM,1858,2,2,0,1,CLOUDY,DRY,False,REAR END IN TRAFFIC LANES BOTH VEHICLES MOVING,REAR END,STRAIGHT & HILLCREST,DAYLIGHT,,,6/3/2021 9:06:32 AM,False,7751,Accepted,
28281294,0568000,LOUISVILLE METRO POLICE DEPT,Accepted,JEFFERSON,,,34TH,ST,S,,KENTUCKY,,,,,38.244494344,-85.809275847,1.251,6/2/2021 12:00:00 AM,1239,2,1,0,0,CLEAR,DRY,False,ANGLE COLLISION - OTHER,ANGLE,STRAIGHT & LEVEL,DAYLIGHT,,,6/21/2021 10:17:09 PM,False,5160,Accepted,
28205932,0568000,LOUISVILLE METRO POLICE DEPT,Accepted,JEFFERSON,,,ST CATHERINE,ST,E,,BROOK,,,,,38.236686253,-85.753275924,1.225,6/2/2021 12:00:00 AM,0313,2,1,0,1,RAINING,WET,True,COLLISION WITH PEDESTRIAN IN INTERSECTION,SINGLE VEHICLE,STRAIGHT & LEVEL,DARK-HWY LIGHTED/ON,,,6/2/2021 8:53:56 AM,False,5230,Accepted,
28205940,0568000,LOUISVILLE METRO POLICE DEPT,Accepted,JEFFERSON,KY0155,,TAYLORSVILLE,RD,,,HALLSDALE,,,,,38.218953593,-85.605330955,12.222,6/2/2021 12:00:00 AM,0647,2,2,0,1,RAINING,WET,False,OTHER INTERSECTION COLLISIONS,REAR END,STRAIGHT & LEVEL,DAYLIGHT,,,6/2/2021 8:54:19 AM,False,5326,Accepted,
28210420,0568000,LOUISVILLE METRO POLICE DEPT,Accepted,JEFFERSON,I 0065,,,,,,,,,,,38.140294735,-85.708234161,0.564,6/2/2021 12:00:00 AM,1214,2,2,0,1,RAINING,WET,False,OTHER RAMP RELATED COLLISIONS NOT LISTED ABOVE,REAR END,STRAIGHT & LEVEL,DAYLIGHT,KY1065,I 0065,6/3/2021 9:03:45 AM,False,2017,Accepted,
28309371,0568000,LOUISVILLE METRO POLICE DEPT,Accepted,JEFFERSON,US0031W,7600,DIXIE,HWY,,,,,,,,38.142912545,-85.839987395,11.640,6/2/2021 12:00:00 AM,0151,3,1,1,1,RAINING,WET,False,COLLISION WITH BICYCLIST NON INTERSECTION,SINGLE VEHICLE,STRAIGHT & LEVEL,DARK-HWY NOT LIGHTED,,,6/29/2021 8:59:53 AM,False,2217,Accepted,
28215232,0568000,LOUISVILLE METRO POLICE DEPT,Accepted,JEFFERSON,,,SIX MILE,LN,,,KLONDIKE,,,,,38.199180600,-85.643395470,0.581,6/2/2021 12:00:00 AM,1456,2,2,0,1,CLOUDY,WET,False,ANGLE COLLISION - OTHER,ANGLE,STRAIGHT & LEVEL,DAYLIGHT,,,6/4/2021 9:06:34 AM,False,5247,Accepted,
28215234,0568000,LOUISVILLE METRO POLICE DEPT,Accepted,JEFFERSON,US0060,,SHELBYVILLE,RD,,,WHITTINGTON,,,,,38.246736152,-85.581143672,7.630,6/2/2021 12:00:00 AM,1702,4,4,0,1,CLOUDY,WET,False,OTHER INTERSECTION COLLISIONS,REAR END,STRAIGHT & LEVEL,DAYLIGHT,,,6/4/2021 9:06:44 AM,False,6456,Accepted,
28215235,0568000,LOUISVILLE METRO POLICE DEPT,Accepted,JEFFERSON,KY1865,,NEW CUT,RD,,KY1142,PALATKA,,,,,38.150765209,-85.776367741,3.008,6/2/2021 12:00:00 AM,0833,5,5,0,0,RAINING,WET,False,HEAD-ON COLLISION,HEAD ON,STRAIGHT & LEVEL,DAYLIGHT,,,6/4/2021 9:06:50 AM,False,5357,Accepted,
28210443,0568000,LOUISVILLE METRO POLICE DEPT,Accepted,JEFFERSON,KY1931,,ST ANDREWS CHURCH,RD,,,BROOKVIEW,,,,,38.152274964,-85.818419291,4.483,6/2/2021 12:00:00 AM,1207,2,2,0,0,RAINING,WET,False,OPPOSING LEFT TURN,OPPOSING LEFT TURN,STRAIGHT & LEVEL,DAYLIGHT,,,6/3/2021 9:04:45 AM,False,5357,Accepted,
28210451,0568000,LOUISVILLE METRO POLICE DEPT,Accepted,JEFFERSON,KY1865,5460,NEW CUT,RD,,,,,,,,38.146430848,-85.775659645,2.714,6/2/2021 12:00:00 AM,1319,2,2,0,0,RAINING,WET,False,1 VEHICLE ENTERING/LEAVING ENTRANCE,ANGLE,STRAIGHT & LEVEL,DAYLIGHT,,,6/3/2021 9:04:58 AM,False,7483,Accepted,
28211218,0568000,LOUISVILLE METRO POLICE DEPT,Accepted,JEFFERSON,I 0264,,I264 W,,,,,I 0264,I264 W EXIT15B OFF RAMP TO KY1703 S,I 0264,I264 W EXIT15 ON RAMP FROM KY1703,38.201162803,-85.694122414,14.223,6/2/2021 12:00:00 AM,1459,3,3,0,0,RAINING,WET,False,REAR END IN TRAFFIC LANES BOTH VEHICLES MOVING,REAR END,STRAIGHT & HILLCREST,DAYLIGHT,,,6/3/2021 12:37:37 PM,False,7938,Accepted,
28210418,0568000,LOUISVILLE METRO POLICE DEPT,Accepted,JEFFERSON,US0031E,,BUECHEL,BYP,,KY2251,KY2251 CROSSOVER,,,,,38.200186062,-85.662288030,11.151,6/2/2021 12:00:00 AM,0645,2,2,0,2,RAINING,WET,False,ANGLE COLLISION - OTHER,ANGLE,STRAIGHT & LEVEL,DAWN,,,6/3/2021 9:03:31 AM,False,4693,Accepted,
28210424,0568000,LOUISVILLE METRO POLICE DEPT,Accepted,JEFFERSON,,,BROADWAY,,W,,28TH,,,,,38.249602300,-85.798402332,0.543,6/2/2021 12:00:00 AM,1339,3,3,0,2,CLOUDY,WET,False,OTHER INTERSECTION COLLISIONS,REAR END,STRAIGHT & LEVEL,DAYLIGHT,,,6/3/2021 9:04:10 AM,False,5344,Accepted,
28210441,0568000,LOUISVILLE METRO POLICE DEPT,Accepted,JEFFERSON,KY2052,,SHEPHERDSVILLE,RD,,KY1747,FERN VALLEY,,,,,38.156308138,-85.659778608,1.201,6/2/2021 12:00:00 AM,1450,2,2,0,1,RAINING,WET,False,SIDESWIPE-SAME DIRECTION,SIDESWIPE-SAME DIRECTION,STRAIGHT & LEVEL,DAYLIGHT,,,6/3/2021 9:04:39 AM,False,7484,Accepted,
28207559,0560300,ST. MATTHEWS POLICE DEPARTMENT,Accepted,JEFFERSON,KY0146,,NEW LA GRANGE,RD,,,,,KENTUCKY,,WASHBURN,38.253732538,-85.612909854,0.393,6/2/2021 12:00:00 AM,1316,3,3,0,0,RAINING,WET,False,REAR END IN TRAFFIC LANES BOTH VEHICLES MOVING,REAR END,STRAIGHT & LEVEL,DAYLIGHT,,,6/2/2021 3:21:51 PM,False,9138,Accepted,
28208845,0561000,JEFFERSONTOWN POLICE DEPT,Accepted,JEFFERSON,I 0064,,I64 E,,,I 0064,I64 E EXIT17 ON RAMP FROM KY913,,,,,38.223536667,-85.533709908,17.441,6/2/2021 12:00:00 AM,1723,2,2,0,0,CLOUDY,WET,False,OTHER INTERSECTION COLLISIONS,REAR END,STRAIGHT & LEVEL,DAYLIGHT,,,6/2/2021 10:59:36 PM,False,8313,Accepted,
28210416,0568000,LOUISVILLE METRO POLICE DEPT,Accepted,JEFFERSON,KY0155,,TAYLORSVILLE,RD,,,WALLACE,,,,,38.223503224,-85.682704886,16.427,6/2/2021 12:00:00 AM,1057,2,2,0,1,RAINING,WET,False,OPPOSING LEFT TURN,OPPOSING LEFT TURN,STRAIGHT & LEVEL,DAYLIGHT,,,6/3/2021 9:03:08 AM,False,5311,Accepted,
28205939,0568000,LOUISVILLE METRO POLICE DEPT,Accepted,JEFFERSON,I 0065,,I65 S,,,,,,,,,38.209005664,-85.752756291,132.681,6/2/2021 12:00:00 AM,0639,2,2,0,0,RAINING,WATER (STANDING OR MOVING),False,SIDESWIPE COLLISION - SAME DIRECTION,SIDESWIPE-SAME DIRECTION,CURVE & LEVEL,DAWN,,,6/2/2021 8:54:15 AM,False,4903,Accepted,
28210423,0568000,LOUISVILLE METRO POLICE DEPT,Accepted,JEFFERSON,,,BROADWAY,,W,,,,26TH,,27TH,38.249505694,-85.796291283,0.441,6/2/2021 12:00:00 AM,1228,2,2,0,0,RAINING,WET,False,1 VEHICLE PARKED POSITION (NOT PARKING LOT/DRIVEWAY),SIDESWIPE-SAME DIRECTION,STRAIGHT & LEVEL,DAYLIGHT,,,6/3/2021 9:04:04 AM,False,5341,Accepted,
28210449,0568000,LOUISVILLE METRO POLICE DEPT,Accepted,JEFFERSON,I 0064,,I64 E,,,,,I 0064,I64 E EXIT17 ON RAMP FROM KY913,I 0064,I64 E EXIT19A RAMP TO I265 S,38.223181388,-85.523893561,17.988,6/2/2021 12:00:00 AM,1755,2,2,0,2,CLOUDY,DRY,False,OTHER ROADWAY OR MID-BLOCK COLLISION,REAR END,STRAIGHT & LEVEL,DAYLIGHT,,,6/3/2021 9:04:53 AM,False,2308,Accepted,
28215221,0568000,LOUISVILLE METRO POLICE DEPT,Accepted,JEFFERSON,I 0065,,I65 S,,,,,,,,,38.126071024,-85.702289715,125.924,6/2/2021 12:00:00 AM,0949,4,3,0,3,RAINING,WET,False,OTHER ROADWAY OR MID-BLOCK COLLISION,REAR END,STRAIGHT & LEVEL,DAYLIGHT,,,6/4/2021 9:05:48 AM,False,7772,Accepted,
28205930,0568000,LOUISVILLE METRO POLICE DEPT,Accepted,JEFFERSON,KY0061,5215,PRESTON,HWY,,,,,,,,38.165244673,-85.702908703,6.026,6/2/2021 12:00:00 AM,0022,1,1,0,1,RAINING,WET,False,COLLISION WITH FIXED OBJECT NON - INTERSECTION - FIRST EVENT COLLISION 09 - 32 EXCLUDING 16,SINGLE VEHICLE,STRAIGHT & LEVEL,DARK-HWY LIGHTED/OFF,,,6/2/2021 8:53:50 AM,False,5342,Accepted,
28205921,0568000,LOUISVILLE METRO POLICE DEPT,Accepted,JEFFERSON,,,CASTLEWOOD,AVE,,,BARRET,,,,,38.231236232,-85.724161066,0.424,6/1/2021 12:00:00 AM,1919,2,2,0,0,RAINING,WET,False,ANGLE COLLISION - ONE VEHICLE TURNING LEFT,ANGLE,STRAIGHT & LEVEL,DAYLIGHT,,,6/2/2021 8:53:20 AM,False,7496,Accepted,
28205922,0568000,LOUISVILLE METRO POLICE DEPT,Accepted,JEFFERSON,,4704,2ND,ST,S,,,,,,,38.181127228,-85.764680409,0.870,6/1/2021 12:00:00 AM,1718,1,1,0,0,RAINING,WET,False,COLLISION WITH FIXED OBJECT NON - INTERSECTION - FIRST EVENT COLLISION 09 - 32 EXCLUDING 16,SINGLE VEHICLE,STRAIGHT & LEVEL,DAYLIGHT,,,6/2/2021 8:53:24 AM,False,5221,Accepted,
28205928,0568000,LOUISVILLE METRO POLICE DEPT,Accepted,JEFFERSON,US0031E,6929,BARDSTOWN,RD,,,,,,,,38.146262155,-85.585417678,5.271,6/1/2021 12:00:00 AM,2204,1,1,0,0,CLOUDY,WET,False,COLLISION WITH FIXED OBJECT NON - INTERSECTION - FIRST EVENT COLLISION 09 - 32 EXCLUDING 16,SINGLE VEHICLE,STRAIGHT & LEVEL,UNKNOWN,,,6/2/2021 8:53:43 AM,False,5101,Accepted,
28205929,0568000,LOUISVILLE METRO POLICE DEPT,Accepted,JEFFERSON,KY1747,,FERN VALLEY,RD,,KY2052,SHEPHERDSVILLE,,,,,38.156085598,-85.659819096,3.973,6/1/2021 12:00:00 AM,2130,2,2,0,2,RAINING,WET,False,HEAD-ON COLLISION,HEAD ON,STRAIGHT & HILLCREST,DARK-HWY NOT LIGHTED,,,6/2/2021 8:53:46 AM,False,5169,Accepted,
28205903,0568000,LOUISVILLE METRO POLICE DEPT,Accepted,JEFFERSON,US0150,,BROADWAY,,E,,LOGAN,,,,,38.244544307,-85.737451662,3.513,6/1/2021 12:00:00 AM,1113,2,2,0,3,CLEAR,DRY,False,ANGLE COLLISION - ONE VEHICLE TURNING LEFT,ANGLE,STRAIGHT & LEVEL,DAYLIGHT,,,6/2/2021 8:52:35 AM,False,5338,Accepted,
28205904,0568000,LOUISVILLE METRO POLICE DEPT,Accepted,JEFFERSON,KY0022,,BROWNSBORO,RD,,,,,,,,38.309712133,-85.571933965,4.041,6/1/2021 12:00:00 AM,1622,2,2,0,0,CLOUDY,DRY,False,SIDESWIPE COLLISION - SAME DIRECTION,SIDESWIPE-SAME DIRECTION,STRAIGHT & LEVEL,DAYLIGHT,,,6/2/2021 8:52:39 AM,False,5113,Accepted,
28205905,0568000,LOUISVILLE METRO POLICE DEPT,Accepted,JEFFERSON,,,WATTERSON,TRL,,,,,,,,38.181405672,-85.622322665,0.179,6/1/2021 12:00:00 AM,1740,1,1,0,0,RAINING,WET,False,COLLISION WITH FIXED OBJECT NON - INTERSECTION - FIRST EVENT COLLISION 09 - 32 EXCLUDING 16,SINGLE VEHICLE,CURVE & LEVEL,DAYLIGHT,,,6/2/2021 8:52:42 AM,False,7864,Accepted,
28205911,0568000,LOUISVILLE METRO POLICE DEPT,Accepted,JEFFERSON,,,7TH,ST,S,,HILL,,,,,38.226717611,-85.769021482,0.655,6/1/2021 12:00:00 AM,1401,2,2,0,0,CLOUDY,DRY,False,OPPOSITE DIRECTION - BOTH VEHICLES GOING STRAIGHT AHEAD,SIDESWIPE-OPPOSITE DIRECTION,STRAIGHT & LEVEL,DAYLIGHT,,,6/2/2021 8:52:58 AM,False,7468,Accepted,
28205936,0568000,LOUISVILLE METRO POLICE DEPT,Accepted,JEFFERSON,,,HIKES,LN,,KY1932,BRECKENRIDGE,,,,,38.218137907,-85.628588204,3.028,6/1/2021 12:00:00 AM,2050,2,1,0,1,RAINING,WET,True,COLLISION WITH PEDESTRIAN IN INTERSECTION,SINGLE VEHICLE,STRAIGHT & LEVEL,DARK-HWY LIGHTED/ON,,,6/2/2021 8:54:08 AM,False,5328,Accepted,
28205953,0568000,LOUISVILLE METRO POLICE DEPT,Accepted,JEFFERSON,KY0061,,PRESTON,HWY,,,COOPER CHAPEL,,,,,38.103469357,-85.672496096,1.397,6/1/2021 12:00:00 AM,1630,2,2,0,0,CLOUDY,DRY,False,OTHER INTERSECTION COLLISIONS,REAR END,STRAIGHT & LEVEL,DAYLIGHT,,,6/2/2021 8:57:50 AM,False,2089,Accepted,
28201592,0561500,UNIV. OF LOUISVILLE POLICE,Accepted,JEFFERSON,,620,MUHAMMAD ALI,BLVD,E,,,,,,,38.249477684,-85.742238435,0.473,6/1/2021 12:00:00 AM,0845,2,2,0,0,CLOUDY,DRY,False,COLLISION IN PARKING LOT,ANGLE,STRAIGHT & GRADE,DAYLIGHT,,,6/1/2021 11:08:31 AM,False,5682,Accepted,
28205879,0568000,LOUISVILLE METRO POLICE DEPT,Accepted,JEFFERSON,KY1931,,7TH ST,RD,,,,,,,,38.217652847,-85.779894635,10.282,6/1/2021 12:00:00 AM,0826,2,2,0,0,CLOUDY,DRY,False,REAR END IN TRAFFIC LANES BOTH VEHICLES MOVING,REAR END,STRAIGHT & LEVEL,DAYLIGHT,,,6/2/2021 8:51:32 AM,False,7977,Accepted,
28205887,0568000,LOUISVILLE METRO POLICE DEPT,Accepted,JEFFERSON,,,GREENWOOD,RD,,KY1230,CANE RUN,,,,,38.147698277,-85.898287084,0.113,6/1/2021 12:00:00 AM,1340,2,2,0,0,CLOUDY,DRY,True,OPPOSITE DIRECTION - BOTH VEHICLES GOING STRAIGHT AHEAD,SIDESWIPE-OPPOSITE DIRECTION,STRAIGHT & HILLCREST,DAYLIGHT,,,6/2/2021 8:52:02 AM,False,7356,Accepted,
28205889,0568000,LOUISVILLE METRO POLICE DEPT,Accepted,JEFFERSON,,,SAMUEL,ST,,,,,BOYLE,,DANDRIDGE,38.231131878,-85.739434250,0.017,6/1/2021 12:00:00 AM,1421,1,1,0,0,CLEAR,DRY,False,OTHER ROADWAY OR MID-BLOCK COLLISION,SINGLE VEHICLE,STRAIGHT & LEVEL,DAYLIGHT,,,6/2/2021 8:52:10 AM,False,5120,Accepted,
28205894,0568000,LOUISVILLE METRO POLICE DEPT,Accepted,JEFFERSON,,,26TH,ST,S,,MAGAZINE,,,,,38.251715038,-85.794632780,0.625,6/1/2021 12:00:00 AM,1700,2,2,0,1,RAINING,WET,False,ANGLE COLLISION - OTHER,ANGLE,STRAIGHT & LEVEL,DAYLIGHT,,,6/2/2021 8:52:22 AM,False,7937,Accepted,
28205906,0568000,LOUISVILLE METRO POLICE DEPT,Accepted,JEFFERSON,,,WATSON,LN,,,TENNIS,,,,,38.061993960,-85.901782000,0.728,6/1/2021 12:00:00 AM,1203,2,2,0,2,CLEAR,DRY,False,ANGLE COLLISION - OTHER,ANGLE,STRAIGHT & LEVEL,DAYLIGHT,,,6/2/2021 8:52:45 AM,False,7234,Accepted,
28200999,0568000,LOUISVILLE METRO POLICE DEPT,Accepted,JEFFERSON,,1001,BROOKLINE,AVE,,,PEACHTREE,,,,,38.175794017,-85.777127647,0.290,6/1/2021 12:00:00 AM,0550,1,1,0,0,CLOUDY,DRY,False,COLLISION WITH FIXED OBJECT IN INTERSECTION - FIRST EVENT COLLISION 09 - 32,SINGLE VEHICLE,STRAIGHT & LEVEL,DAWN,,,6/1/2021 9:37:34 AM,False,5245,Accepted,
28225358,0568000,LOUISVILLE METRO POLICE DEPT,Accepted,JEFFERSON,,,DR WILLIAM G WEATHERS,DR,,,,,,,,38.228199702,-85.811438490,0.411,6/1/2021 12:00:00 AM,1900,2,2,0,0,CLEAR,DRY,False,SIDESWIPE COLLISION - SAME DIRECTION,SIDESWIPE-SAME DIRECTION,CURVE & LEVEL,DAYLIGHT,,,6/7/2021 9:46:03 AM,False,7154,Accepted,
28225324,0568000,LOUISVILLE METRO POLICE DEPT,Accepted,JEFFERSON,KY1865,,TAYLOR,BLVD,,,,,,,,38.182407903,-85.783666413,5.237,6/1/2021 12:00:00 AM,1826,3,3,0,0,RAINING,WET,False,SIDESWIPE COLLISION - SAME DIRECTION,SIDESWIPE-SAME DIRECTION,STRAIGHT & HILLCREST,DAYLIGHT,,,6/7/2021 9:43:43 AM,False,7667,Accepted,
28205931,0568000,LOUISVILLE METRO POLICE DEPT,Accepted,JEFFERSON,KY2055,10510,MANSLICK,RD,W,,MASON,,,,,38.110030892,-85.764557260,1.799,6/1/2021 12:00:00 AM,0157,1,1,0,1,RAINING,WET,False,COLLISION WITH FIXED OBJECT NON - INTERSECTION - FIRST EVENT COLLISION 09 - 32 EXCLUDING 16,SINGLE VEHICLE,STRAIGHT & LEVEL,DARK-HWY LIGHTED/ON,,,6/2/2021 8:53:53 AM,False,7115,Accepted,
28210468,0568000,LOUISVILLE METRO POLICE DEPT,Accepted,JEFFERSON,,,LIME KILN,LN,,,GLEN HILL,,,,,38.296841803,-85.635713088,1.008,6/1/2021 12:00:00 AM,1203,2,2,0,0,CLOUDY,DRY,False,OPPOSING LEFT TURN,OPPOSING LEFT TURN,STRAIGHT & LEVEL,DAYLIGHT,,,6/3/2021 9:06:12 AM,False,7751,Accepted,
28205882,0568000,LOUISVILLE METRO POLICE DEPT,Accepted,JEFFERSON,KY1931,,GREENWOOD,RD,,KY1934,GREENBELT,,,,,38.146855657,-85.886180299,0.519,6/1/2021 12:00:00 AM,0805,2,2,0,0,CLOUDY,DRY,False,OPPOSING LEFT TURN,OPPOSING LEFT TURN,STRAIGHT & LEVEL,DAYLIGHT,,,6/2/2021 8:51:42 AM,False,7356,Accepted,
28205885,0568000,LOUISVILLE METRO POLICE DEPT,Accepted,JEFFERSON,US0150,,BROADWAY,,E,,,,BROOK,,FLOYD,38.245512222,-85.750817568,2.781,6/1/2021 12:00:00 AM,1243,2,2,0,0,CLEAR,DRY,False,SIDESWIPE COLLISION - SAME DIRECTION,SIDESWIPE-SAME DIRECTION,STRAIGHT & LEVEL,DAYLIGHT,,,6/2/2021 8:51:55 AM,False,5105,Accepted,
28205898,0568000,LOUISVILLE METRO POLICE DEPT,Accepted,JEFFERSON,,,PARTHENIA,AVE,,,SOUTHERN HEIGHTS,,,,,38.188617246,-85.792635733,0.261,6/1/2021 12:00:00 AM,0809,2,2,0,1,CLEAR,DRY,False,COLLISION WITH PARKED VEHICLE,SIDESWIPE-SAME DIRECTION,STRAIGHT & LEVEL,DAYLIGHT,,,6/2/2021 8:52:27 AM,False,7402,Accepted,
28205915,0568000,LOUISVILLE METRO POLICE DEPT,Accepted,JEFFERSON,KY1865,,TAYLOR,BLVD,,,ASHLAND,,,,,38.186681701,-85.783840904,5.533,6/1/2021 12:00:00 AM,1557,2,2,0,0,CLOUDY,DRY,False,ANGLE COLLISION - OTHER,ANGLE,STRAIGHT & LEVEL,DARK-HWY LIGHTED/ON,,,6/2/2021 8:53:02 AM,False,7468,Accepted,
28205918,0568000,LOUISVILLE METRO POLICE DEPT,Accepted,JEFFERSON,,,13TH,ST,S,,,,HILL,,BURNETT,38.227876447,-85.776789882,1.609,6/1/2021 12:00:00 AM,1220,1,1,0,0,CLEAR,DRY,False,COLLISION WITH FIXED OBJECT NON - INTERSECTION - FIRST EVENT COLLISION 09 - 32 EXCLUDING 16,SINGLE VEHICLE,STRAIGHT & LEVEL,DAYLIGHT,,,6/2/2021 8:53:07 AM,False,7184,Accepted,
28205924,0568000,LOUISVILLE METRO POLICE DEPT,Accepted,JEFFERSON,I 0264,,,,,,,,,,,38.230747942,-85.631660254,0.401,6/1/2021 12:00:00 AM,2159,2,2,0,0,CLEAR,WET,False,OTHER RAMP RELATED COLLISIONS NOT LISTED ABOVE,ANGLE,STRAIGHT & LEVEL,DARK-HWY NOT LIGHTED,KY1932,I 0264,6/2/2021 8:53:30 AM,False,7281,Accepted,
28205926,0568000,LOUISVILLE METRO POLICE DEPT,Accepted,JEFFERSON,KY1934,4406,CANE RUN,RD,,,RICHMONT,,,,,38.197628690,-85.840091835,9.029,6/1/2021 12:00:00 AM,2114,3,3,0,2,RAINING,WET,True,ANGLE COLLISION - OTHER,ANGLE,STRAIGHT & LEVEL,DARK-HWY LIGHTED/ON,,,6/2/2021 8:53:37 AM,False,5325,Accepted,
28205933,0568000,LOUISVILLE METRO POLICE DEPT,Accepted,JEFFERSON,,3121,DUMESNIL,ST,,,,,32ND,,HAZEL,38.237378580,-85.806742818,0.736,6/1/2021 12:00:00 AM,2101,3,3,0,0,RAINING,WET,True,1 VEHICLE PARKED POSITION (NOT PARKING LOT/DRIVEWAY),SIDESWIPE-SAME DIRECTION,STRAIGHT & LEVEL,DARK-HWY LIGHTED/ON,,,6/2/2021 8:53:59 AM,False,5229,Accepted,
28205941,0568000,LOUISVILLE METRO POLICE DEPT,Accepted,JEFFERSON,KY1447,8707,WESTPORT,RD,,,,,,,,38.280643978,-85.590497689,4.117,6/1/2021 12:00:00 AM,1539,2,2,0,1,CLEAR,DRY,True,OTHER ROADWAY OR MID-BLOCK COLLISION,OPPOSING LEFT TURN,CURVE & HILLCREST,DAYLIGHT,,,6/2/2021 8:54:23 AM,False,7339,Accepted,
28210411,0568000,LOUISVILLE METRO POLICE DEPT,Accepted,JEFFERSON,I 0064,,I64 W,,,I 0064,I265 N EXIT25B RAMP TO I64 W,,,,,38.222824756,-85.505308254,18.941,6/1/2021 12:00:00 AM,1409,5,5,0,0,CLOUDY,DRY,False,SIDESWIPE-SAME DIRECTION,SIDESWIPE-SAME DIRECTION,STRAIGHT & LEVEL,DAYLIGHT,,,6/3/2021 9:01:26 AM,False,7751,Accepted,
28205923,0568000,LOUISVILLE METRO POLICE DEPT,Accepted,JEFFERSON,,,JEFFERSON,ST,E,,FLOYD,,,,,38.252922836,-85.748407605,0.845,6/1/2021 12:00:00 AM,0539,2,2,0,0,CLEAR,DRY,False,ANGLE COLLISION - OTHER,ANGLE,STRAIGHT & LEVEL,DAWN,,,6/2/2021 8:53:27 AM,False,5331,Accepted,
28205907,0568000,LOUISVILLE METRO POLICE DEPT,Accepted,JEFFERSON,,5326,WESTHALL,AVE,,,,,,,,38.156934276,-85.776490865,0.136,6/1/2021 12:00:00 AM,1415,1,1,0,0,CLOUDY,DRY,True,COLLISION WITH FIXED OBJECT NON - INTERSECTION - FIRST EVENT COLLISION 09 - 32 EXCLUDING 16,SINGLE VEHICLE,STRAIGHT & HILLCREST,DAYLIGHT,,,6/2/2021 8:52:49 AM,False,7234,Accepted,
28205908,0568000,LOUISVILLE METRO POLICE DEPT,Accepted,JEFFERSON,,,WISERTOWN,RD,,,,,,,,38.131145348,-85.794336557,0.109,6/1/2021 12:00:00 AM,1447,1,1,0,0,CLOUDY,DRY,False,COLLISION WITH FIXED OBJECT NON - INTERSECTION - FIRST EVENT COLLISION 09 - 32 EXCLUDING 16,SINGLE VEHICLE,STRAIGHT & LEVEL,DAYLIGHT,,,6/2/2021 8:52:52 AM,False,7234,Accepted,
28205909,0568000,LOUISVILLE METRO POLICE DEPT,Accepted,JEFFERSON,,,LOWER HUNTERS,TRCE,,,SKY BLUE,,,,,38.158630482,-85.849350799,0.832,6/1/2021 12:00:00 AM,1835,2,2,0,0,RAINING,WET,False,ANGLE COLLISION - ONE VEHICLE TURNING LEFT,ANGLE,STRAIGHT & LEVEL,DAYLIGHT,,,6/2/2021 8:52:55 AM,False,7234,Accepted,
28233793,0568000,LOUISVILLE METRO POLICE DEPT,Accepted,JEFFERSON,I 0264,,I264 W,,,,,,,,,38.191054787,-85.719109592,12.662,6/1/2021 12:00:00 AM,1419,2,2,0,0,CLOUDY,DRY,False,REAR END IN TRAFFIC LANES BOTH VEHICLES MOVING,REAR END,CURVE & GRADE,DAYLIGHT,,,6/9/2021 8:20:44 AM,False,8278,Accepted,
28340372,0568000,LOUISVILLE METRO POLICE DEPT,Accepted,JEFFERSON,I 0264,,I264 E,,,,,,,,,38.198576953,-85.702716696,13.714,6/1/2021 12:00:00 AM,0814,2,2,0,0,CLOUDY,DRY,False,SIDESWIPE COLLISION - SAME DIRECTION,SIDESWIPE-SAME DIRECTION,STRAIGHT & LEVEL,DAYLIGHT,,,7/7/2021 12:32:50 PM,False,4903,Accepted,
28370797,0568000,LOUISVILLE METRO POLICE DEPT,Accepted,JEFFERSON,I 0065,,I65 N,,,,,,,,,38.265942613,-85.744162783,136.987,5/31/2021 12:00:00 AM,2243,3,3,1,2,CLEAR,DRY,False,SIDESWIPE COLLISION - OPPOSITE DIRECTION,SIDESWIPE-OPPOSITE DIRECTION,STRAIGHT & HILLCREST,DARK-HWY LIGHTED/ON,,,7/15/2021 8:54:17 AM,False,6886,Accepted,