IncidentID,AgencyORI,AgencyName,IncidentStatusDesc,County,RdwyNumber,Street,RoadwayName,StreetSfx,StreetDir,IntersectionRdwy,IntersectionRdwyName,BetweenStRdwy1,BetweenStRdwyName1,BetweenStRdwy2,BetweenStRdwyName2,Latitude,Longitude,Milepoint,CollisionDate,CollisionTime,UnitsInvolved,MotorVehiclesInvolved,NumberKilled,NumberInjured,Weather,RdwyConditionCode,HitandRun,DirAnalysisCode,MannerofCollision,RdwyCharacter,LightCondition,RampFromRdwyId,RampToRdwyId,AcceptedDate,IsSecondaryCollision,OwnerBadge,IncidentStatus,
28200977,0568000,LOUISVILLE METRO POLICE DEPT,Accepted,JEFFERSON,,,JANE,ST,N,,,US0042,BROWNSBORO,,CRESCENT HILL,38.258045672,-85.703545643,0.323,5/31/2021 12:00:00 AM,1500,2,2,0,0,CLEAR,DRY,False,1 VEHICLE ENTERING/LEAVING ENTRANCE,ANGLE,STRAIGHT & HILLCREST,DAYLIGHT,,,6/1/2021 9:36:18 AM,False,7281,Accepted,
28200980,0568000,LOUISVILLE METRO POLICE DEPT,Accepted,JEFFERSON,,,MARKET,ST,W,,,,32ND,,30TH,38.260599976,-85.803931275,0.960,5/31/2021 12:00:00 AM,1700,2,1,0,1,CLEAR,DRY,False,COLLISION WITH BICYCLIST NON INTERSECTION,SINGLE VEHICLE,STRAIGHT & HILLCREST,DAYLIGHT,,,6/1/2021 9:36:40 AM,False,7463,Accepted,
28200985,0568000,LOUISVILLE METRO POLICE DEPT,Accepted,JEFFERSON,,,SHELBY,ST,S,KY0061,LYNN,,,,,38.218614944,-85.743944582,0.859,5/31/2021 12:00:00 AM,1631,3,3,0,1,CLEAR,DRY,False,COLLISION WITH PARKED VEHICLE,SIDESWIPE-SAME DIRECTION,STRAIGHT & LEVEL,DAYLIGHT,,,6/1/2021 9:36:53 AM,False,5304,Accepted,
28200987,0568000,LOUISVILLE METRO POLICE DEPT,Accepted,JEFFERSON,,4960,NORTON COMMONS,BLVD,,,,,,,,38.321546630,-85.570346574,0.026,5/31/2021 12:00:00 AM,0752,2,2,0,1,CLEAR,DRY,False,COLLISION IN PARKING LOT,BACKING,CURVE & LEVEL,DAYLIGHT,,,6/1/2021 9:36:57 AM,False,7751,Accepted,
28200994,0568000,LOUISVILLE METRO POLICE DEPT,Accepted,JEFFERSON,,,INDIAN,TRL,E,,,,,,,38.170985337,-85.687030438,1.084,5/31/2021 12:00:00 AM,2224,1,1,0,0,CLEAR,DRY,False,COLLISION WITH FIXED OBJECT NON - INTERSECTION - FIRST EVENT COLLISION 09 - 32 EXCLUDING 16,SINGLE VEHICLE,STRAIGHT & LEVEL,DARK-HWY LIGHTED/OFF,,,6/1/2021 9:37:12 AM,False,5342,Accepted,
28200970,0568000,LOUISVILLE METRO POLICE DEPT,Accepted,JEFFERSON,,,7TH,ST,S,,MAGNOLIA,,,,,38.229635914,-85.767564514,0.872,5/31/2021 12:00:00 AM,0306,2,2,0,0,CLEAR,DRY,False,HEAD-ON COLLISION,HEAD ON,STRAIGHT & GRADE,DUSK,,,6/1/2021 9:35:52 AM,False,5324,Accepted,
28200936,0568000,LOUISVILLE METRO POLICE DEPT,Accepted,JEFFERSON,US0031W,,DIXIE,HWY,,,BLANTON,,,,,38.157359397,-85.833928769,12.535,5/31/2021 12:00:00 AM,0332,1,1,0,1,CLEAR,DRY,False,COLLISION WITH FIXED OBJECT IN INTERSECTION - FIRST EVENT COLLISION 09 - 32,SINGLE VEHICLE,STRAIGHT & LEVEL,DARK-HWY LIGHTED/ON,,,6/1/2021 9:34:57 AM,False,5059,Accepted,
28205901,0568000,LOUISVILLE METRO POLICE DEPT,Accepted,JEFFERSON,KY1747,,HURSTBOURNE,PKWY,,US0031E,BARDSTOWN,,,,,38.168827621,-85.605102551,7.479,5/31/2021 12:00:00 AM,1612,4,4,0,4,CLOUDY,DRY,False,OTHER INTERSECTION COLLISIONS,REAR END,STRAIGHT & LEVEL,DAYLIGHT,,,6/2/2021 8:52:31 AM,False,7851,Accepted,
28210454,0568000,LOUISVILLE METRO POLICE DEPT,Accepted,JEFFERSON,,,ROWAN,ST,,,21ST,,,,,38.261066189,-85.784402262,0.874,5/31/2021 12:00:00 AM,1053,2,2,1,0,CLEAR,DRY,True,ANGLE COLLISION - OTHER,ANGLE,STRAIGHT & LEVEL,DAYLIGHT,,,6/3/2021 9:05:08 AM,False,7628,Accepted,
28225355,0568000,LOUISVILLE METRO POLICE DEPT,Accepted,JEFFERSON,,,SOUTHERN,PKWY,,,BURKLEY,,,,,38.179892100,-85.770967902,0.192,5/31/2021 12:00:00 AM,2328,2,2,0,1,CLEAR,DRY,False,HEAD-ON COLLISION,HEAD ON,CURVE & LEVEL,DARK-HWY LIGHTED/ON,,,6/7/2021 9:45:39 AM,False,5337,Accepted,
28200151,0566900,LOUISVILLE AIRPORT POLICE,Accepted,JEFFERSON,,600,LOWER TERMINAL,DR,,,,,,,,38.186157766,-85.742401934,0.195,5/31/2021 12:00:00 AM,1636,2,2,0,0,CLEAR,DRY,False,1 VEHICLE PARKED POSITION (NOT PARKING LOT/DRIVEWAY),BACKING,STRAIGHT & LEVEL,DAYLIGHT,,,6/1/2021 7:30:59 AM,False,5751,Accepted,
28210432,0568000,LOUISVILLE METRO POLICE DEPT,Accepted,JEFFERSON,KY1020,,2ND,ST,S,,,,,,,38.219472655,-85.760816031,10.179,5/31/2021 12:00:00 AM,0043,2,2,0,0,CLEAR,DRY,False,HEAD-ON COLLISION,HEAD ON,STRAIGHT & LEVEL,DARK (UNKNOWN ROADWAY LIGHTING),,,6/3/2021 9:04:27 AM,False,5050,Accepted,
28210465,0568000,LOUISVILLE METRO POLICE DEPT,Accepted,JEFFERSON,I 0065,,I65 N,,,,,,,,,38.265942613,-85.744162783,136.987,5/31/2021 12:00:00 AM,2243,1,1,0,0,CLEAR,DRY,False,OTHER ROADWAY OR MID-BLOCK COLLISION,SINGLE VEHICLE,STRAIGHT & HILLCREST,DARK-HWY LIGHTED/ON,,,6/3/2021 9:05:51 AM,False,6886,Accepted,
28210466,0568000,LOUISVILLE METRO POLICE DEPT,Accepted,JEFFERSON,I 0065,,I65 N,,,,,,,,,38.265942613,-85.744162783,136.987,5/31/2021 12:00:00 AM,2243,1,1,0,0,CLEAR,DRY,False,OTHER ROADWAY OR MID-BLOCK COLLISION,SINGLE VEHICLE,STRAIGHT & HILLCREST,DARK-HWY LIGHTED/ON,,,6/3/2021 9:05:58 AM,False,6886,Accepted,
28201001,0568000,LOUISVILLE METRO POLICE DEPT,Accepted,JEFFERSON,US0031W,,22ND,ST,S,,MUHAMMAD ALI,,,,,38.254409684,-85.787280124,19.922,5/31/2021 12:00:00 AM,1814,2,2,0,1,CLEAR,DRY,True,ANGLE COLLISION - OTHER,ANGLE,STRAIGHT & LEVEL,DAYLIGHT,,,6/1/2021 9:37:43 AM,False,7220,Accepted,
28201490,0560300,ST. MATTHEWS POLICE DEPARTMENT,Accepted,JEFFERSON,US0060,5000,SHELBYVILLE,RD,,,,,,,,38.250157385,-85.623350007,5.315,5/31/2021 12:00:00 AM,1145,2,2,0,0,CLEAR,DRY,False,COLLISION IN PARKING LOT,ANGLE,STRAIGHT & LEVEL,DAYLIGHT,,,6/1/2021 10:49:10 AM,False,9147,Accepted,
28200974,0568000,LOUISVILLE METRO POLICE DEPT,Accepted,JEFFERSON,,2300,BROADWAY,,W,,,,,,,38.249293301,-85.790485666,0.124,5/31/2021 12:00:00 AM,0903,1,1,0,0,CLEAR,DRY,True,COLLISION WITH FIXED OBJECT NON - INTERSECTION - FIRST EVENT COLLISION 09 - 32 EXCLUDING 16,SINGLE VEHICLE,STRAIGHT & LEVEL,DAYLIGHT,,,6/1/2021 9:36:04 AM,False,7220,Accepted,
28200981,0568000,LOUISVILLE METRO POLICE DEPT,Accepted,JEFFERSON,,10508,CEDAR CREEK,RD,,KY2053,THIXTON,,,,,38.080319552,-85.623737150,0.072,5/31/2021 12:00:00 AM,0659,1,1,0,0,CLEAR,DRY,False,COLLISION WITH FIXED OBJECT IN INTERSECTION - FIRST EVENT COLLISION 09 - 32,SINGLE VEHICLE,STRAIGHT & LEVEL,DUSK,,,6/1/2021 9:36:44 AM,False,5363,Accepted,
28200983,0568000,LOUISVILLE METRO POLICE DEPT,Accepted,JEFFERSON,,,DIXIE,HWY,,KY2054,ALGONQUIN,,,,,38.223197701,-85.792482604,1.865,5/31/2021 12:00:00 AM,0900,3,3,0,2,CLEAR,DRY,False,ANGLE COLLISION - OTHER,ANGLE,STRAIGHT & LEVEL,DAYLIGHT,,,6/1/2021 9:36:47 AM,False,7184,Accepted,
28200990,0568000,LOUISVILLE METRO POLICE DEPT,Accepted,JEFFERSON,,1216,BURNETT,AVE,E,,,,,,,38.221175506,-85.737046748,1.188,5/31/2021 12:00:00 AM,2005,3,3,0,1,CLEAR,DRY,False,COLLISION WITH FIXED OBJECT NON - INTERSECTION - FIRST EVENT COLLISION 09 - 32 EXCLUDING 16,ANGLE,STRAIGHT & LEVEL,DAYLIGHT,,,6/1/2021 9:37:04 AM,False,5037,Accepted,
28200992,0568000,LOUISVILLE METRO POLICE DEPT,Accepted,JEFFERSON,,,BARRET,AVE,,,RUFER,,,,,38.234893657,-85.726964819,1.078,5/31/2021 12:00:00 AM,1930,2,2,0,0,CLEAR,DRY,False,ANGLE COLLISION - OTHER,ANGLE,STRAIGHT & LEVEL,DAYLIGHT,,,6/1/2021 9:37:08 AM,False,5362,Accepted,
28200998,0568000,LOUISVILLE METRO POLICE DEPT,Accepted,JEFFERSON,US0031W,9070,DIXIE,HWY,,,,,,,,38.125006507,-85.852539429,10.062,5/31/2021 12:00:00 AM,2315,3,3,0,1,CLEAR,DRY,False,OTHER ROADWAY OR MID-BLOCK COLLISION,REAR END,STRAIGHT & LEVEL,DARK-HWY NOT LIGHTED,,,6/1/2021 9:37:26 AM,False,5121,Accepted,
28200989,0568000,LOUISVILLE METRO POLICE DEPT,Accepted,JEFFERSON,US0031E,3411,BARDSTOWN,RD,,,,,,,,38.205082911,-85.666083935,11.522,5/31/2021 12:00:00 AM,1823,2,2,0,0,CLEAR,DRY,True,REAR END IN TRAFFIC LANES BOTH VEHICLES MOVING,REAR END,STRAIGHT & LEVEL,DAYLIGHT,,,6/1/2021 9:37:00 AM,False,5326,Accepted,
28200997,0568000,LOUISVILLE METRO POLICE DEPT,Accepted,JEFFERSON,I 0265,,I265 E,,,,,,,,,38.117233926,-85.645978223,13.404,5/31/2021 12:00:00 AM,1840,1,1,0,0,CLEAR,DRY,False,COLLISION WITH FIXED OBJECT NON - INTERSECTION - FIRST EVENT COLLISION 09 - 32 EXCLUDING 16,SINGLE VEHICLE,STRAIGHT & GRADE,DAYLIGHT,,,6/1/2021 9:37:17 AM,False,5314,Accepted,
28201050,0568000,LOUISVILLE METRO POLICE DEPT,Accepted,JEFFERSON,US0150,,BROADWAY,,W,,,,15TH,,13TH,38.247988913,-85.774963524,1.464,5/30/2021 12:00:00 AM,0045,2,1,0,1,CLEAR,DRY,True,COLLISION WITH PEDESTRIAN NON - INTERSECTION,SINGLE VEHICLE,STRAIGHT & GRADE,DARK-HWY LIGHTED/ON,,,6/1/2021 9:43:44 AM,False,5021,Accepted,
28201576,0561500,UNIV. OF LOUISVILLE POLICE,Accepted,JEFFERSON,,,CARDINAL,BLVD,W,KY1020,3RD,,,,,38.220560905,-85.761186948,0.180,5/30/2021 12:00:00 AM,1429,2,2,0,0,CLEAR,DRY,False,ANGLE COLLISION - OTHER,ANGLE,STRAIGHT & LEVEL,DAYLIGHT,,,6/1/2021 11:04:46 AM,False,5690,Accepted,
28200964,0568000,LOUISVILLE METRO POLICE DEPT,Accepted,JEFFERSON,KY1020,,2ND,ST,S,,ST CATHERINE,,,,,38.237095467,-85.756674634,11.503,5/30/2021 12:00:00 AM,1809,2,2,0,2,CLEAR,DRY,True,ANGLE COLLISION - OTHER,ANGLE,STRAIGHT & LEVEL,DAYLIGHT,,,6/1/2021 9:35:37 AM,False,5367,Accepted,
28200908,0568000,LOUISVILLE METRO POLICE DEPT,Accepted,JEFFERSON,KY1747,,HURSTBOURNE,PKWY,N,,FELSMERE,,,,,38.292816743,-85.575340975,17.462,5/30/2021 12:00:00 AM,0200,1,1,0,0,CLEAR,DRY,False,COLLISION WITH FIXED OBJECT IN INTERSECTION - FIRST EVENT COLLISION 09 - 32,SINGLE VEHICLE,CURVE & LEVEL,DARK (UNKNOWN ROADWAY LIGHTING),,,6/1/2021 9:33:33 AM,False,5155,Accepted,
28200914,0568000,LOUISVILLE METRO POLICE DEPT,Accepted,JEFFERSON,KY1447,10300,WESTPORT,RD,,,,,,,,38.293413479,-85.560149566,5.974,5/30/2021 12:00:00 AM,1345,2,2,0,0,CLEAR,DRY,False,1 VEHICLE ENTERING/LEAVING ENTRANCE,ANGLE,STRAIGHT & LEVEL,DAYLIGHT,,,6/1/2021 9:34:00 AM,False,2013,Accepted,
28200924,0568000,LOUISVILLE METRO POLICE DEPT,Accepted,JEFFERSON,,,FREEDOM,WAY,,,PHILLIPS,,,,,38.193559929,-85.739585453,0.333,5/30/2021 12:00:00 AM,1439,2,2,0,1,CLEAR,DRY,True,ANGLE COLLISION - OTHER,ANGLE,STRAIGHT & LEVEL,DAYLIGHT,,,6/1/2021 9:34:42 AM,False,7455,Accepted,
28200930,0568000,LOUISVILLE METRO POLICE DEPT,Accepted,JEFFERSON,,,SEATONVILLE,RD,,,,,,,,38.146617142,-85.569859631,0.620,5/30/2021 12:00:00 AM,2214,2,2,0,0,CLEAR,DRY,False,1 VEHICLE ENTERING/LEAVING ENTRANCE,ANGLE,STRAIGHT & HILLCREST,DARK-HWY NOT LIGHTED,,,6/1/2021 9:34:49 AM,False,5383,Accepted,
28201574,0561500,UNIV. OF LOUISVILLE POLICE,Accepted,JEFFERSON,KY1020,1830,3RD,ST,S,,,,,,,38.221241262,-85.761097692,10.371,5/30/2021 12:00:00 AM,1512,2,2,0,0,CLEAR,DRY,False,COLLISION IN PARKING LOT,REAR TO REAR,STRAIGHT & LEVEL,DAYLIGHT,,,6/1/2021 11:04:42 AM,False,5714,Accepted,
28200949,0568000,LOUISVILLE METRO POLICE DEPT,Accepted,JEFFERSON,,3804,TUESDAY,WAY,,,,,,,,38.131543404,-85.691959959,0.221,5/30/2021 12:00:00 AM,2205,3,3,0,0,CLEAR,DRY,False,1 VEHICLE PARKED POSITION (NOT PARKING LOT/DRIVEWAY),REAR END,STRAIGHT & LEVEL,DARK (UNKNOWN ROADWAY LIGHTING),,,6/1/2021 9:35:17 AM,False,5336,Accepted,
28200967,0568000,LOUISVILLE METRO POLICE DEPT,Accepted,JEFFERSON,KY1020,,SOUTHERN,PKWY,,,WINN,,,,,38.199012558,-85.766792300,9.012,5/30/2021 12:00:00 AM,2104,1,1,0,1,CLEAR,DRY,False,COLLISION WITH FIXED OBJECT IN INTERSECTION - FIRST EVENT COLLISION 09 - 32,SINGLE VEHICLE,CURVE & LEVEL,DUSK,,,6/1/2021 9:35:42 AM,False,7291,Accepted,
28200933,0568000,LOUISVILLE METRO POLICE DEPT,Accepted,JEFFERSON,,,DAHLIA,DR,,US0060A,EASTERN,,,,,38.225225113,-85.724423519,0.003,5/30/2021 12:00:00 AM,2346,2,2,0,1,CLEAR,DRY,False,ANGLE COLLISION - OTHER,ANGLE,STRAIGHT & LEVEL,DARK (UNKNOWN ROADWAY LIGHTING),,,6/1/2021 9:34:53 AM,False,5240,Accepted,
28216139,0568000,LOUISVILLE METRO POLICE DEPT,Accepted,JEFFERSON,KY1703,,NEWBURG,RD,,,BELLARMINE,,,,,38.216985621,-85.707794479,3.842,5/30/2021 12:00:00 AM,0259,1,1,0,1,CLEAR,DRY,False,COLLISION WITH FIXED OBJECT IN INTERSECTION - FIRST EVENT COLLISION 09 - 32,SINGLE VEHICLE,CURVE & GRADE,DARK-HWY LIGHTED/ON,,,6/4/2021 2:02:41 PM,False,2034,Accepted,
28195535,0560300,ST. MATTHEWS POLICE DEPARTMENT,Accepted,JEFFERSON,,,MERIDIAN,AVE,,KY2241,WILLIS,,,,,38.252097614,-85.652897014,0.047,5/30/2021 12:00:00 AM,1647,2,2,0,0,CLEAR,DRY,False,ANGLE COLLISION - OTHER,ANGLE,STRAIGHT & LEVEL,DAYLIGHT,,,5/31/2021 12:36:50 AM,False,9151,Accepted,
28200904,0568000,LOUISVILLE METRO POLICE DEPT,Accepted,JEFFERSON,I 0265,,I265 W,,,,,,,,,38.205183072,-85.507506082,24.231,5/30/2021 12:00:00 AM,0004,2,2,0,0,CLEAR,DRY,False,REAR END IN TRAFFIC LANES BOTH VEHICLES MOVING,REAR END,STRAIGHT & HILLCREST,DARK-HWY NOT LIGHTED,,,6/1/2021 9:33:25 AM,False,5383,Accepted,
28200910,0568000,LOUISVILLE METRO POLICE DEPT,Accepted,JEFFERSON,KY0061,,PRESTON,ST,S,,LEE,,,,,38.222410444,-85.750023166,10.867,5/30/2021 12:00:00 AM,0309,2,2,0,0,CLEAR,DRY,False,COLLISION WITH PARKED VEHICLE,SIDESWIPE-SAME DIRECTION,STRAIGHT & LEVEL,DARK-HWY LIGHTED/ON,,,6/1/2021 9:33:41 AM,False,5367,Accepted,
28210462,0568000,LOUISVILLE METRO POLICE DEPT,Accepted,JEFFERSON,I 0065,,I65 S,,,,,,,,,38.219083062,-85.752177215,133.381,5/30/2021 12:00:00 AM,2218,2,2,0,2,CLOUDY,DRY,False,SIDESWIPE COLLISION - SAME DIRECTION,SIDESWIPE-SAME DIRECTION,STRAIGHT & GRADE,DARK-HWY LIGHTED/ON,,,6/3/2021 9:05:37 AM,False,5152,Accepted,
28210422,0568000,LOUISVILLE METRO POLICE DEPT,Accepted,JEFFERSON,,,BROADWAY,,W,,,US0031W,22ND,,23RD,38.249254011,-85.789047486,0.046,5/30/2021 12:00:00 AM,1743,2,2,0,1,CLEAR,DRY,False,REAR END IN TRAFFIC LANES BOTH VEHICLES MOVING,REAR END,STRAIGHT & LEVEL,DAYLIGHT,,,6/3/2021 9:03:58 AM,False,5341,Accepted,
28200918,0568000,LOUISVILLE METRO POLICE DEPT,Accepted,JEFFERSON,KY0907,8406,3RD ST,RD,,,,,,,,38.120665542,-85.804716260,3.923,5/30/2021 12:00:00 AM,0917,1,1,0,0,CLEAR,DRY,False,COLLISION WITH FIXED OBJECT NON - INTERSECTION - FIRST EVENT COLLISION 09 - 32 EXCLUDING 16,SINGLE VEHICLE,CURVE & LEVEL,DAYLIGHT,,,6/1/2021 9:34:22 AM,False,5326,Accepted,
28200927,0568000,LOUISVILLE METRO POLICE DEPT,Accepted,JEFFERSON,,2715,FLOYD,ST,S,,,,,,,38.207363708,-85.756329558,3.331,5/30/2021 12:00:00 AM,0021,2,2,0,0,CLEAR,DRY,False,1 VEHICLE ENTERING/LEAVING ENTRANCE,ANGLE,STRAIGHT & LEVEL,DUSK,,,6/1/2021 9:34:46 AM,False,5324,Accepted,
28200971,0568000,LOUISVILLE METRO POLICE DEPT,Accepted,JEFFERSON,I 0264,,I264 W,,,,,,,,,38.193462905,-85.711299063,13.127,5/30/2021 12:00:00 AM,0847,2,2,0,0,CLEAR,DRY,False,SIDESWIPE COLLISION - SAME DIRECTION,SIDESWIPE-SAME DIRECTION,STRAIGHT & GRADE,DAYLIGHT,,,6/1/2021 9:35:56 AM,False,7772,Accepted,
28200969,0568000,LOUISVILLE METRO POLICE DEPT,Accepted,JEFFERSON,US0060A,419,WINKLER,AVE,,,,,,,,38.210421798,-85.765453380,3.025,5/30/2021 12:00:00 AM,1813,2,1,0,1,CLEAR,DRY,False,COLLISION WITH PEDESTRIAN NON - INTERSECTION,SINGLE VEHICLE,STRAIGHT & LEVEL,DAYLIGHT,,,6/1/2021 9:35:47 AM,False,5236,Accepted,
28200921,0568000,LOUISVILLE METRO POLICE DEPT,Accepted,JEFFERSON,,,BROADWAY,,W,,34TH,,,,,38.249926428,-85.808790450,1.151,5/30/2021 12:00:00 AM,1314,2,2,0,0,CLEAR,DRY,False,ANGLE COLLISION - ONE VEHICLE TURNING LEFT,ANGLE,STRAIGHT & LEVEL,DAYLIGHT,,,6/1/2021 9:34:35 AM,False,5360,Accepted,
28200953,0568000,LOUISVILLE METRO POLICE DEPT,Accepted,JEFFERSON,,,3RD,ST,S,,WHITNEY,,,,,38.193965205,-85.764957468,0.458,5/30/2021 12:00:00 AM,0010,2,2,0,0,CLEAR,DRY,False,SIDESWIPE-SAME DIRECTION,SIDESWIPE-SAME DIRECTION,STRAIGHT & LEVEL,DARK-HWY LIGHTED/ON,,,6/1/2021 9:35:24 AM,False,7046,Accepted,
28201579,0561500,UNIV. OF LOUISVILLE POLICE,Accepted,JEFFERSON,,,FLOYD,ST,S,,,,BRANDEIS,,BLOOM,38.219393472,-85.754262473,2.492,5/30/2021 12:00:00 AM,2022,2,2,0,0,CLEAR,DRY,False,1 VEHICLE PARKED POSITION (NOT PARKING LOT/DRIVEWAY),BACKING,STRAIGHT & LEVEL,DAYLIGHT,,,6/1/2021 11:04:57 AM,False,5690,Accepted,
28370796,0568000,LOUISVILLE METRO POLICE DEPT,Accepted,JEFFERSON,KY0864,,POPLAR LEVEL,RD,,,GILMORE,,,,,38.182687447,-85.698367259,10.281,5/30/2021 12:00:00 AM,0326,2,2,1,1,CLEAR,DRY,False,ANGLE COLLISION - OTHER,ANGLE,STRAIGHT & LEVEL,DARK-HWY NOT LIGHTED,,,7/15/2021 8:54:00 AM,False,6886,Accepted,
28294844,0568000,LOUISVILLE METRO POLICE DEPT,Accepted,JEFFERSON,,,PARTHENIA,AVE,,,,,CARLISLE,,CONN,38.195621806,-85.792182943,0.745,5/30/2021 12:00:00 AM,0941,2,2,0,0,CLEAR,DRY,True,1 VEHICLE PARKED POSITION (NOT PARKING LOT/DRIVEWAY),SIDESWIPE-OPPOSITE DIRECTION,STRAIGHT & LEVEL,DAYLIGHT,,,6/25/2021 8:41:21 AM,False,7536,Accepted,
28304753,0568000,LOUISVILLE METRO POLICE DEPT,Accepted,JEFFERSON,,,ROWAN,ST,,,,US0150,N 22ND ST CONN,,21ST,38.261096960,-85.784089091,0.836,5/29/2021 12:00:00 AM,1525,3,3,0,0,CLEAR,DRY,True,1 VEHICLE PARKED POSITION (NOT PARKING LOT/DRIVEWAY),SIDESWIPE-SAME DIRECTION,STRAIGHT & LEVEL,DAYLIGHT,,,6/28/2021 8:41:42 AM,False,7405,Accepted,
28251574,0568000,LOUISVILLE METRO POLICE DEPT,Accepted,JEFFERSON,,841,RIVER DELL,DR,,,,,,,,38.269697165,-85.700160798,0.188,5/29/2021 12:00:00 AM,1210,3,2,0,0,CLEAR,DRY,True,COLLISION IN PARKING LOT,ANGLE,STRAIGHT & LEVEL,DAYLIGHT,,,6/14/2021 8:58:09 AM,False,7180,Accepted,
28200911,0568000,LOUISVILLE METRO POLICE DEPT,Accepted,JEFFERSON,US0031W,,DIXIE,HWY,,,,,PARAMOUNT,,PARALEE,38.133742981,-85.845573046,10.821,5/29/2021 12:00:00 AM,2347,1,1,0,0,CLEAR,DRY,True,COLLISION WITH FIXED OBJECT NON - INTERSECTION - FIRST EVENT COLLISION 09 - 32 EXCLUDING 16,SINGLE VEHICLE,STRAIGHT & LEVEL,DARK-HWY LIGHTED/ON,,,6/1/2021 9:33:45 AM,False,2721,Accepted,
28200938,0568000,LOUISVILLE METRO POLICE DEPT,Accepted,JEFFERSON,,,SOUTHERN,AVE,,,32ND,,,,,38.232051157,-85.808266329,0.351,5/29/2021 12:00:00 AM,2050,2,2,0,1,CLOUDY,DRY,False,ANGLE COLLISION - OTHER,ANGLE,STRAIGHT & LEVEL,DARK-HWY LIGHTED/ON,,,6/1/2021 9:35:00 AM,False,5303,Accepted,
28200871,0568000,LOUISVILLE METRO POLICE DEPT,Accepted,JEFFERSON,KY0155,4080,TAYLORSVILLE,RD,,,,,,,,38.219520215,-85.620265638,13.025,5/29/2021 12:00:00 AM,1618,2,1,0,0,CLOUDY,DRY,False,COLLISION IN PARKING LOT,SINGLE VEHICLE,STRAIGHT & LEVEL,DAYLIGHT,,,6/1/2021 9:31:19 AM,False,7448,Accepted,
28200913,0568000,LOUISVILLE METRO POLICE DEPT,Accepted,JEFFERSON,,,RUSSELL LEE,DR,,,SHADYSIDE,,,,,38.226905391,-85.818267911,0.102,5/29/2021 12:00:00 AM,0001,1,1,0,1,CLEAR,DRY,False,COLLISION WITH FIXED OBJECT IN INTERSECTION - FIRST EVENT COLLISION 09 - 32,SINGLE VEHICLE,CURVE & LEVEL,DARK-HWY LIGHTED/ON,,,6/1/2021 9:33:54 AM,False,5351,Accepted,
28200944,0568000,LOUISVILLE METRO POLICE DEPT,Accepted,JEFFERSON,,,MARKET,ST,W,US0031W,22ND,,,,,38.258532304,-85.786556758,,5/29/2021 12:00:00 AM,2034,3,3,0,2,CLEAR,DRY,True,ANGLE COLLISION - OTHER,ANGLE,STRAIGHT & LEVEL,DUSK,,,6/1/2021 9:35:12 AM,False,5021,Accepted,
28286776,0568000,LOUISVILLE METRO POLICE DEPT,Accepted,JEFFERSON,US0031E,4306,BARDSTOWN,RD,,,,,,,,38.186696895,-85.637690928,9.486,5/29/2021 12:00:00 AM,1202,2,2,0,0,CLOUDY,DRY,False,COLLISION IN PARKING LOT,BACKING,STRAIGHT & LEVEL,DAYLIGHT,,,6/23/2021 8:37:23 AM,False,7319,Accepted,
28200893,0568000,LOUISVILLE METRO POLICE DEPT,Accepted,JEFFERSON,,6303,MORNING GLORY,LN,,,,,,,,38.135757730,-85.869612124,0.207,5/29/2021 12:00:00 AM,0245,2,2,0,0,CLEAR,DRY,False,1 VEHICLE PARKED POSITION (NOT PARKING LOT/DRIVEWAY),HEAD ON,STRAIGHT & LEVEL,DARK-HWY LIGHTED/ON,,,6/1/2021 9:33:02 AM,False,2905,Accepted,
28200902,0568000,LOUISVILLE METRO POLICE DEPT,Accepted,JEFFERSON,KY1865,,NEW CUT,RD,,KY0907,3RD ST,,,,,38.145895570,-85.775243446,2.674,5/29/2021 12:00:00 AM,2234,2,2,0,1,CLEAR,DRY,False,ANGLE COLLISION - OTHER,ANGLE,STRAIGHT & LEVEL,DARK-HWY LIGHTED/ON,,,6/1/2021 9:33:20 AM,False,5312,Accepted,
28200862,0568000,LOUISVILLE METRO POLICE DEPT,Accepted,JEFFERSON,US0031E,,BARDSTOWN,RD,,,FERN CREEK,,,,,38.158091937,-85.591190756,6.144,5/29/2021 12:00:00 AM,1201,2,2,0,0,CLOUDY,WET,False,OTHER INTERSECTION COLLISIONS,REAR END,STRAIGHT & LEVEL,DAYLIGHT,,,6/1/2021 9:30:36 AM,False,7465,Accepted,
28200852,0568000,LOUISVILLE METRO POLICE DEPT,Accepted,JEFFERSON,,,6TH,ST,S,US0060A,WINKLER,,,,,38.210689643,-85.767963075,2.423,5/29/2021 12:00:00 AM,1223,2,2,0,1,CLOUDY,DRY,False,ANGLE COLLISION - OTHER,ANGLE,STRAIGHT & LEVEL,DAYLIGHT,,,6/1/2021 9:30:00 AM,False,7433,Accepted,
28200836,0568000,LOUISVILLE METRO POLICE DEPT,Accepted,JEFFERSON,US0031W,,DIXIE,HWY,,,,,WITTEN,,ELZIE,38.123295367,-85.853948247,9.922,5/29/2021 12:00:00 AM,0000,2,2,0,1,CLOUDY,DRY,False,REAR END IN TRAFFIC LANES BOTH VEHICLES MOVING,REAR END,STRAIGHT & LEVEL,DARK-HWY LIGHTED/OFF,,,6/1/2021 9:29:02 AM,False,2721,Accepted,