IncidentID,AgencyORI,AgencyName,IncidentStatusDesc,County,RdwyNumber,Street,RoadwayName,StreetSfx,StreetDir,IntersectionRdwy,IntersectionRdwyName,BetweenStRdwy1,BetweenStRdwyName1,BetweenStRdwy2,BetweenStRdwyName2,Latitude,Longitude,Milepoint,CollisionDate,CollisionTime,UnitsInvolved,MotorVehiclesInvolved,NumberKilled,NumberInjured,Weather,RdwyConditionCode,HitandRun,DirAnalysisCode,MannerofCollision,RdwyCharacter,LightCondition,RampFromRdwyId,RampToRdwyId,AcceptedDate,IsSecondaryCollision,OwnerBadge,IncidentStatus,
28229661,0568000,LOUISVILLE METRO POLICE DEPT,Accepted,JEFFERSON,,2818,MARKET,ST,W,,,,,,,38.260005320,-85.798308531,0.652,5/29/2021 12:00:00 AM,2115,2,1,0,1,CLEAR,DRY,True,COLLISION WITH PEDESTRIAN NON - INTERSECTION,SINGLE VEHICLE,STRAIGHT & LEVEL,DARK-HWY LIGHTED/ON,,,6/8/2021 8:45:44 AM,False,5348,Accepted,
28192585,0560300,ST. MATTHEWS POLICE DEPARTMENT,Accepted,JEFFERSON,US0060,5000,SHELBYVILLE,RD,,,,,,,,38.250172402,-85.623241433,5.320,5/29/2021 12:00:00 AM,1855,2,2,0,0,CLOUDY,DRY,False,OTHER ROADWAY OR MID-BLOCK COLLISION,REAR END,STRAIGHT & LEVEL,DAYLIGHT,,,5/29/2021 11:33:03 PM,False,9172,Accepted,
28200884,0568000,LOUISVILLE METRO POLICE DEPT,Accepted,JEFFERSON,,,LONGFIELD,AVE,,,CLIFF,,,,,38.198612589,-85.774883741,0.344,5/29/2021 12:00:00 AM,1210,2,2,0,2,CLOUDY,DRY,False,ANGLE COLLISION - OTHER,ANGLE,STRAIGHT & LEVEL,DAYLIGHT,,,6/1/2021 9:32:31 AM,False,7398,Accepted,
28200889,0568000,LOUISVILLE METRO POLICE DEPT,Accepted,JEFFERSON,US0031E,,BARDSTOWN,RD,,,,,PATTERSON,,ELLWOOD,38.237556433,-85.719407063,15.319,5/29/2021 12:00:00 AM,0250,2,2,0,0,RAINING,WET,True,SIDESWIPE COLLISION - OPPOSITE DIRECTION,SIDESWIPE-OPPOSITE DIRECTION,STRAIGHT & LEVEL,DARK-HWY LIGHTED/ON,,,6/1/2021 9:32:48 AM,False,7049,Accepted,
28200891,0568000,LOUISVILLE METRO POLICE DEPT,Accepted,JEFFERSON,,,WINTER,AVE,,,,,RUBEL,,GRINSTEAD,38.237858014,-85.723469236,0.021,5/29/2021 12:00:00 AM,0409,3,3,0,0,RAINING,WET,False,1 VEHICLE PARKED POSITION (NOT PARKING LOT/DRIVEWAY),SIDESWIPE-SAME DIRECTION,STRAIGHT & LEVEL,DARK-HWY LIGHTED/ON,,,6/1/2021 9:32:56 AM,False,7049,Accepted,
28205938,0568000,LOUISVILLE METRO POLICE DEPT,Accepted,JEFFERSON,US0031E,,BARDSTOWN,RD,,,,,,,,38.208271079,-85.668730196,11.756,5/29/2021 12:00:00 AM,2253,2,2,0,0,RAINING,WET,False,SIDESWIPE COLLISION - SAME DIRECTION,SIDESWIPE-SAME DIRECTION,STRAIGHT & LEVEL,DARK-HWY LIGHTED/ON,,,6/2/2021 8:54:11 AM,False,5328,Accepted,
28200909,0568000,LOUISVILLE METRO POLICE DEPT,Accepted,JEFFERSON,,,WILSON,AVE,,,DR WILLIAM G WEATHERS,,,,,38.227743177,-85.806062694,1.889,5/29/2021 12:00:00 AM,0137,3,3,0,1,CLEAR,DRY,False,OTHER INTERSECTION COLLISIONS,REAR END,STRAIGHT & LEVEL,DARK-HWY LIGHTED/ON,,,6/1/2021 9:33:38 AM,False,7181,Accepted,
28200959,0568000,LOUISVILLE METRO POLICE DEPT,Accepted,JEFFERSON,KY1020,,SOUTHERN,PKWY,,,,,,,,38.189990722,-85.766692786,8.406,5/29/2021 12:00:00 AM,2000,2,2,0,0,CLEAR,DRY,False,REAR END IN TRAFFIC LANES BOTH VEHICLES MOVING,REAR END,STRAIGHT & LEVEL,DAYLIGHT,,,6/1/2021 9:35:32 AM,False,7046,Accepted,
28200973,0568000,LOUISVILLE METRO POLICE DEPT,Accepted,JEFFERSON,,,4TH,ST,S,,OAK,,,,,38.235040835,-85.760334977,1.503,5/29/2021 12:00:00 AM,1544,2,1,0,1,CLOUDY,DRY,False,COLLISION WITH PEDESTRIAN IN INTERSECTION,SINGLE VEHICLE,STRAIGHT & LEVEL,DAYLIGHT,,,6/1/2021 9:36:00 AM,False,5111,Accepted,
28201049,0568000,LOUISVILLE METRO POLICE DEPT,Accepted,JEFFERSON,,,15TH,ST,S,,,,CEDAR,,MUHAMMAD ALI,38.253713741,-85.775572009,1.967,5/28/2021 12:00:00 AM,1113,2,2,0,1,RAINING,WET,False,1 VEHICLE ENTERING/LEAVING ENTRANCE,ANGLE,STRAIGHT & LEVEL,DAYLIGHT,,,6/1/2021 9:43:23 AM,False,5341,Accepted,
28205881,0568000,LOUISVILLE METRO POLICE DEPT,Accepted,JEFFERSON,I 0265,,I265 W,,,,,,,,,38.112423262,-85.690989273,10.849,5/28/2021 12:00:00 AM,1252,2,2,0,0,CLOUDY,DRY,True,1 VEHICLE PARKED POSITION (NOT PARKING LOT/DRIVEWAY),SIDESWIPE-SAME DIRECTION,STRAIGHT & GRADE,DAYLIGHT,,,6/2/2021 8:51:39 AM,False,8278,Accepted,
28202569,0564500,PROSPECT POLICE DEPARTMENT,Accepted,JEFFERSON,KY3222,,ROSE ISLAND,RD,,,,,,,,38.367257309,-85.617780769,0.936,5/28/2021 12:00:00 AM,1845,2,2,0,2,RAINING,WET,False,HEAD-ON COLLISION,HEAD ON,CURVE & LEVEL,DAYLIGHT,,,6/1/2021 2:44:01 PM,False,1154,Accepted,
28225325,0568000,LOUISVILLE METRO POLICE DEPT,Accepted,JEFFERSON,,3510,BLUEGRASS PARK,DR,,,,,,,,38.192104390,-85.676144448,0.034,5/28/2021 12:00:00 AM,1632,2,2,0,1,CLOUDY,DRY,False,SIDESWIPE COLLISION - OPPOSITE DIRECTION,SIDESWIPE-OPPOSITE DIRECTION,STRAIGHT & HILLCREST,DAYLIGHT,,,6/7/2021 9:43:48 AM,False,5346,Accepted,
28200874,0568000,LOUISVILLE METRO POLICE DEPT,Accepted,JEFFERSON,KY1747,,HURSTBOURNE,PKWY,S,KY0155,TAYLORSVILLE,,,,,38.215914249,-85.590719001,11.059,5/28/2021 12:00:00 AM,1636,2,2,0,0,CLEAR,DRY,False,OTHER INTERSECTION COLLISIONS,REAR END,STRAIGHT & LEVEL,DAYLIGHT,,,6/1/2021 9:31:25 AM,False,5247,Accepted,
28200880,0568000,LOUISVILLE METRO POLICE DEPT,Accepted,JEFFERSON,US0031W,6900,DIXIE,HWY,,,,,,,,38.149910938,-85.837086642,12.069,5/28/2021 12:00:00 AM,1151,2,2,0,0,CLEAR,DRY,False,REAR END IN TRAFFIC LANES BOTH VEHICLES MOVING,REAR END,STRAIGHT & LEVEL,DAYLIGHT,,,6/1/2021 9:32:01 AM,False,7817,Accepted,
28200792,0568000,LOUISVILLE METRO POLICE DEPT,Accepted,JEFFERSON,,,CENTRAL,AVE,,US0060A,TAYLOR,,,,,38.206330197,-85.776190156,1.027,5/28/2021 12:00:00 AM,0913,3,3,0,4,RAINING,WET,False,ANGLE COLLISION - OTHER,ANGLE,STRAIGHT & LEVEL,DAYLIGHT,,,6/1/2021 9:27:24 AM,False,7433,Accepted,
28200798,0568000,LOUISVILLE METRO POLICE DEPT,Accepted,JEFFERSON,US0042,,BROWNSBORO,RD,,,BIRCHWOOD,,,,,38.259606495,-85.692623100,2.361,5/28/2021 12:00:00 AM,1131,2,2,0,0,RAINING,WET,False,ANGLE COLLISION - OTHER,ANGLE,STRAIGHT & LEVEL,DAYLIGHT,,,6/1/2021 9:27:35 AM,False,7028,Accepted,
28200800,0568000,LOUISVILLE METRO POLICE DEPT,Accepted,JEFFERSON,KY1934,,CANE RUN,RD,,,ROCKFORD,,,,,38.183794962,-85.855233900,7.724,5/28/2021 12:00:00 AM,1233,2,2,0,0,RAINING,WET,True,OTHER INTERSECTION COLLISIONS,REAR END,STRAIGHT & LEVEL,DAYLIGHT,,,6/1/2021 9:27:39 AM,False,7496,Accepted,
28200816,0568000,LOUISVILLE METRO POLICE DEPT,Accepted,JEFFERSON,,620,LOCUST,LN,,,,,,,,38.206852325,-85.735592515,0.033,5/28/2021 12:00:00 AM,0806,1,1,0,0,CLOUDY,WET,False,OTHER ROADWAY OR MID-BLOCK COLLISION,SINGLE VEHICLE,STRAIGHT & LEVEL,DAYLIGHT,,,6/1/2021 9:28:12 AM,False,7448,Accepted,
28200842,0568000,LOUISVILLE METRO POLICE DEPT,Accepted,JEFFERSON,,,ST CATHERINE,ST,W,,1ST,,,,,38.236850488,-85.754935459,0.002,5/28/2021 12:00:00 AM,2014,2,2,0,0,CLEAR,DRY,False,ANGLE COLLISION - OTHER,ANGLE,STRAIGHT & LEVEL,DARK-HWY LIGHTED/ON,,,6/1/2021 9:29:45 AM,False,5152,Accepted,
28200875,0568000,LOUISVILLE METRO POLICE DEPT,Accepted,JEFFERSON,,,MADISON,ST,W,US0031W,22ND,,,,,38.253330617,-85.787439429,0.815,5/28/2021 12:00:00 AM,1329,2,2,0,1,CLEAR,DRY,False,COLLISION WITH PARKED VEHICLE,HEAD ON,STRAIGHT & LEVEL,DAYLIGHT,,,6/1/2021 9:31:50 AM,False,5344,Accepted,
28200849,0568000,LOUISVILLE METRO POLICE DEPT,Accepted,JEFFERSON,I 0071,,I71 N,,,,,,,,,38.327536899,-85.546732582,11.226,5/28/2021 12:00:00 AM,1745,2,2,0,0,CLOUDY,DRY,False,REAR END IN TRAFFIC LANES BOTH VEHICLES MOVING,REAR END,STRAIGHT & LEVEL,DAYLIGHT,,,6/1/2021 9:29:56 AM,False,2738,Accepted,
28200856,0568000,LOUISVILLE METRO POLICE DEPT,Accepted,JEFFERSON,,,MAGNOLIA,AVE,W,,34TH,,,,,38.234069285,-85.814236101,1.279,5/28/2021 12:00:00 AM,1314,1,1,0,0,CLOUDY,WET,False,COLLISION WITH FIXED OBJECT IN INTERSECTION - FIRST EVENT COLLISION 09 - 32,SINGLE VEHICLE,STRAIGHT & LEVEL,DAYLIGHT,,,6/1/2021 9:30:07 AM,False,5368,Accepted,
28187427,0568000,LOUISVILLE METRO POLICE DEPT,Accepted,JEFFERSON,KY0864,4744,POPLAR LEVEL,RD,,,,,,,,38.174841335,-85.687213566,9.470,5/28/2021 12:00:00 AM,0400,2,2,0,0,CLEAR,DRY,False,OTHER ROADWAY OR MID-BLOCK COLLISION,OPPOSING LEFT TURN,STRAIGHT & LEVEL,DARK (UNKNOWN ROADWAY LIGHTING),,,5/28/2021 8:37:11 AM,False,5286,Accepted,
28200830,0568000,LOUISVILLE METRO POLICE DEPT,Accepted,JEFFERSON,,10306,DODGE,LN,S,,,,,,,38.102505248,-85.846497582,0.076,5/28/2021 12:00:00 AM,1946,1,1,0,0,RAINING,WET,False,COLLISION WITH FIXED OBJECT NON - INTERSECTION - FIRST EVENT COLLISION 09 - 32 EXCLUDING 16,SINGLE VEHICLE,CURVE & GRADE,DAYLIGHT,,,6/1/2021 9:28:44 AM,False,5212,Accepted,
28200840,0568000,LOUISVILLE METRO POLICE DEPT,Accepted,JEFFERSON,,3419,BOHNE,AVE,,,,,,,,38.228601081,-85.813253005,0.287,5/28/2021 12:00:00 AM,2257,2,2,0,0,CLOUDY,DRY,False,1 VEHICLE PARKED POSITION (NOT PARKING LOT/DRIVEWAY),ANGLE,STRAIGHT & LEVEL,DARK-HWY LIGHTED/ON,,,6/1/2021 9:29:26 AM,False,7181,Accepted,
28200837,0568000,LOUISVILLE METRO POLICE DEPT,Accepted,JEFFERSON,KY1747,,HURSTBOURNE,PKWY,S,,,,,,,38.185430632,-85.605988130,8.692,5/28/2021 12:00:00 AM,2306,2,2,0,0,CLEAR,DRY,False,HEAD-ON COLLISION,HEAD ON,STRAIGHT & LEVEL,DARK (UNKNOWN ROADWAY LIGHTING),,,6/1/2021 9:29:14 AM,False,5182,Accepted,
28200811,0568000,LOUISVILLE METRO POLICE DEPT,Accepted,JEFFERSON,US0031E,,BAXTER,AVE,,,,,,,,38.245381071,-85.728265942,16.033,5/28/2021 12:00:00 AM,1403,2,2,0,0,CLOUDY,DRY,False,1 VEHICLE ENTERING/LEAVING ENTRANCE,ANGLE,STRAIGHT & LEVEL,DAYLIGHT,,,6/1/2021 9:27:59 AM,False,5112,Accepted,
28200818,0568000,LOUISVILLE METRO POLICE DEPT,Accepted,JEFFERSON,US0031E,,BAXTER,AVE,,US0031E,MARKET,,,,,38.252630416,-85.732593099,16.632,5/28/2021 12:00:00 AM,1519,2,2,0,0,CLOUDY,DRY,False,SIDESWIPE-SAME DIRECTION,SIDESWIPE-SAME DIRECTION,STRAIGHT & LEVEL,DAYLIGHT,,,6/1/2021 9:28:24 AM,False,7216,Accepted,
28200834,0568000,LOUISVILLE METRO POLICE DEPT,Accepted,JEFFERSON,I 0065,,I65 S,,,,,,,,,38.130025171,-85.703100827,126.200,5/28/2021 12:00:00 AM,1434,2,2,0,0,CLOUDY,DRY,False,REAR END IN TRAFFIC LANES BOTH VEHICLES MOVING,REAR END,STRAIGHT & LEVEL,DAYLIGHT,,,6/1/2021 9:28:51 AM,False,2142,Accepted,
28200802,0568000,LOUISVILLE METRO POLICE DEPT,Accepted,JEFFERSON,,,RANGELAND,RD,,,,,,,,38.167240228,-85.679516451,0.117,5/28/2021 12:00:00 AM,0738,2,2,0,0,CLOUDY,WET,False,1 VEHICLE ENTERING/LEAVING ENTRANCE,ANGLE,STRAIGHT & LEVEL,DAYLIGHT,,,6/1/2021 9:27:42 AM,False,4693,Accepted,
28200804,0568000,LOUISVILLE METRO POLICE DEPT,Accepted,JEFFERSON,KY1932,,BRECKENRIDGE,LN,,,,,,,,38.217184029,-85.627820323,2.614,5/28/2021 12:00:00 AM,1311,2,2,0,1,CLOUDY,DRY,False,1 VEHICLE ENTERING/LEAVING ENTRANCE,ANGLE,STRAIGHT & LEVEL,DAYLIGHT,,,6/1/2021 9:27:45 AM,False,4693,Accepted,
28200820,0568000,LOUISVILLE METRO POLICE DEPT,Accepted,JEFFERSON,,1847,BOLLING,AVE,,,,,,,,38.229628344,-85.791917079,0.400,5/28/2021 12:00:00 AM,1236,4,4,0,0,CLOUDY,DRY,False,1 VEHICLE PARKED POSITION (NOT PARKING LOT/DRIVEWAY),ANGLE,STRAIGHT & LEVEL,DAYLIGHT,,,6/1/2021 9:28:29 AM,False,5360,Accepted,
28200821,0568000,LOUISVILLE METRO POLICE DEPT,Accepted,JEFFERSON,I 0265,,I265 W,,,,,,,,,38.114699278,-85.700048694,10.331,5/28/2021 12:00:00 AM,1125,2,2,0,0,RAINING,WET,False,SIDESWIPE COLLISION - SAME DIRECTION,SIDESWIPE-SAME DIRECTION,STRAIGHT & LEVEL,DAYLIGHT,,,6/1/2021 9:28:32 AM,False,2308,Accepted,
28200838,0568000,LOUISVILLE METRO POLICE DEPT,Accepted,JEFFERSON,,,11TH,ST,S,,JEFFERSON,,,,,38.255109017,-85.768595728,0.194,5/28/2021 12:00:00 AM,2236,4,4,0,0,CLOUDY,DRY,True,ANGLE COLLISION - OTHER,ANGLE,STRAIGHT & LEVEL,DARK-HWY LIGHTED/ON,,,6/1/2021 9:29:19 AM,False,7325,Accepted,
28200887,0568000,LOUISVILLE METRO POLICE DEPT,Accepted,JEFFERSON,I 0265,,I265 S,,,,,,,,,38.228043478,-85.505237432,25.814,5/28/2021 12:00:00 AM,1608,1,1,0,0,CLEAR,DRY,False,COLLISION WITH FIXED OBJECT NON - INTERSECTION - FIRST EVENT COLLISION 09 - 32 EXCLUDING 16,SINGLE VEHICLE,STRAIGHT & LEVEL,DAYLIGHT,,,6/1/2021 9:32:36 AM,False,2346,Accepted,
28187425,0568000,LOUISVILLE METRO POLICE DEPT,Accepted,JEFFERSON,,1617,ARCADE,AVE,,,,,COLORADO,KY1931,7TH ST,38.208786559,-85.786394218,0.533,5/28/2021 12:00:00 AM,0532,1,1,0,0,CLEAR,DRY,True,COLLISION WITH FIXED OBJECT NON - INTERSECTION - FIRST EVENT COLLISION 09 - 32 EXCLUDING 16,SINGLE VEHICLE,STRAIGHT & LEVEL,DARK-HWY LIGHTED/ON,,,5/28/2021 8:37:04 AM,False,5131,Accepted,
28191778,0560400,SHIVELY POLICE DEPARTMENT,Accepted,JEFFERSON,US0031W,,DIXIE,HWY,,,WATHEN,,,,,38.216371956,-85.795318590,17.152,5/28/2021 12:00:00 AM,1345,4,4,0,0,CLOUDY,DRY,True,OTHER INTERSECTION COLLISIONS,REAR END,STRAIGHT & LEVEL,DAYLIGHT,,,5/29/2021 4:57:50 PM,True,7092,Accepted,
28187424,0568000,LOUISVILLE METRO POLICE DEPT,Accepted,JEFFERSON,,4026,WOODRUFF,AVE,,,,,,,,38.183996468,-85.785026702,0.056,5/28/2021 12:00:00 AM,0400,3,3,0,0,CLEAR,DRY,True,1 VEHICLE PARKED POSITION (NOT PARKING LOT/DRIVEWAY),REAR END,STRAIGHT & LEVEL,DARK-HWY LIGHTED/OFF,,,5/28/2021 8:37:00 AM,False,5284,Accepted,
28215241,0568000,LOUISVILLE METRO POLICE DEPT,Accepted,JEFFERSON,,,ASHBY,LN,,,,,JANNA,,TWILIGHT,38.106661431,-85.879781653,0.610,5/28/2021 12:00:00 AM,2054,1,1,0,1,CLOUDY,DRY,False,COLLISION WITH FIXED OBJECT NON - INTERSECTION - FIRST EVENT COLLISION 09 - 32 EXCLUDING 16,SINGLE VEHICLE,STRAIGHT & LEVEL,DUSK,,,6/4/2021 9:07:18 AM,False,2721,Accepted,
28200919,0568000,LOUISVILLE METRO POLICE DEPT,Accepted,JEFFERSON,,,CHESTNUT,ST,W,,15TH,,,,,38.250952995,-85.776076771,1.364,5/28/2021 12:00:00 AM,1546,2,2,0,0,CLOUDY,DRY,False,ANGLE COLLISION - OTHER,ANGLE,STRAIGHT & LEVEL,DAYLIGHT,,,6/1/2021 9:34:27 AM,False,5341,Accepted,
28200976,0568000,LOUISVILLE METRO POLICE DEPT,Accepted,JEFFERSON,KY1065,,OUTER,LOOP,,KY1020,NATIONAL,,,,,38.126953156,-85.748959715,2.514,5/28/2021 12:00:00 AM,1140,4,4,0,1,RAINING,WET,False,ANGLE COLLISION - OTHER,ANGLE,STRAIGHT & LEVEL,DAYLIGHT,,,6/1/2021 9:36:10 AM,False,7221,Accepted,
28201573,0561500,UNIV. OF LOUISVILLE POLICE,Accepted,JEFFERSON,,,FLOYD,ST,S,,,,,,,38.216364467,-85.754824198,2.705,5/28/2021 12:00:00 AM,1400,1,1,0,0,CLEAR,WET,True,COLLISION WITH FIXED OBJECT NON - INTERSECTION - FIRST EVENT COLLISION 09 - 32 EXCLUDING 16,SINGLE VEHICLE,STRAIGHT & LEVEL,DAYLIGHT,,,6/1/2021 11:04:37 AM,False,5700,Accepted,
28210461,0568000,LOUISVILLE METRO POLICE DEPT,Accepted,JEFFERSON,,,7TH,ST,S,,INDUSTRY,,,,,38.221074939,-85.775631032,0.109,5/28/2021 12:00:00 AM,2059,2,2,0,0,CLEAR,DRY,False,SIDESWIPE-SAME DIRECTION,SIDESWIPE-SAME DIRECTION,STRAIGHT & LEVEL,DARK-HWY LIGHTED/ON,,,6/3/2021 9:05:33 AM,False,5152,Accepted,
29928456,0568000,LOUISVILLE METRO POLICE DEPT,Accepted,JEFFERSON,,5303,CLEARWATER FARM,BLVD,,,,,,,,38.154952596,-85.663287697,0.148,5/28/2021 12:00:00 AM,1939,1,1,0,1,CLOUDY,DRY,False,COLLISION IN PARKING LOT,SINGLE VEHICLE,STRAIGHT & LEVEL,DUSK,,,4/12/2022 11:09:02 AM,False,5214,Accepted,
28242215,0568000,LOUISVILLE METRO POLICE DEPT,Accepted,JEFFERSON,US0031W,,MARKET,ST,W,,6TH,,,,,38.255602726,-85.760123291,21.653,5/27/2021 12:00:00 AM,1309,2,2,0,0,CLEAR,DRY,False,SIDESWIPE-SAME DIRECTION,SIDESWIPE-SAME DIRECTION,STRAIGHT & LEVEL,DAYLIGHT,,,6/11/2021 8:56:10 AM,False,7229,Accepted,
28206544,0561500,UNIV. OF LOUISVILLE POLICE,Accepted,JEFFERSON,,414,CHESTNUT,ST,E,,,,,,,38.247919355,-85.748248694,0.256,5/27/2021 12:00:00 AM,0835,2,2,0,0,CLEAR,DRY,True,COLLISION IN PARKING LOT,BACKING,STRAIGHT & LEVEL,DAYLIGHT,,,6/2/2021 10:42:40 AM,False,5627,Accepted,
28278254,0568000,LOUISVILLE METRO POLICE DEPT,Accepted,JEFFERSON,US0060A,,TAYLOR,BLVD,,,LONGFIELD,,,,,38.198401712,-85.782763963,1.608,5/27/2021 12:00:00 AM,1235,2,2,0,2,CLEAR,DRY,False,ANGLE COLLISION - OTHER,ANGLE,STRAIGHT & LEVEL,DAYLIGHT,,,6/21/2021 8:23:59 AM,False,2308,Accepted,
28187458,0568000,LOUISVILLE METRO POLICE DEPT,Accepted,JEFFERSON,,,MUHAMMAD ALI,BLVD,E,,BROOK,,,,,38.250476688,-85.751542927,0.984,5/27/2021 12:00:00 AM,1140,2,2,0,0,CLEAR,DRY,False,SIDESWIPE-SAME DIRECTION,SIDESWIPE-SAME DIRECTION,STRAIGHT & LEVEL,DAYLIGHT,,,5/28/2021 8:43:38 AM,False,7058,Accepted,
28200809,0568000,LOUISVILLE METRO POLICE DEPT,Accepted,JEFFERSON,US0060,3400,FRANKFORT,AVE,,,,,,,,38.254016300,-85.669792783,2.772,5/27/2021 12:00:00 AM,1349,2,2,0,1,CLEAR,DRY,False,1 VEHICLE ENTERING/LEAVING ENTRANCE,ANGLE,STRAIGHT & LEVEL,DAYLIGHT,,,6/1/2021 9:27:55 AM,False,2217,Accepted,
28187426,0568000,LOUISVILLE METRO POLICE DEPT,Accepted,JEFFERSON,,,INDIAN,TRL,E,,EXETER,,,,,38.182017489,-85.670062543,2.256,5/27/2021 12:00:00 AM,2257,2,2,0,0,CLEAR,DRY,True,OTHER INTERSECTION COLLISIONS,REAR END,STRAIGHT & LEVEL,DARK-HWY LIGHTED/ON,,,5/28/2021 8:37:07 AM,False,5300,Accepted,
28188945,0561500,UNIV. OF LOUISVILLE POLICE,Accepted,JEFFERSON,,,BLOOM,ST,E,,FLOYD,,,,,38.221167655,-85.754010000,0.117,5/27/2021 12:00:00 AM,1000,3,3,0,0,CLEAR,DRY,False,COLLISION WITH PARKED VEHICLE,SIDESWIPE-OPPOSITE DIRECTION,STRAIGHT & LEVEL,DAYLIGHT,,,5/28/2021 4:34:28 PM,False,5700,Accepted,
28187392,0568000,LOUISVILLE METRO POLICE DEPT,Accepted,JEFFERSON,I 0065,,,,,,,,,,,38.191674953,-85.727336080,0.452,5/27/2021 12:00:00 AM,1429,2,2,0,0,CLEAR,DRY,True,SIDESWIPE-SAME DIRECTION,SIDESWIPE-SAME DIRECTION,STRAIGHT & LEVEL,DARK-HWY NOT LIGHTED,,,5/28/2021 8:34:25 AM,False,7341,Accepted,
28187398,0568000,LOUISVILLE METRO POLICE DEPT,Accepted,JEFFERSON,,,TEXAS,AVE,,,,KY0864,GOSS,,SAMUEL,38.226069413,-85.733197490,0.839,5/27/2021 12:00:00 AM,1630,2,2,0,0,CLEAR,DRY,False,1 VEHICLE PARKED POSITION (NOT PARKING LOT/DRIVEWAY),SIDESWIPE-SAME DIRECTION,STRAIGHT & HILLCREST,DAYLIGHT,,,5/28/2021 8:34:52 AM,False,5120,Accepted,
28187399,0568000,LOUISVILLE METRO POLICE DEPT,Accepted,JEFFERSON,KY0864,,LOGAN,ST,,,ST CATHERINE,,,,,38.235206409,-85.739610247,14.760,5/27/2021 12:00:00 AM,1230,2,2,0,0,CLEAR,DRY,False,ANGLE COLLISION - OTHER,ANGLE,STRAIGHT & LEVEL,DAYLIGHT,,,5/28/2021 8:34:57 AM,False,5304,Accepted,
28187408,0568000,LOUISVILLE METRO POLICE DEPT,Accepted,JEFFERSON,,,SHEPHERDSVILLE,RD,,,FAMOUS,,,,,38.129633417,-85.661625778,0.694,5/27/2021 12:00:00 AM,1518,2,2,0,1,CLEAR,DRY,False,ANGLE COLLISION - OTHER,ANGLE,STRAIGHT & LEVEL,DAYLIGHT,,,5/28/2021 8:35:34 AM,False,2547,Accepted,
28187417,0568000,LOUISVILLE METRO POLICE DEPT,Accepted,JEFFERSON,I 0064,,I64 W,,,,,,,,,38.223379131,-85.522569372,18.000,5/27/2021 12:00:00 AM,0848,2,2,0,1,CLOUDY,DRY,False,OTHER ROADWAY OR MID-BLOCK COLLISION,REAR END,STRAIGHT & LEVEL,DAYLIGHT,,,5/28/2021 8:36:04 AM,False,7751,Accepted,
28187414,0568000,LOUISVILLE METRO POLICE DEPT,Accepted,JEFFERSON,I 0265,,I265 E,,,,,I 0265,I265 E EXIT23 OFF RAMP TO KY155,I 0265,I265 E EXIT23 ON RAMP FROM KY155,38.184883266,-85.508386574,22.857,5/27/2021 12:00:00 AM,1815,2,2,0,0,CLEAR,DRY,False,REAR END IN TRAFFIC LANES BOTH VEHICLES MOVING,REAR END,STRAIGHT & LEVEL,DAYLIGHT,,,5/28/2021 8:35:51 AM,False,6878,Accepted,
28187415,0568000,LOUISVILLE METRO POLICE DEPT,Accepted,JEFFERSON,KY1447,,WESTPORT,RD,,,,I 0265,I265 N EXIT33 OFF RAMP TO KY1447,I 0265,I265 S EXIT33 OFF RAMP TO KY1447,38.297358649,-85.549294113,6.617,5/27/2021 12:00:00 AM,1701,3,3,0,0,CLEAR,DRY,False,SIDESWIPE COLLISION - SAME DIRECTION,SIDESWIPE-SAME DIRECTION,STRAIGHT & LEVEL,DAYLIGHT,,,5/28/2021 8:35:55 AM,False,7316,Accepted,
28187416,0568000,LOUISVILLE METRO POLICE DEPT,Accepted,JEFFERSON,I 0265,,I265 S,,,I 0071,I71 S EXIT35A RAMP TO I71 N,,,,,38.314392398,-85.581301792,34.667,5/27/2021 12:00:00 AM,1722,2,2,0,0,CLEAR,DRY,False,SIDESWIPE-SAME DIRECTION,SIDESWIPE-SAME DIRECTION,STRAIGHT & LEVEL,DAYLIGHT,,,5/28/2021 8:35:59 AM,False,7316,Accepted,
28187423,0568000,LOUISVILLE METRO POLICE DEPT,Accepted,JEFFERSON,KY1934,,GREENBELT,HWY,,KY1230,DOVER,,,,,38.175878577,-85.868634772,6.780,5/27/2021 12:00:00 AM,0004,2,2,0,0,FOG,DRY,True,ANGLE COLLISION - OTHER,ANGLE,STRAIGHT & LEVEL,DARK-HWY NOT LIGHTED,,,5/28/2021 8:36:57 AM,False,5318,Accepted,
28182929,0568000,LOUISVILLE METRO POLICE DEPT,Accepted,JEFFERSON,,5701,JOHNSONTOWN,RD,,,,,,,,38.121816979,-85.876561932,1.098,5/27/2021 12:00:00 AM,0049,2,2,0,0,FOG,DRY,False,REAR END IN TRAFFIC LANES BOTH VEHICLES MOVING,REAR END,STRAIGHT & HILLCREST,DARK-HWY LIGHTED/OFF,,,5/27/2021 8:51:46 AM,False,7362,Accepted,
28182930,0568000,LOUISVILLE METRO POLICE DEPT,Accepted,JEFFERSON,KY2052,,SHEPHERDSVILLE,RD,,,INDIAN,,,,,38.185830406,-85.659651539,3.263,5/27/2021 12:00:00 AM,0024,2,2,0,4,CLEAR,DRY,False,ANGLE COLLISION - OTHER,ANGLE,STRAIGHT & LEVEL,DARK-HWY LIGHTED/ON,,,5/27/2021 8:51:50 AM,False,5222,Accepted,