IncidentID,AgencyORI,AgencyName,IncidentStatusDesc,County,RdwyNumber,Street,RoadwayName,StreetSfx,StreetDir,IntersectionRdwy,IntersectionRdwyName,BetweenStRdwy1,BetweenStRdwyName1,BetweenStRdwy2,BetweenStRdwyName2,Latitude,Longitude,Milepoint,CollisionDate,CollisionTime,UnitsInvolved,MotorVehiclesInvolved,NumberKilled,NumberInjured,Weather,RdwyConditionCode,HitandRun,DirAnalysisCode,MannerofCollision,RdwyCharacter,LightCondition,RampFromRdwyId,RampToRdwyId,AcceptedDate,IsSecondaryCollision,OwnerBadge,IncidentStatus,
28187366,0568000,LOUISVILLE METRO POLICE DEPT,Accepted,JEFFERSON,,,PAGES,LN,W,,SEAFORTH,,,,,38.130969839,-85.872204871,1.322,5/27/2021 12:00:00 AM,1220,2,2,0,0,CLEAR,DRY,False,ANGLE COLLISION - OTHER,ANGLE,STRAIGHT & LEVEL,DAYLIGHT,,,5/28/2021 8:32:45 AM,True,2021,Accepted,
28187367,0568000,LOUISVILLE METRO POLICE DEPT,Accepted,JEFFERSON,KY0061,,JACKSON,ST,S,,,,ORMSBY,,MARRET,38.229718892,-85.748229163,11.218,5/27/2021 12:00:00 AM,1104,2,2,0,0,CLEAR,DRY,False,1 VEHICLE ENTERING/LEAVING ENTRANCE,ANGLE,CURVE & LEVEL,DAYLIGHT,,,5/28/2021 8:32:55 AM,False,5120,Accepted,
28187374,0568000,LOUISVILLE METRO POLICE DEPT,Accepted,JEFFERSON,US0031E,,BARDSTOWN,RD,,,,,,,,38.182271026,-85.628790588,8.824,5/27/2021 12:00:00 AM,1210,3,3,0,1,CLOUDY,DRY,False,OTHER ROADWAY OR MID-BLOCK COLLISION,OPPOSING LEFT TURN,STRAIGHT & LEVEL,DAYLIGHT,,,5/28/2021 8:33:19 AM,False,4693,Accepted,
28187384,0568000,LOUISVILLE METRO POLICE DEPT,Accepted,JEFFERSON,I 0264,,I264 W,,,,,,,,,38.214543610,-85.665321026,16.069,5/27/2021 12:00:00 AM,1506,2,2,0,1,CLEAR,DRY,True,SIDESWIPE COLLISION - SAME DIRECTION,SIDESWIPE-SAME DIRECTION,STRAIGHT & LEVEL,DAYLIGHT,,,5/28/2021 8:33:43 AM,False,7284,Accepted,
28187390,0568000,LOUISVILLE METRO POLICE DEPT,Accepted,JEFFERSON,,,MUHAMMAD ALI,BLVD,W,,AMY,,,,,38.257379722,-85.814158544,3.386,5/27/2021 12:00:00 AM,1620,2,2,0,0,CLEAR,DRY,False,SIDESWIPE-SAME DIRECTION,SIDESWIPE-SAME DIRECTION,STRAIGHT & LEVEL,DAYLIGHT,,,5/28/2021 8:34:09 AM,False,5132,Accepted,
28200878,0568000,LOUISVILLE METRO POLICE DEPT,Accepted,JEFFERSON,,,1ST,ST,S,,MUHAMMAD ALI,,,,,38.250629692,-85.752568429,0.378,5/27/2021 12:00:00 AM,1904,2,2,0,0,CLOUDY,DRY,False,ANGLE COLLISION - OTHER,ANGLE,STRAIGHT & LEVEL,DAYLIGHT,,,6/1/2021 9:31:55 AM,False,7239,Accepted,
28200796,0568000,LOUISVILLE METRO POLICE DEPT,Accepted,JEFFERSON,,,35TH,ST,S,,VERMONT,,,,,38.256337093,-85.807612394,0.121,5/27/2021 12:00:00 AM,1400,2,2,0,0,CLEAR,DRY,True,SIDESWIPE-SAME DIRECTION,SIDESWIPE-SAME DIRECTION,CURVE & LEVEL,DAYLIGHT,,,6/1/2021 9:27:32 AM,False,7852,Accepted,
28233804,0568000,LOUISVILLE METRO POLICE DEPT,Accepted,JEFFERSON,,,CENTRAL,AVE,,,MONTANA,,,,,38.207280311,-85.777032910,1.105,5/27/2021 12:00:00 AM,1310,2,2,0,0,CLEAR,DRY,False,COLLISION WITH PARKED VEHICLE,BACKING,STRAIGHT & LEVEL,DAYLIGHT,,,6/9/2021 8:21:43 AM,False,7191,Accepted,
28225409,0568000,LOUISVILLE METRO POLICE DEPT,Accepted,JEFFERSON,KY2251,,BARDSTOWN,RD,,,,,,,,38.193086083,-85.648806153,0.314,5/27/2021 12:00:00 AM,1116,2,2,0,1,CLEAR,DRY,False,HEAD-ON COLLISION,HEAD ON,STRAIGHT & LEVEL,DAYLIGHT,,,6/7/2021 9:50:48 AM,False,7200,Accepted,
28187393,0568000,LOUISVILLE METRO POLICE DEPT,Accepted,JEFFERSON,,,4TH,ST,S,,CENTRAL,,,,,38.205174496,-85.765567018,3.585,5/27/2021 12:00:00 AM,0930,1,1,0,1,CLOUDY,DRY,False,COLLISION WITH FIXED OBJECT IN INTERSECTION - FIRST EVENT COLLISION 09 - 32,SINGLE VEHICLE,STRAIGHT & LEVEL,DAYLIGHT,,,5/28/2021 8:34:35 AM,False,5372,Accepted,
28187355,0568000,LOUISVILLE METRO POLICE DEPT,Accepted,JEFFERSON,KY1020,,NATIONAL,TPKE,,,,,,,,38.126716048,-85.748907047,3.648,5/27/2021 12:00:00 AM,0655,3,3,0,0,CLOUDY,DRY,True,1 VEHICLE ENTERING/LEAVING ENTRANCE,ANGLE,STRAIGHT & LEVEL,DAYLIGHT,,,5/28/2021 8:31:24 AM,False,7720,Accepted,
28187369,0568000,LOUISVILLE METRO POLICE DEPT,Accepted,JEFFERSON,US0150,,BROADWAY,,W,,4TH,,,,,38.246066911,-85.758341452,2.380,5/27/2021 12:00:00 AM,1242,2,1,0,1,CLEAR,DRY,False,COLLISION WITH PEDESTRIAN IN INTERSECTION,SINGLE VEHICLE,STRAIGHT & LEVEL,DAYLIGHT,,,5/28/2021 8:33:07 AM,False,5105,Accepted,
28187371,0568000,LOUISVILLE METRO POLICE DEPT,Accepted,JEFFERSON,KY1065,,OUTER,LOOP,,,,,LAMBERT,,NOLTEMEYER WYNDE,38.138252507,-85.680267556,6.418,5/27/2021 12:00:00 AM,1318,2,2,0,1,CLEAR,DRY,False,OTHER ROADWAY OR MID-BLOCK COLLISION,REAR END,STRAIGHT & LEVEL,DAYLIGHT,,,5/28/2021 8:33:14 AM,False,7989,Accepted,
28187386,0568000,LOUISVILLE METRO POLICE DEPT,Accepted,JEFFERSON,KY2251,,BARDSTOWN,RD,,,,,,,,38.198054885,-85.658153208,0.924,5/27/2021 12:00:00 AM,1500,2,2,0,1,CLEAR,DRY,False,OTHER ROADWAY OR MID-BLOCK COLLISION,REAR TO REAR,STRAIGHT & LEVEL,DAYLIGHT,,,5/28/2021 8:33:50 AM,False,5335,Accepted,
28187387,0568000,LOUISVILLE METRO POLICE DEPT,Accepted,JEFFERSON,,,CHESTNUT,ST,W,,18TH,,,,,38.251510987,-85.781073372,1.089,5/27/2021 12:00:00 AM,1345,2,2,0,1,CLEAR,DRY,True,OTHER INTERSECTION COLLISIONS,REAR END,,DAYLIGHT,,,5/28/2021 8:33:54 AM,False,5354,Accepted,
28187388,0568000,LOUISVILLE METRO POLICE DEPT,Accepted,JEFFERSON,,4623,PINEWOOD,RD,,,,,,,,38.186965117,-85.692508861,0.114,5/27/2021 12:00:00 AM,1409,3,3,0,0,CLEAR,DRY,False,1 VEHICLE PARKED POSITION (NOT PARKING LOT/DRIVEWAY),HEAD ON,STRAIGHT & LEVEL,DAYLIGHT,,,5/28/2021 8:34:02 AM,False,5001,Accepted,
28187403,0568000,LOUISVILLE METRO POLICE DEPT,Accepted,JEFFERSON,,,ZORN,AVE,,,COUNTRY CLUB,,,,,38.270689294,-85.694070087,1.199,5/27/2021 12:00:00 AM,1242,2,2,0,2,CLEAR,DRY,False,ANGLE COLLISION - OTHER,ANGLE,STRAIGHT & LEVEL,DAYLIGHT,,,5/28/2021 8:35:24 AM,False,2413,Accepted,
28187405,0568000,LOUISVILLE METRO POLICE DEPT,Accepted,JEFFERSON,US0031E,,BARDSTOWN,RD,,,EMRICH,,,,,38.167957940,-85.603578220,7.140,5/27/2021 12:00:00 AM,1704,2,2,0,0,CLEAR,DRY,False,ANGLE COLLISION - OTHER,ANGLE,STRAIGHT & LEVEL,DAYLIGHT,,,5/28/2021 8:35:30 AM,False,5363,Accepted,
28182931,0568000,LOUISVILLE METRO POLICE DEPT,Accepted,JEFFERSON,KY1865,,NEW CUT,RD,,,,,,,,38.121914776,-85.776983328,0.934,5/27/2021 12:00:00 AM,0100,2,1,0,1,CLEAR,DRY,True,COLLISION WITH PEDESTRIAN NON - INTERSECTION,SINGLE VEHICLE,STRAIGHT & LEVEL,DARK-HWY LIGHTED/ON,,,5/27/2021 8:51:54 AM,False,5259,Accepted,
28187418,0568000,LOUISVILLE METRO POLICE DEPT,Accepted,JEFFERSON,,6313,RIVER,RD,,,,,,,,38.324282886,-85.642695145,4.362,5/27/2021 12:00:00 AM,1126,2,2,0,0,CLOUDY,DRY,True,COLLISION IN PARKING LOT,BACKING,STRAIGHT & LEVEL,OTHER,,,5/28/2021 8:36:13 AM,False,7751,Accepted,
28187419,0568000,LOUISVILLE METRO POLICE DEPT,Accepted,JEFFERSON,,4425,GREENWOOD,AVE,,,,,,,,38.244740874,-85.827212030,2.292,5/27/2021 12:00:00 AM,1820,2,2,0,2,CLEAR,DRY,False,1 VEHICLE PARKED POSITION (NOT PARKING LOT/DRIVEWAY),REAR END,STRAIGHT & LEVEL,DAYLIGHT,,,5/28/2021 8:36:33 AM,False,7381,Accepted,
28187412,0568000,LOUISVILLE METRO POLICE DEPT,Accepted,JEFFERSON,I 0264,,I264 W,,,,,,,,,38.215326366,-85.663720882,16.171,5/27/2021 12:00:00 AM,1515,2,2,0,1,CLEAR,DRY,False,SIDESWIPE COLLISION - SAME DIRECTION,SIDESWIPE-SAME DIRECTION,STRAIGHT & LEVEL,DAYLIGHT,,,5/28/2021 8:35:42 AM,True,6813,Accepted,
28187413,0568000,LOUISVILLE METRO POLICE DEPT,Accepted,JEFFERSON,KY0913C,,BLANKENBAKER ACCESS,DR,,KY0913,BLANKENBAKER,,,,,38.196186045,-85.548198474,0.488,5/27/2021 12:00:00 AM,1743,2,2,0,0,CLEAR,DRY,True,OTHER INTERSECTION COLLISIONS,REAR END,STRAIGHT & GRADE,DAYLIGHT,,,5/28/2021 8:35:45 AM,False,6937,Accepted,
28187421,0568000,LOUISVILLE METRO POLICE DEPT,Accepted,JEFFERSON,,,MUHAMMAD ALI,BLVD,W,,32ND,,,,,38.256383919,-85.804970087,2.875,5/27/2021 12:00:00 AM,1957,2,2,0,0,CLEAR,DRY,False,ANGLE COLLISION - OTHER,ANGLE,STRAIGHT & LEVEL,DAYLIGHT,,,5/28/2021 8:36:49 AM,False,5355,Accepted,
28187422,0568000,LOUISVILLE METRO POLICE DEPT,Accepted,JEFFERSON,,6506,BROOK BEND,WAY,,,,,,,,38.103543376,-85.648374337,0.118,5/27/2021 12:00:00 AM,0559,1,1,0,1,CLEAR,DRY,False,COLLISION IN PARKING LOT,SINGLE VEHICLE,STRAIGHT & LEVEL,UNKNOWN,,,5/28/2021 8:36:53 AM,False,5184,Accepted,
28182941,0568000,LOUISVILLE METRO POLICE DEPT,Accepted,JEFFERSON,KY1447,,WESTPORT,RD,,,,,,,,38.278968238,-85.596089194,3.787,5/27/2021 12:00:00 AM,0500,2,2,0,1,CLEAR,DRY,False,1 VEHICLE ENTERING/LEAVING ENTRANCE,ANGLE,STRAIGHT & GRADE,DUSK,,,5/27/2021 8:52:16 AM,False,2346,Accepted,
28182942,0568000,LOUISVILLE METRO POLICE DEPT,Accepted,JEFFERSON,,,MARKET,ST,W,,,,,,,38.262773408,-85.816422825,1.662,5/27/2021 12:00:00 AM,0115,2,2,0,0,CLOUDY,DRY,True,SIDESWIPE COLLISION - SAME DIRECTION,SIDESWIPE-SAME DIRECTION,STRAIGHT & LEVEL,DARK-HWY LIGHTED/ON,,,5/27/2021 8:52:20 AM,False,5369,Accepted,
28210415,0568000,LOUISVILLE METRO POLICE DEPT,Accepted,JEFFERSON,,,JEFFERSON,ST,E,,BROOK,,,,,38.253120240,-85.750397783,0.959,5/27/2021 12:00:00 AM,1610,2,2,0,0,CLEAR,DRY,True,SIDESWIPE-SAME DIRECTION,SIDESWIPE-SAME DIRECTION,STRAIGHT & LEVEL,DAYLIGHT,,,6/3/2021 9:02:52 AM,False,7058,Accepted,
28205920,0568000,LOUISVILLE METRO POLICE DEPT,Accepted,JEFFERSON,,,MUHAMMAD ALI,BLVD,W,,,,5TH,,ARMORY,38.251382175,-85.759756701,0.397,5/27/2021 12:00:00 AM,1918,2,2,0,1,CLEAR,DRY,False,SIDESWIPE COLLISION - SAME DIRECTION,SIDESWIPE-SAME DIRECTION,STRAIGHT & LEVEL,DAYLIGHT,,,6/2/2021 8:53:13 AM,False,2854,Accepted,
28200975,0568000,LOUISVILLE METRO POLICE DEPT,Accepted,JEFFERSON,I 0064,,,,,,,,,,,38.236658567,-85.619612378,0.503,5/27/2021 12:00:00 AM,1158,1,1,0,1,CLEAR,DRY,False,COLLISION WITH FIXED OBJECT NOT IN GORE ,SINGLE VEHICLE,CURVE & GRADE,DAYLIGHT,I 0064,I 0064,6/1/2021 9:36:07 AM,False,5002,Accepted,
28182943,0568000,LOUISVILLE METRO POLICE DEPT,Accepted,JEFFERSON,I 0071,,I71 N,,,,,,,,,38.319143938,-85.566276345,10.003,5/26/2021 12:00:00 AM,1234,1,1,0,1,RAINING,WET,False,OTHER ROADWAY OR MID-BLOCK COLLISION,SINGLE VEHICLE,STRAIGHT & LEVEL,DAYLIGHT,,,5/27/2021 8:52:24 AM,False,7751,Accepted,
28183467,0568000,LOUISVILLE METRO POLICE DEPT,Accepted,JEFFERSON,KY1703,,NEWBURG,RD,,,RICHMOND,,,,,38.220402805,-85.709915076,4.107,5/26/2021 12:00:00 AM,0055,1,1,0,0,CLEAR,DRY,False,COLLISION WITH FIXED OBJECT IN INTERSECTION - FIRST EVENT COLLISION 09 - 32,SINGLE VEHICLE,CURVE & GRADE,DARK-HWY LIGHTED/ON,,,5/27/2021 10:59:07 AM,False,2034,Accepted,
28187363,0568000,LOUISVILLE METRO POLICE DEPT,Accepted,JEFFERSON,KY0061,,PRESTON,HWY,,,,,RACHEL,,MINOR,38.145436288,-85.690632556,4.409,5/26/2021 12:00:00 AM,1745,2,2,0,0,CLOUDY,DRY,False,1 VEHICLE ENTERING/LEAVING ENTRANCE,ANGLE,STRAIGHT & LEVEL,DAYLIGHT,,,5/28/2021 8:31:58 AM,False,7397,Accepted,
28182918,0568000,LOUISVILLE METRO POLICE DEPT,Accepted,JEFFERSON,I 0264,,I264 E,,,,,,,,,38.186765963,-85.791090512,8.682,5/26/2021 12:00:00 AM,1132,2,2,0,0,CLOUDY,WET,True,SIDESWIPE COLLISION - SAME DIRECTION,SIDESWIPE-SAME DIRECTION,STRAIGHT & GRADE,DAYLIGHT,,,5/27/2021 8:51:25 AM,False,7402,Accepted,
28182923,0568000,LOUISVILLE METRO POLICE DEPT,Accepted,JEFFERSON,KY1865,,NEW CUT,RD,,,WILDERNESS,,,,,38.153802562,-85.777071365,3.230,5/26/2021 12:00:00 AM,1639,3,3,0,0,CLOUDY,DRY,True,OPPOSING LEFT TURN,OPPOSING LEFT TURN,,DAYLIGHT,,,5/27/2021 8:51:35 AM,False,7427,Accepted,
28182926,0568000,LOUISVILLE METRO POLICE DEPT,Accepted,JEFFERSON,KY0864,,POPLAR LEVEL,RD,,,,,,,,38.195363880,-85.707656029,11.309,5/26/2021 12:00:00 AM,2248,2,2,0,1,CLEAR,DRY,False,1 VEHICLE ENTERING/LEAVING ENTRANCE,ANGLE,STRAIGHT & LEVEL,DARK-HWY NOT LIGHTED,,,5/27/2021 8:51:39 AM,False,5342,Accepted,
28182934,0568000,LOUISVILLE METRO POLICE DEPT,Accepted,JEFFERSON,,,CLAY,ST,S,,CALDWELL,,,,,38.238662505,-85.742603170,1.138,5/26/2021 12:00:00 AM,1922,2,2,0,2,CLEAR,DRY,False,ANGLE COLLISION - OTHER,ANGLE,STRAIGHT & LEVEL,DAYLIGHT,,,5/27/2021 8:52:02 AM,False,5230,Accepted,
28182909,0568000,LOUISVILLE METRO POLICE DEPT,Accepted,JEFFERSON,KY1934,,CANE RUN,RD,,,NEW LYNNVIEW,,,,,38.189196885,-85.850118052,8.194,5/26/2021 12:00:00 AM,1254,2,2,0,0,RAINING,WET,False,ANGLE COLLISION - OTHER,ANGLE,STRAIGHT & LEVEL,DAYLIGHT,,,5/27/2021 8:51:05 AM,False,5032,Accepted,
28182907,0568000,LOUISVILLE METRO POLICE DEPT,Accepted,JEFFERSON,KY0061,,PRESTON,ST,S,,,,BRECKINRIDGE,,LAMPTON,38.241390629,-85.748244123,11.981,5/26/2021 12:00:00 AM,1642,2,2,0,1,CLOUDY,DRY,False,REAR END IN TRAFFIC LANES BOTH VEHICLES MOVING,REAR END,STRAIGHT & LEVEL,DAYLIGHT,,,5/27/2021 8:50:57 AM,False,5120,Accepted,
28182908,0568000,LOUISVILLE METRO POLICE DEPT,Accepted,JEFFERSON,US0042,,BROWNSBORO,RD,,,BIRCHWOOD,,,,,38.259581332,-85.692484604,2.371,5/26/2021 12:00:00 AM,1655,2,2,0,2,CLOUDY,DRY,False,ANGLE COLLISION - OTHER,ANGLE,STRAIGHT & LEVEL,DAYLIGHT,,,5/27/2021 8:51:01 AM,True,2413,Accepted,
28178104,0568000,LOUISVILLE METRO POLICE DEPT,Accepted,JEFFERSON,,,RIVER PARK,DR,,I 0264,I264 E EXIT2 ON RAMP FROM  RIVER PARK DR,,,,,38.254331441,-85.806382055,1.128,5/26/2021 12:00:00 AM,0214,2,2,0,0,CLEAR,DRY,False,ANGLE COLLISION - OTHER,ANGLE,STRAIGHT & LEVEL,DARK-HWY LIGHTED/ON,,,5/26/2021 8:24:40 AM,False,5285,Accepted,
28182864,0568000,LOUISVILLE METRO POLICE DEPT,Accepted,JEFFERSON,I 0264,,,,,I 0264,I264 E,,,,,38.206459025,-85.828673029,0.142,5/26/2021 12:00:00 AM,0957,1,1,0,1,CLEAR,DRY,False,OTHER INTERSECTION COLLISIONS,SINGLE VEHICLE,STRAIGHT & HILLCREST,DAYLIGHT,,,5/27/2021 8:49:24 AM,False,5208,Accepted,
28182865,0568000,LOUISVILLE METRO POLICE DEPT,Accepted,JEFFERSON,,325,SOUTHSIDE,CT,E,,,,,,,38.160392023,-85.756006218,0.155,5/26/2021 12:00:00 AM,0811,1,1,0,0,CLOUDY,DRY,True,COLLISION WITH FIXED OBJECT NON - INTERSECTION - FIRST EVENT COLLISION 09 - 32 EXCLUDING 16,SINGLE VEHICLE,STRAIGHT & LEVEL,DAYLIGHT,,,5/27/2021 8:49:27 AM,False,7768,Accepted,
28182873,0568000,LOUISVILLE METRO POLICE DEPT,Accepted,JEFFERSON,US0031E,,BARDSTOWN,RD,,,FERNDALE,,,,,38.155405762,-85.589926706,5.952,5/26/2021 12:00:00 AM,1202,2,2,0,3,RAINING,WET,False,HEAD-ON COLLISION,HEAD ON,STRAIGHT & GRADE,DAYLIGHT,,,5/27/2021 8:49:48 AM,False,2017,Accepted,
28182882,0568000,LOUISVILLE METRO POLICE DEPT,Accepted,JEFFERSON,US0060A,,EASTERN,PKWY,,US0031E,BARDSTOWN,,,,,38.231938579,-85.709351632,6.827,5/26/2021 12:00:00 AM,1348,2,2,0,0,RAINING,WET,False,ANGLE COLLISION - OTHER,ANGLE,STRAIGHT & LEVEL,DAYLIGHT,,,5/27/2021 8:50:04 AM,False,7900,Accepted,
28182906,0568000,LOUISVILLE METRO POLICE DEPT,Accepted,JEFFERSON,US0031E,,BARDSTOWN,RD,,,FERN CREEK,,,,,38.157537415,-85.590914052,6.103,5/26/2021 12:00:00 AM,1513,2,2,0,0,RAINING,WET,False,OTHER INTERSECTION COLLISIONS,REAR END,STRAIGHT & LEVEL,DAYLIGHT,,,5/27/2021 8:50:54 AM,False,5363,Accepted,
28182914,0568000,LOUISVILLE METRO POLICE DEPT,Accepted,JEFFERSON,KY1934,,CANE RUN,RD,,,TERRY,,,,,38.178051385,-85.861866233,7.183,5/26/2021 12:00:00 AM,1618,2,2,0,0,CLOUDY,DRY,False,ANGLE COLLISION - OTHER,ANGLE,STRAIGHT & LEVEL,DAYLIGHT,,,5/27/2021 8:51:15 AM,False,7234,Accepted,
28182866,0568000,LOUISVILLE METRO POLICE DEPT,Accepted,JEFFERSON,,1321,EVERETT,AVE,,,,,,,,38.236643926,-85.712138923,0.198,5/26/2021 12:00:00 AM,1048,2,2,0,0,RAINING,WET,False,1 VEHICLE PARKED POSITION (NOT PARKING LOT/DRIVEWAY),SIDESWIPE-SAME DIRECTION,STRAIGHT & LEVEL,DAYLIGHT,,,5/27/2021 8:49:30 AM,False,5311,Accepted,
28182867,0568000,LOUISVILLE METRO POLICE DEPT,Accepted,JEFFERSON,I 0065,,I65 N,,,,,,,,,38.206426049,-85.745450601,132.225,5/26/2021 12:00:00 AM,1134,2,2,0,1,RAINING,WET,True,SIDESWIPE COLLISION - SAME DIRECTION,SIDESWIPE-SAME DIRECTION,CURVE & LEVEL,DAYLIGHT,,,5/27/2021 8:49:34 AM,False,7772,Accepted,
28182875,0568000,LOUISVILLE METRO POLICE DEPT,Accepted,JEFFERSON,,1417,WALTER,AVE,,,,,,,,38.176286897,-85.779141145,0.099,5/26/2021 12:00:00 AM,0951,2,2,0,0,CLEAR,DRY,False,1 VEHICLE ENTERING/LEAVING ENTRANCE,ANGLE,STRAIGHT & LEVEL,DAYLIGHT,,,5/27/2021 8:49:52 AM,False,5352,Accepted,
28182899,0568000,LOUISVILLE METRO POLICE DEPT,Accepted,JEFFERSON,KY0061,,PRESTON,HWY,,,,,PINECROFT,,LAMBERT,38.134712111,-85.684695348,3.654,5/26/2021 12:00:00 AM,1610,2,2,0,0,CLOUDY,WET,False,1 VEHICLE ENTERING/LEAVING ENTRANCE,ANGLE,STRAIGHT & LEVEL,DAYLIGHT,,,5/27/2021 8:50:35 AM,False,7397,Accepted,
28182932,0568000,LOUISVILLE METRO POLICE DEPT,Accepted,JEFFERSON,KY1932,,BRECKENRIDGE,LN,,,GREENWICH,,,,,38.193542764,-85.625516625,0.848,5/26/2021 12:00:00 AM,2226,1,1,0,0,CLOUDY,DRY,False,COLLISION WITH ANIMAL IN INTERSECTION,SINGLE VEHICLE,STRAIGHT & LEVEL,DARK (UNKNOWN ROADWAY LIGHTING),,,5/27/2021 8:51:59 AM,False,7828,Accepted,
28187378,0568000,LOUISVILLE METRO POLICE DEPT,Accepted,JEFFERSON,US0031E,,BARDSTOWN,RD,,KY1747,HURSTBOURNE,,,,,38.169127345,-85.605544828,7.275,5/26/2021 12:00:00 AM,2251,3,3,0,0,CLEAR,DRY,False,OTHER INTERSECTION COLLISIONS,REAR END,STRAIGHT & LEVEL,DARK-HWY LIGHTED/ON,,,5/28/2021 8:33:28 AM,False,5349,Accepted,
28187385,0568000,LOUISVILLE METRO POLICE DEPT,Accepted,JEFFERSON,US0031E,,BARDSTOWN,RD,,,GOLDSMITH,,,,,38.208198066,-85.668605040,11.748,5/26/2021 12:00:00 AM,1842,2,2,0,1,CLEAR,WET,False,OTHER INTERSECTION COLLISIONS,REAR END,STRAIGHT & LEVEL,DAYLIGHT,,,5/28/2021 8:33:47 AM,False,5191,Accepted,
28178098,0568000,LOUISVILLE METRO POLICE DEPT,Accepted,JEFFERSON,,,INDIAN,TRL,E,KY0864,POPLAR LEVEL,,,,,38.171617281,-85.684847774,1.207,5/26/2021 12:00:00 AM,0000,2,2,0,0,CLEAR,DRY,False,ANGLE COLLISION - OTHER,ANGLE,STRAIGHT & LEVEL,DARK-HWY LIGHTED/ON,,,5/26/2021 8:24:14 AM,False,5165,Accepted,
28178099,0568000,LOUISVILLE METRO POLICE DEPT,Accepted,JEFFERSON,,,SOUTHVIEW,RD,,,SOUTHDALE,,,,,38.151930899,-85.779046811,0.247,5/26/2021 12:00:00 AM,0110,1,1,0,0,CLEAR,DRY,True,COLLISION WITH FIXED OBJECT IN INTERSECTION - FIRST EVENT COLLISION 09 - 32,SINGLE VEHICLE,STRAIGHT & GRADE,DARK-HWY LIGHTED/ON,,,5/26/2021 8:24:18 AM,False,5220,Accepted,
28178108,0568000,LOUISVILLE METRO POLICE DEPT,Accepted,JEFFERSON,KY1934,,GREENBELT,HWY,,KY1230,LOWER RIVER,,,,,38.098183931,-85.891922725,1.035,5/26/2021 12:00:00 AM,0420,2,2,0,0,CLEAR,DRY,True,HEAD-ON COLLISION,HEAD ON,CURVE & LEVEL,DARK-HWY NOT LIGHTED,,,5/26/2021 8:24:55 AM,False,5033,Accepted,
28178109,0568000,LOUISVILLE METRO POLICE DEPT,Accepted,JEFFERSON,KY1065,,OUTER,LOOP,,,MINOR,,,,,38.136328931,-85.697243808,5.460,5/26/2021 12:00:00 AM,0024,2,2,0,2,CLEAR,DRY,False,HEAD-ON COLLISION,HEAD ON,CURVE & LEVEL,DARK-HWY LIGHTED/ON,,,5/26/2021 8:24:58 AM,False,5336,Accepted,
28182868,0568000,LOUISVILLE METRO POLICE DEPT,Accepted,JEFFERSON,,4400,PAGES,LN,E,,,,,,,38.125170833,-85.842645763,0.466,5/26/2021 12:00:00 AM,0852,2,2,0,1,CLEAR,DRY,False,1 VEHICLE ENTERING/LEAVING ENTRANCE,ANGLE,STRAIGHT & GRADE,DAYLIGHT,,,5/27/2021 8:49:37 AM,False,5371,Accepted,
28241921,0561000,JEFFERSONTOWN POLICE DEPT,Accepted,JEFFERSON,US0060,,SHELBYVILLE,RD,,,LOCUST CREEK,,,,,38.235451588,-85.425452377,16.471,5/26/2021 12:00:00 AM,1724,1,1,0,0,CLEAR,WET,True,COLLISION WITH FIXED OBJECT IN INTERSECTION - FIRST EVENT COLLISION 09 - 32,SINGLE VEHICLE,STRAIGHT & LEVEL,DAYLIGHT,,,6/11/2021 6:44:14 AM,False,8302,Accepted,
28181526,0561000,JEFFERSONTOWN POLICE DEPT,Accepted,JEFFERSON,,,STONY BROOK,DR,,,LA COSTA,,,,,38.187972973,-85.595080347,1.338,5/26/2021 12:00:00 AM,1807,2,2,0,0,CLOUDY,WET,False,ANGLE COLLISION - ONE VEHICLE TURNING LEFT,ANGLE,STRAIGHT & GRADE,DAYLIGHT,,,5/26/2021 11:48:29 PM,False,8265,Accepted,
28182903,0568000,LOUISVILLE METRO POLICE DEPT,Accepted,JEFFERSON,US0031E,,BARDSTOWN,RD,,,CEDAR CREEK,,,,,38.134144099,-85.579603175,4.373,5/26/2021 12:00:00 AM,1528,2,2,0,0,RAINING,WET,False,ANGLE COLLISION - OTHER,ANGLE,STRAIGHT & LEVEL,DAYLIGHT,,,5/27/2021 8:50:46 AM,False,6878,Accepted,
28182904,0568000,LOUISVILLE METRO POLICE DEPT,Accepted,JEFFERSON,US0031E,,BARDSTOWN,RD,,,EMRICH,,,,,38.167967295,-85.603632991,7.139,5/26/2021 12:00:00 AM,1246,2,2,0,0,RAINING,WET,False,ANGLE COLLISION - OTHER,ANGLE,STRAIGHT & LEVEL,DAYLIGHT,,,5/27/2021 8:50:50 AM,False,5363,Accepted,
28182911,0568000,LOUISVILLE METRO POLICE DEPT,Accepted,JEFFERSON,US0031E,,BARDSTOWN,RD,,,LONG HOME,,,,,38.121551828,-85.572549523,3.422,5/26/2021 12:00:00 AM,1701,2,2,0,2,CLOUDY,WET,False,ANGLE COLLISION - OTHER,ANGLE,STRAIGHT & LEVEL,DAYLIGHT,,,5/27/2021 8:51:09 AM,False,6937,Accepted,
28182920,0568000,LOUISVILLE METRO POLICE DEPT,Accepted,JEFFERSON,,,ARCADE,AVE,,,UTAH,,,,,38.206302367,-85.784646371,0.335,5/26/2021 12:00:00 AM,1531,2,2,0,4,CLOUDY,WET,False,ANGLE COLLISION - OTHER,ANGLE,STRAIGHT & LEVEL,DAYLIGHT,,,5/27/2021 8:51:28 AM,False,7402,Accepted,