IncidentID,AgencyORI,AgencyName,IncidentStatusDesc,County,RdwyNumber,Street,RoadwayName,StreetSfx,StreetDir,IntersectionRdwy,IntersectionRdwyName,BetweenStRdwy1,BetweenStRdwyName1,BetweenStRdwy2,BetweenStRdwyName2,Latitude,Longitude,Milepoint,CollisionDate,CollisionTime,UnitsInvolved,MotorVehiclesInvolved,NumberKilled,NumberInjured,Weather,RdwyConditionCode,HitandRun,DirAnalysisCode,MannerofCollision,RdwyCharacter,LightCondition,RampFromRdwyId,RampToRdwyId,AcceptedDate,IsSecondaryCollision,OwnerBadge,IncidentStatus,
28182871,0568000,LOUISVILLE METRO POLICE DEPT,Accepted,JEFFERSON,KY1065,,OUTER,LOOP,,,,,APPLE VALLEY,KY6161,KY6161,38.137536016,-85.618755586,9.807,5/26/2021 12:00:00 AM,0847,2,2,0,0,CLEAR,DRY,False,1 VEHICLE ENTERING/LEAVING ENTRANCE,ANGLE,STRAIGHT & LEVEL,DAYLIGHT,,,5/27/2021 8:49:45 AM,False,2017,Accepted,
28182879,0568000,LOUISVILLE METRO POLICE DEPT,Accepted,JEFFERSON,US0031W,,DIXIE,HWY,,,,US0031W,US31W RAMP FROM KY841,,BETHANY,38.094739959,-85.874398891,7.653,5/26/2021 12:00:00 AM,0749,1,1,0,0,CLOUDY,DRY,False,OTHER COLLISIONS ON SHOULDER,SINGLE VEHICLE,STRAIGHT & LEVEL,DAYLIGHT,,,5/27/2021 8:49:59 AM,False,6877,Accepted,
28182887,0568000,LOUISVILLE METRO POLICE DEPT,Accepted,JEFFERSON,,,FLOYD,ST,S,US0150,BROADWAY,,,,,38.245455494,-85.749710377,0.714,5/26/2021 12:00:00 AM,1322,2,2,0,0,RAINING,WET,False,ANGLE COLLISION - OTHER,ANGLE,STRAIGHT & LEVEL,DAYLIGHT,,,5/27/2021 8:50:10 AM,False,7239,Accepted,
28178107,0568000,LOUISVILLE METRO POLICE DEPT,Accepted,JEFFERSON,I 0064,,I64 W,,,,,,,,,38.232258254,-85.606339802,13.259,5/26/2021 12:00:00 AM,0155,3,3,0,0,CLEAR,DRY,False,SIDESWIPE COLLISION - SAME DIRECTION,SIDESWIPE-SAME DIRECTION,STRAIGHT & LEVEL,DARK-HWY LIGHTED/OFF,,,5/26/2021 8:24:51 AM,False,7436,Accepted,
28182897,0568000,LOUISVILLE METRO POLICE DEPT,Accepted,JEFFERSON,US0150,,BROADWAY,,E,,HANCOCK,,,,,38.244992652,-85.743556882,3.188,5/26/2021 12:00:00 AM,1118,2,2,0,0,RAINING,WET,False,ANGLE COLLISION - OTHER,ANGLE,STRAIGHT & LEVEL,DAYLIGHT,,,5/27/2021 8:50:31 AM,False,7904,Accepted,
28182902,0568000,LOUISVILLE METRO POLICE DEPT,Accepted,JEFFERSON,,434,HILLCREST,AVE,,,,,ZORN,,REBEL,38.261724455,-85.686756052,0.522,5/26/2021 12:00:00 AM,1632,1,1,0,0,CLEAR,DRY,True,OTHER COLLISIONS ON SHOULDER,SINGLE VEHICLE,STRAIGHT & GRADE,DAYLIGHT,,,5/27/2021 8:50:43 AM,False,7128,Accepted,
28187381,0568000,LOUISVILLE METRO POLICE DEPT,Accepted,JEFFERSON,,701,ORMSBY,AVE,W,,,,,,,38.233307750,-85.765771416,0.550,5/26/2021 12:00:00 AM,1600,2,2,0,0,CLOUDY,DRY,False,COLLISION IN PARKING LOT,SIDESWIPE-SAME DIRECTION,STRAIGHT & LEVEL,DAYLIGHT,,,5/28/2021 8:33:35 AM,False,7826,Accepted,
28187389,0568000,LOUISVILLE METRO POLICE DEPT,Accepted,JEFFERSON,US0060A,,LEXINGTON,RD,,KY2048,CANNONS,,,,,38.249620248,-85.666928357,9.969,5/26/2021 12:00:00 AM,1609,2,2,0,1,CLOUDY,DRY,False,OPPOSING LEFT TURN,OPPOSING LEFT TURN,STRAIGHT & LEVEL,DAYLIGHT,,,5/28/2021 8:34:05 AM,False,2673,Accepted,
28182928,0568000,LOUISVILLE METRO POLICE DEPT,Accepted,JEFFERSON,US0150,,BROADWAY,,W,,15TH,,,,,38.248197367,-85.776563775,1.380,5/26/2021 12:00:00 AM,2222,2,2,0,0,CLOUDY,WET,False,ANGLE COLLISION - OTHER,ANGLE,STRAIGHT & LEVEL,DARK-HWY LIGHTED/ON,,,5/27/2021 8:51:42 AM,False,5355,Accepted,
28187359,0568000,LOUISVILLE METRO POLICE DEPT,Accepted,JEFFERSON,,,BLANTON,LN,,,,,,,,38.156459963,-85.829024344,0.314,5/26/2021 12:00:00 AM,1235,1,1,0,0,RAINING,WET,False,COLLISION WITH FIXED OBJECT NON - INTERSECTION - FIRST EVENT COLLISION 09 - 32 EXCLUDING 16,SINGLE VEHICLE,CURVE & HILLCREST,DAYLIGHT,,,5/28/2021 8:31:52 AM,False,7244,Accepted,
28182921,0568000,LOUISVILLE METRO POLICE DEPT,Accepted,JEFFERSON,KY1865,,NEW CUT,RD,,,,,,,,38.119035276,-85.776958683,0.735,5/26/2021 12:00:00 AM,1635,2,2,0,1,CLOUDY,DRY,False,REAR END IN TRAFFIC LANES BOTH VEHICLES MOVING,REAR END,STRAIGHT & LEVEL,DAYLIGHT,,,5/27/2021 8:51:32 AM,False,7427,Accepted,
28182869,0568000,LOUISVILLE METRO POLICE DEPT,Accepted,JEFFERSON,,,15TH,ST,S,US0031W,MARKET,,,,,38.257259935,-85.774985656,2.210,5/26/2021 12:00:00 AM,1129,2,2,0,0,RAINING,WET,False,ANGLE COLLISION - OTHER,ANGLE,STRAIGHT & LEVEL,DAYLIGHT,,,5/27/2021 8:49:41 AM,False,5354,Accepted,
28182937,0568000,LOUISVILLE METRO POLICE DEPT,Accepted,JEFFERSON,,,GUTHRIE,ST,,KY1020,2ND,,,,,38.249713491,-85.754436991,0.002,5/26/2021 12:00:00 AM,2047,1,1,0,1,CLEAR,DRY,False,COLLISION WITH FIXED OBJECT IN INTERSECTION - FIRST EVENT COLLISION 09 - 32,SINGLE VEHICLE,STRAIGHT & LEVEL,DAYLIGHT,,,5/27/2021 8:52:06 AM,False,7386,Accepted,
28200794,0568000,LOUISVILLE METRO POLICE DEPT,Accepted,JEFFERSON,,,HANCOCK,ST,S,US0031E,MARKET,,,,,38.253693769,-85.741991085,0.090,5/26/2021 12:00:00 AM,1900,1,1,0,0,CLEAR,DRY,True,OTHER INTERSECTION COLLISIONS,SINGLE VEHICLE,STRAIGHT & LEVEL,DAYLIGHT,,,6/1/2021 9:27:29 AM,False,7058,Accepted,
28251545,0568000,LOUISVILLE METRO POLICE DEPT,Accepted,JEFFERSON,KY0022,,BALLARDSVILLE,RD,,,HICKORY FOREST,,,,,38.316734768,-85.556733402,5.098,5/25/2021 12:00:00 AM,2319,1,1,0,0,CLEAR,DRY,False,OTHER INTERSECTION COLLISIONS,SINGLE VEHICLE,STRAIGHT & HILLCREST,DARK-HWY LIGHTED/OFF,,,6/14/2021 8:56:20 AM,False,7436,Accepted,
28200859,0568000,LOUISVILLE METRO POLICE DEPT,Accepted,JEFFERSON,,,CENTRAL,AVE,,KY1020,3RD,,,,,38.204553920,-85.763997665,0.362,5/25/2021 12:00:00 AM,1424,2,2,0,0,CLEAR,DRY,False,OTHER INTERSECTION COLLISIONS,REAR END,STRAIGHT & LEVEL,DAYLIGHT,,,6/1/2021 9:30:17 AM,False,5297,Accepted,
28182863,0568000,LOUISVILLE METRO POLICE DEPT,Accepted,JEFFERSON,KY6162,,KY6162 TURN LANE,,,,,,,,,38.136266881,-85.713099223,0.011,5/25/2021 12:00:00 AM,1413,2,2,0,0,CLOUDY,DRY,False,1 VEHICLE ENTERING/LEAVING ENTRANCE,ANGLE,CURVE & GRADE,DAYLIGHT,,,5/27/2021 8:49:20 AM,False,4693,Accepted,
28178080,0568000,LOUISVILLE METRO POLICE DEPT,Accepted,JEFFERSON,,2131,MUHAMMAD ALI,BLVD,W,US0031W,22ND,,,,,38.254484546,-85.787653015,1.895,5/25/2021 12:00:00 AM,1339,1,1,0,0,CLEAR,DRY,False,COLLISION WITH FIXED OBJECT IN INTERSECTION - FIRST EVENT COLLISION 09 - 32,SINGLE VEHICLE,STRAIGHT & LEVEL,DAYLIGHT,,,5/26/2021 8:23:03 AM,True,5344,Accepted,
28178105,0568000,LOUISVILLE METRO POLICE DEPT,Accepted,JEFFERSON,US0031W,,DIXIE,HWY,,,OAK PARK,,,,,38.135632422,-85.844425837,10.988,5/25/2021 12:00:00 AM,2017,3,3,0,0,CLEAR,DRY,True,OPPOSITE DIRECTION - BOTH VEHICLES GOING STRAIGHT AHEAD,SIDESWIPE-OPPOSITE DIRECTION,STRAIGHT & LEVEL,DAYLIGHT,,,5/26/2021 8:24:44 AM,False,5211,Accepted,
28178100,0568000,LOUISVILLE METRO POLICE DEPT,Accepted,JEFFERSON,US0031E,,BARDSTOWN,RD,,,GRINSTEAD,,,,,38.238415758,-85.721001503,15.422,5/25/2021 12:00:00 AM,1942,2,2,0,0,CLEAR,DRY,True,ANGLE COLLISION - OTHER,ANGLE,STRAIGHT & LEVEL,DUSK,,,5/26/2021 8:24:22 AM,False,7916,Accepted,
28178092,0568000,LOUISVILLE METRO POLICE DEPT,Accepted,JEFFERSON,,,JEFFERSON,BLVD,,KY1747,FERN VALLEY,,,,,38.156887306,-85.671452596,0.247,5/25/2021 12:00:00 AM,1724,2,2,0,0,CLEAR,DRY,False,OTHER INTERSECTION COLLISIONS,REAR END,STRAIGHT & LEVEL,DAYLIGHT,,,5/26/2021 8:23:51 AM,False,5141,Accepted,
28178097,0568000,LOUISVILLE METRO POLICE DEPT,Accepted,JEFFERSON,,,OAK,ST,W,,12TH,,,,,38.236269203,-85.773612490,0.998,5/25/2021 12:00:00 AM,1854,1,1,0,0,CLEAR,DRY,False,COLLISION WITH FIXED OBJECT IN INTERSECTION - FIRST EVENT COLLISION 09 - 32,SINGLE VEHICLE,STRAIGHT & LEVEL,DAYLIGHT,,,5/26/2021 8:24:10 AM,False,7091,Accepted,
28178091,0568000,LOUISVILLE METRO POLICE DEPT,Accepted,JEFFERSON,US0031E,,BUECHEL,BYP,,,,,BUECHEL BANK,,PLAZA,38.190905358,-85.650165810,10.171,5/25/2021 12:00:00 AM,1714,3,3,0,1,CLEAR,DRY,False,REAR END IN TRAFFIC LANES BOTH VEHICLES MOVING,REAR END,STRAIGHT & LEVEL,DAYLIGHT,,,5/26/2021 8:23:47 AM,False,5288,Accepted,
28178081,0568000,LOUISVILLE METRO POLICE DEPT,Accepted,JEFFERSON,US0042,,US42,,,,,,,,,38.293283434,-85.628261776,6.821,5/25/2021 12:00:00 AM,1245,2,2,0,1,CLEAR,DRY,False,1 VEHICLE ENTERING/LEAVING ENTRANCE,ANGLE,STRAIGHT & HILLCREST,DAYLIGHT,,,5/26/2021 8:23:07 AM,False,2218,Accepted,
28178073,0568000,LOUISVILLE METRO POLICE DEPT,Accepted,JEFFERSON,I 0265,,I265 E,,,,,,,,,38.205278508,-85.507136405,24.272,5/25/2021 12:00:00 AM,0849,3,3,0,0,CLEAR,DRY,False,OTHER ROADWAY OR MID-BLOCK COLLISION,REAR END,STRAIGHT & GRADE,DAYLIGHT,,,5/26/2021 8:22:41 AM,False,4903,Accepted,
28178089,0568000,LOUISVILLE METRO POLICE DEPT,Accepted,JEFFERSON,I 0071,,I71 N,,,,,,,,,38.288886281,-85.645126132,5.154,5/25/2021 12:00:00 AM,1549,2,2,0,0,CLOUDY,DRY,False,SIDESWIPE COLLISION - SAME DIRECTION,SIDESWIPE-SAME DIRECTION,CURVE & GRADE,DAYLIGHT,,,5/26/2021 8:23:40 AM,False,8278,Accepted,
28200815,0568000,LOUISVILLE METRO POLICE DEPT,Accepted,JEFFERSON,KY1020,,2ND,ST,S,,,,CHESTNUT,US0150,BROADWAY,38.246643359,-85.754906321,12.153,5/25/2021 12:00:00 AM,1900,2,2,0,0,CLEAR,DRY,False,SIDESWIPE COLLISION - SAME DIRECTION,SIDESWIPE-SAME DIRECTION,STRAIGHT & LEVEL,DAYLIGHT,,,6/1/2021 9:28:06 AM,False,5187,Accepted,
28178071,0568000,LOUISVILLE METRO POLICE DEPT,Accepted,JEFFERSON,KY1747,,HURSTBOURNE,PKWY,,US0031E,BARDSTOWN,,,,,38.168711369,-85.605192984,7.470,5/25/2021 12:00:00 AM,0743,2,2,0,0,CLEAR,DRY,False,OTHER INTERSECTION COLLISIONS,REAR END,STRAIGHT & LEVEL,DAYLIGHT,,,5/26/2021 8:22:37 AM,False,4693,Accepted,
28178101,0568000,LOUISVILLE METRO POLICE DEPT,Accepted,JEFFERSON,KY1020,209,PARK,RD,S,,,,,,,38.089934279,-85.722247626,0.348,5/25/2021 12:00:00 AM,2127,1,1,0,1,CLEAR,DRY,False,OTHER ROADWAY OR MID-BLOCK COLLISION,SINGLE VEHICLE,CURVE & LEVEL,DARK (UNKNOWN ROADWAY LIGHTING),,,5/26/2021 8:24:30 AM,False,5312,Accepted,
28178086,0568000,LOUISVILLE METRO POLICE DEPT,Accepted,JEFFERSON,,,ORMSBY,AVE,E,,BROOK,,,,,38.231663820,-85.754178507,0.090,5/25/2021 12:00:00 AM,1721,2,2,0,0,CLEAR,DRY,False,ANGLE COLLISION - OTHER,ANGLE,STRAIGHT & LEVEL,DAYLIGHT,,,5/26/2021 8:23:30 AM,False,7441,Accepted,
28178087,0568000,LOUISVILLE METRO POLICE DEPT,Accepted,JEFFERSON,I 0265,,,,,,,,,,,38.108353371,-85.676504233,0.356,5/25/2021 12:00:00 AM,1659,1,1,0,2,CLEAR,DRY,True,OTHER RAMP RELATED COLLISIONS NOT LISTED ABOVE,SINGLE VEHICLE,CURVE & LEVEL,DAYLIGHT,I 0265,KY0061,5/26/2021 8:23:33 AM,False,7474,Accepted,
28178088,0568000,LOUISVILLE METRO POLICE DEPT,Accepted,JEFFERSON,KY0841,,GENE SNYDER,FWY,,KY0841,KY841 RAMP TO KY1865,,,,,38.119727460,-85.772382700,6.315,5/25/2021 12:00:00 AM,1645,2,2,0,0,CLEAR,DRY,False,OTHER INTERSECTION COLLISIONS,REAR END,STRAIGHT & LEVEL,DAYLIGHT,,,5/26/2021 8:23:37 AM,False,7080,Accepted,
28178094,0568000,LOUISVILLE METRO POLICE DEPT,Accepted,JEFFERSON,US0031W,,DIXIE,HWY,,,,,,,,38.153309906,-85.835709728,12.265,5/25/2021 12:00:00 AM,1437,2,2,0,0,CLEAR,DRY,False,REAR END IN TRAFFIC LANES BOTH VEHICLES MOVING,REAR END,STRAIGHT & LEVEL,DAYLIGHT,,,5/26/2021 8:23:59 AM,False,7234,Accepted,
28178095,0568000,LOUISVILLE METRO POLICE DEPT,Accepted,JEFFERSON,US0031W,,DIXIE,HWY,,,,,,,,38.172781344,-85.825069854,13.671,5/25/2021 12:00:00 AM,1534,2,2,0,0,CLEAR,DRY,False,OTHER ROADWAY OR MID-BLOCK COLLISION,REAR END,STRAIGHT & LEVEL,DAYLIGHT,,,5/26/2021 8:24:02 AM,False,7234,Accepted,
28178096,0568000,LOUISVILLE METRO POLICE DEPT,Accepted,JEFFERSON,KY1931,,GREENWOOD,RD,,,SKY BLUE,,,,,38.144064222,-85.851979418,2.460,5/25/2021 12:00:00 AM,1617,3,3,0,1,CLEAR,DRY,False,SIDESWIPE-SAME DIRECTION,SIDESWIPE-SAME DIRECTION,STRAIGHT & LEVEL,DAYLIGHT,,,5/26/2021 8:24:06 AM,False,7234,Accepted,
28178102,0568000,LOUISVILLE METRO POLICE DEPT,Accepted,JEFFERSON,,,SMYRNA,PKWY,,,SMYRNA,,,,,38.127785178,-85.642784586,0.703,5/25/2021 12:00:00 AM,0640,2,2,0,1,CLEAR,DRY,False,HEAD-ON COLLISION,HEAD ON,STRAIGHT & LEVEL,DAYLIGHT,,,5/26/2021 8:24:33 AM,False,5040,Accepted,
28178078,0568000,LOUISVILLE METRO POLICE DEPT,Accepted,JEFFERSON,I 0065,,I65 S,,,,,,,,,38.165792298,-85.720962704,128.872,5/25/2021 12:00:00 AM,1233,2,2,0,0,CLEAR,DRY,False,SIDESWIPE COLLISION - SAME DIRECTION,SIDESWIPE-SAME DIRECTION,STRAIGHT & LEVEL,DAYLIGHT,,,5/26/2021 8:22:56 AM,False,4903,Accepted,
28178103,0568000,LOUISVILLE METRO POLICE DEPT,Accepted,JEFFERSON,,4548,DOVER,RD,,,,,,,,38.182211831,-85.837019622,1.047,5/25/2021 12:00:00 AM,2101,1,1,0,0,CLEAR,DRY,True,OTHER COLLISIONS ON SHOULDER,SINGLE VEHICLE,CURVE & GRADE,DAYLIGHT,,,5/26/2021 8:24:37 AM,False,5298,Accepted,
28178079,0568000,LOUISVILLE METRO POLICE DEPT,Accepted,JEFFERSON,KY0061,5904,PRESTON,HWY,,,,,,,,38.165160937,-85.702783398,6.017,5/24/2021 12:00:00 AM,1806,2,2,0,1,CLEAR,DRY,False,OTHER ROADWAY OR MID-BLOCK COLLISION,REAR END,STRAIGHT & LEVEL,DAYLIGHT,,,5/26/2021 8:22:59 AM,False,7451,Accepted,
28178085,0568000,LOUISVILLE METRO POLICE DEPT,Accepted,JEFFERSON,,,15TH,ST,S,US0031W,MAIN,,,,,38.258691889,-85.774751865,2.305,5/24/2021 12:00:00 AM,1715,3,3,0,2,CLEAR,DRY,False,ANGLE COLLISION - OTHER,ANGLE,STRAIGHT & LEVEL,DAYLIGHT,,,5/26/2021 8:23:25 AM,False,2403,Accepted,
28178061,0568000,LOUISVILLE METRO POLICE DEPT,Accepted,JEFFERSON,US0031W,4801,DIXIE,HWY,,,,,,,,38.173258637,-85.824416227,13.728,5/24/2021 12:00:00 AM,1742,3,3,0,1,CLEAR,DRY,False,OTHER ROADWAY OR MID-BLOCK COLLISION,REAR END,STRAIGHT & LEVEL,DAYLIGHT,,,5/26/2021 8:22:22 AM,False,7339,Accepted,
28178069,0568000,LOUISVILLE METRO POLICE DEPT,Accepted,JEFFERSON,KY1065,,BEULAH CHURCH,RD,,,,,,,,38.137529520,-85.613202848,10.024,5/24/2021 12:00:00 AM,1356,2,2,0,1,CLOUDY,DRY,False,COLLISION IN PARKING LOT,ANGLE,STRAIGHT & LEVEL,DAYLIGHT,,,5/26/2021 8:22:33 AM,False,4693,Accepted,
28173265,0568000,LOUISVILLE METRO POLICE DEPT,Accepted,JEFFERSON,KY1747,3215,FERN VALLEY,RD,,,,,,,,38.157045463,-85.704971552,1.495,5/24/2021 12:00:00 AM,1809,2,1,0,1,CLEAR,DRY,False,COLLISION WITH BICYCLIST NON INTERSECTION,SINGLE VEHICLE,STRAIGHT & LEVEL,DAYLIGHT,,,5/25/2021 8:41:20 AM,False,5336,Accepted,
28178093,0568000,LOUISVILLE METRO POLICE DEPT,Accepted,JEFFERSON,,,MUHAMMAD ALI,BLVD,E,,,KY0061,PRESTON,KY0061,JACKSON,38.249911629,-85.746153763,0.688,5/24/2021 12:00:00 AM,1338,2,2,0,0,CLEAR,DRY,False,1 VEHICLE PARKED POSITION (NOT PARKING LOT/DRIVEWAY),SIDESWIPE-OPPOSITE DIRECTION,STRAIGHT & LEVEL,DAYLIGHT,,,5/26/2021 8:23:55 AM,False,5173,Accepted,
28200841,0568000,LOUISVILLE METRO POLICE DEPT,Accepted,JEFFERSON,I 0065,,,,,,,,,,,38.228284260,-85.750896790,0.082,5/24/2021 12:00:00 AM,2318,1,1,0,0,CLEAR,DRY,False,COLLISION WITH FIXED OBJECT NOT IN GORE ,SINGLE VEHICLE,CURVE & GRADE,DARK-HWY LIGHTED/ON,I 0065,WOODBINE ST,6/1/2021 9:29:42 AM,False,5152,Accepted,
28200847,0568000,LOUISVILLE METRO POLICE DEPT,Accepted,JEFFERSON,KY1932,,BRECKENRIDGE,LN,,,,,,,,38.184433370,-85.626302988,0.225,5/24/2021 12:00:00 AM,1410,2,2,0,0,CLEAR,DRY,False,1 VEHICLE ENTERING/LEAVING ENTRANCE,ANGLE,STRAIGHT & LEVEL,DAYLIGHT,,,6/1/2021 9:29:52 AM,False,2738,Accepted,
28200790,0568000,LOUISVILLE METRO POLICE DEPT,Accepted,JEFFERSON,,,FRANKFORT,AVE,,,,,,,,38.259146996,-85.721678046,0.024,5/24/2021 12:00:00 AM,1310,2,2,0,0,CLEAR,DRY,False,1 VEHICLE ENTERING/LEAVING ENTRANCE,ANGLE,STRAIGHT & LEVEL,DAYLIGHT,,,6/1/2021 9:27:07 AM,False,2738,Accepted,
28200791,0568000,LOUISVILLE METRO POLICE DEPT,Accepted,JEFFERSON,US0060A,,BERRY,BLVD,,KY1931,7TH STREET,,,,,38.197079973,-85.799028944,0.608,5/24/2021 12:00:00 AM,1652,3,3,0,1,CLEAR,DRY,False,ANGLE COLLISION - OTHER,ANGLE,STRAIGHT & LEVEL,DAYLIGHT,,,6/1/2021 9:27:10 AM,False,5297,Accepted,
28173234,0568000,LOUISVILLE METRO POLICE DEPT,Accepted,JEFFERSON,,,FLOYD,ST,S,,MAGNOLIA,,,,,38.228223176,-85.752710621,1.911,5/24/2021 12:00:00 AM,0940,2,2,0,0,CLEAR,DRY,False,ANGLE COLLISION - OTHER,ANGLE,STRAIGHT & LEVEL,DAYLIGHT,,,5/25/2021 8:39:31 AM,False,7433,Accepted,
28173243,0568000,LOUISVILLE METRO POLICE DEPT,Accepted,JEFFERSON,,,BEECHBROOK,RD,,,,,,,,38.181387757,-85.643015464,0.011,5/24/2021 12:00:00 AM,1225,1,1,0,0,CLOUDY,DRY,False,COLLISION WITH FIXED OBJECT NON - INTERSECTION - FIRST EVENT COLLISION 09 - 32 EXCLUDING 16,SINGLE VEHICLE,STRAIGHT & LEVEL,DAYLIGHT,,,5/25/2021 8:39:55 AM,False,4693,Accepted,
28173244,0568000,LOUISVILLE METRO POLICE DEPT,Accepted,JEFFERSON,,,VALLEY STATION,RD,,,TAMM,,,,,38.106106837,-85.839961785,0.118,5/24/2021 12:00:00 AM,1447,2,2,0,0,CLEAR,DRY,False,OPPOSITE DIRECTION - BOTH VEHICLES GOING STRAIGHT AHEAD,SIDESWIPE-OPPOSITE DIRECTION,CURVE & LEVEL,DAYLIGHT,,,5/25/2021 8:39:59 AM,False,7496,Accepted,
28173245,0568000,LOUISVILLE METRO POLICE DEPT,Accepted,JEFFERSON,KY0155,,TAYLORSVILLE,RD,,,,KY1932,BRECKENRIDGE,,MELBOURNE,38.220184513,-85.631795778,13.658,5/24/2021 12:00:00 AM,1037,2,2,0,0,CLEAR,DRY,False,REAR END IN TRAFFIC LANES BOTH VEHICLES MOVING,REAR END,STRAIGHT & LEVEL,DAYLIGHT,,,5/25/2021 8:40:02 AM,False,5288,Accepted,
28173251,0568000,LOUISVILLE METRO POLICE DEPT,Accepted,JEFFERSON,US0060A,,EASTERN,PKWY,,KY0061,PRESTON,,,,,38.214591302,-85.743118524,4.550,5/24/2021 12:00:00 AM,1700,2,2,0,0,CLEAR,DRY,False,OTHER INTERSECTION COLLISIONS,REAR END,STRAIGHT & LEVEL,DAYLIGHT,,,5/25/2021 8:40:19 AM,False,5301,Accepted,
28173252,0568000,LOUISVILLE METRO POLICE DEPT,Accepted,JEFFERSON,KY1020,,SOUTHERN,PKWY,,,WHITNEY,,,,,38.193932890,-85.766795688,8.673,5/24/2021 12:00:00 AM,1602,2,2,0,1,CLEAR,DRY,False,OPPOSING LEFT TURN,OPPOSING LEFT TURN,STRAIGHT & LEVEL,DAYLIGHT,,,5/25/2021 8:40:22 AM,False,7398,Accepted,
28168053,0568000,LOUISVILLE METRO POLICE DEPT,Accepted,JEFFERSON,US0042,,BROWNSBORO,RD,,,,,,,,38.259515493,-85.710156601,1.384,5/24/2021 12:00:00 AM,0200,2,2,0,1,CLEAR,DRY,False,1 VEHICLE PARKED POSITION (NOT PARKING LOT/DRIVEWAY),SIDESWIPE-SAME DIRECTION,STRAIGHT & LEVEL,DARK-HWY LIGHTED/ON,,,5/24/2021 9:34:11 AM,False,5362,Accepted,
28168051,0568000,LOUISVILLE METRO POLICE DEPT,Accepted,JEFFERSON,,400,18TH,ST,S,,,,,,,38.255345019,-85.780383741,0.230,5/24/2021 12:00:00 AM,0044,2,2,0,0,CLEAR,DRY,False,1 VEHICLE PARKED POSITION (NOT PARKING LOT/DRIVEWAY),SIDESWIPE-SAME DIRECTION,STRAIGHT & LEVEL,DARK-HWY LIGHTED/ON,,,5/24/2021 9:34:06 AM,False,5008,Accepted,
28173232,0568000,LOUISVILLE METRO POLICE DEPT,Accepted,JEFFERSON,I 0064,,I64 E,,,,,,,,,38.222618514,-85.505278208,18.987,5/24/2021 12:00:00 AM,0717,2,2,0,0,CLEAR,DRY,False,SIDESWIPE COLLISION - SAME DIRECTION,SIDESWIPE-SAME DIRECTION,STRAIGHT & LEVEL,DAYLIGHT,,,5/25/2021 8:39:22 AM,False,4903,Accepted,
28173238,0568000,LOUISVILLE METRO POLICE DEPT,Accepted,JEFFERSON,KY2052,,SHEPHERDSVILLE,RD,,,,,WHISPERING HILLS,,MILE OF SUNSHINE,38.149564489,-85.659917931,0.754,5/24/2021 12:00:00 AM,0712,2,2,0,0,CLEAR,DRY,False,OTHER ROADWAY OR MID-BLOCK COLLISION,REAR END,STRAIGHT & LEVEL,DAYLIGHT,,,5/25/2021 8:39:41 AM,False,2017,Accepted,
28173240,0568000,LOUISVILLE METRO POLICE DEPT,Accepted,JEFFERSON,KY1065,,OUTER,LOOP,,,,,CEDAR BROOK,,ROBBS,38.137846645,-85.665678243,7.247,5/24/2021 12:00:00 AM,1240,2,2,0,0,CLEAR,DRY,False,OTHER ROADWAY OR MID-BLOCK COLLISION,REAR END,STRAIGHT & LEVEL,DAYLIGHT,,,5/25/2021 8:39:44 AM,False,2017,Accepted,
28173241,0568000,LOUISVILLE METRO POLICE DEPT,Accepted,JEFFERSON,,,BUECHEL BANK,RD,,,,,,,,38.178065865,-85.651066658,1.114,5/24/2021 12:00:00 AM,0648,2,2,0,0,CLOUDY,DRY,True,REAR END IN TRAFFIC LANES BOTH VEHICLES MOVING,REAR END,STRAIGHT & LEVEL,DAYLIGHT,,,5/25/2021 8:39:48 AM,False,4693,Accepted,
28173247,0568000,LOUISVILLE METRO POLICE DEPT,Accepted,JEFFERSON,KY1447,12500,WESTPORT,RD,,,,,,,,38.303472624,-85.518149578,8.413,5/24/2021 12:00:00 AM,1021,2,2,0,6,CLEAR,DRY,False,1 VEHICLE ENTERING/LEAVING ENTRANCE,ANGLE,STRAIGHT & LEVEL,DAYLIGHT,,,5/25/2021 8:40:06 AM,False,2489,Accepted,
28173249,0568000,LOUISVILLE METRO POLICE DEPT,Accepted,JEFFERSON,I 0065,,I65 N,,,,,,,,,38.224391158,-85.750967252,133.777,5/24/2021 12:00:00 AM,1417,2,2,0,0,CLEAR,DRY,False,REAR END IN TRAFFIC LANES BOTH VEHICLES MOVING,REAR END,STRAIGHT & HILLCREST,DAYLIGHT,,,5/25/2021 8:40:11 AM,False,5301,Accepted,
28173255,0568000,LOUISVILLE METRO POLICE DEPT,Accepted,JEFFERSON,,,LOGISTICS,DR,,,,,,,,38.171502751,-85.890672484,0.794,5/24/2021 12:00:00 AM,1305,1,1,0,0,CLEAR,DRY,True,COLLISION WITH FIXED OBJECT NON - INTERSECTION - FIRST EVENT COLLISION 09 - 32 EXCLUDING 16,SINGLE VEHICLE,STRAIGHT & LEVEL,DAYLIGHT,,,5/25/2021 8:40:32 AM,False,7234,Accepted,
28173257,0568000,LOUISVILLE METRO POLICE DEPT,Accepted,JEFFERSON,,,CARDINAL OAKS,DR,,,,,,,,38.152465099,-85.816853743,0.035,5/24/2021 12:00:00 AM,1801,1,1,0,0,CLEAR,DRY,False,OTHER ROADWAY OR MID-BLOCK COLLISION,SINGLE VEHICLE,STRAIGHT & LEVEL,DAYLIGHT,,,5/25/2021 8:40:38 AM,False,7234,Accepted,