IncidentID,AgencyORI,AgencyName,IncidentStatusDesc,County,RdwyNumber,Street,RoadwayName,StreetSfx,StreetDir,IntersectionRdwy,IntersectionRdwyName,BetweenStRdwy1,BetweenStRdwyName1,BetweenStRdwy2,BetweenStRdwyName2,Latitude,Longitude,Milepoint,CollisionDate,CollisionTime,UnitsInvolved,MotorVehiclesInvolved,NumberKilled,NumberInjured,Weather,RdwyConditionCode,HitandRun,DirAnalysisCode,MannerofCollision,RdwyCharacter,LightCondition,RampFromRdwyId,RampToRdwyId,AcceptedDate,IsSecondaryCollision,OwnerBadge,IncidentStatus,
28178082,0568000,LOUISVILLE METRO POLICE DEPT,Accepted,JEFFERSON,US0060A,,EASTERN,PKWY,,,,,,,,38.211738656,-85.751402666,4.043,5/24/2021 12:00:00 AM,1248,3,3,0,0,CLEAR,DRY,True,REAR END IN TRAFFIC LANES BOTH VEHICLES MOVING,REAR END,STRAIGHT & LEVEL,DAYLIGHT,,,5/26/2021 8:23:11 AM,False,5258,Accepted,
28178083,0568000,LOUISVILLE METRO POLICE DEPT,Accepted,JEFFERSON,I 0065,,,,,,,,,,,38.253004241,-85.750372012,0.082,5/24/2021 12:00:00 AM,1720,3,3,0,1,CLEAR,DRY,False,OTHER RAMP RELATED COLLISIONS NOT LISTED ABOVE,ANGLE,CURVE & GRADE,DAYLIGHT,I 0065,E JEFFERSON ST,5/26/2021 8:23:17 AM,False,7823,Accepted,
28178106,0568000,LOUISVILLE METRO POLICE DEPT,Accepted,JEFFERSON,US0060A,,TAYLOR,BLVD,,,BERRY,,,,,38.196383882,-85.783069536,1.480,5/24/2021 12:00:00 AM,2012,2,2,0,1,CLEAR,DRY,False,ANGLE COLLISION - ONE VEHICLE TURNING LEFT,ANGLE,STRAIGHT & LEVEL,DAYLIGHT,,,5/26/2021 8:24:47 AM,False,5205,Accepted,
28173259,0568000,LOUISVILLE METRO POLICE DEPT,Accepted,JEFFERSON,US0031E,609,BAXTER,AVE,,,,,,,,38.246090878,-85.728880089,16.121,5/24/2021 12:00:00 AM,2320,4,4,0,0,CLEAR,DRY,False,1 VEHICLE PARKED POSITION (NOT PARKING LOT/DRIVEWAY),SIDESWIPE-SAME DIRECTION,STRAIGHT & LEVEL,DARK-HWY LIGHTED/ON,,,5/25/2021 8:40:50 AM,True,5330,Accepted,
28170119,0560300,ST. MATTHEWS POLICE DEPARTMENT,Accepted,JEFFERSON,US0060,5000,SHELBYVILLE,RD,,,,,,,,38.249684600,-85.617766893,5.624,5/24/2021 12:00:00 AM,1420,2,2,0,0,CLOUDY,DRY,False,SIDESWIPE COLLISION - SAME DIRECTION,SIDESWIPE-SAME DIRECTION,STRAIGHT & LEVEL,DAYLIGHT,,,5/24/2021 4:16:39 PM,False,9155,Accepted,
28173242,0568000,LOUISVILLE METRO POLICE DEPT,Accepted,JEFFERSON,,,PARK,RD,S,,,,,,,38.116323744,-85.711876154,2.074,5/24/2021 12:00:00 AM,0732,1,1,0,0,CLOUDY,DRY,True,COLLISION WITH FIXED OBJECT NON - INTERSECTION - FIRST EVENT COLLISION 09 - 32 EXCLUDING 16,SINGLE VEHICLE,STRAIGHT & LEVEL,DAYLIGHT,,,5/25/2021 8:39:52 AM,False,4693,Accepted,
28173250,0568000,LOUISVILLE METRO POLICE DEPT,Accepted,JEFFERSON,,,BRADLEY,AVE,,,PRESIDENTS,,,,,38.213720848,-85.747838078,0.367,5/24/2021 12:00:00 AM,1645,2,2,0,0,CLEAR,DRY,False,OTHER INTERSECTION COLLISIONS,REAR END,STRAIGHT & HILLCREST,DAYLIGHT,,,5/25/2021 8:40:15 AM,False,5301,Accepted,
28173267,0568000,LOUISVILLE METRO POLICE DEPT,Accepted,JEFFERSON,KY1934,,GREENBELT,HWY,,,JOHNSONTOWN,,,,,38.116423778,-85.894834202,2.302,5/24/2021 12:00:00 AM,2313,2,2,0,0,CLEAR,DRY,False,OTHER INTERSECTION COLLISIONS,REAR END,STRAIGHT & LEVEL,DARK-HWY NOT LIGHTED,,,5/25/2021 8:41:25 AM,False,5211,Accepted,
28173262,0568000,LOUISVILLE METRO POLICE DEPT,Accepted,JEFFERSON,,4615,FEGENBUSH,LN,,,,,BELRAD,,NORBROOK,38.181411671,-85.638563002,0.402,5/24/2021 12:00:00 AM,2309,2,2,0,1,CLEAR,DRY,False,1 VEHICLE ENTERING/LEAVING ENTRANCE,ANGLE,STRAIGHT & LEVEL,DARK-HWY LIGHTED/ON,,,5/25/2021 8:41:07 AM,False,5307,Accepted,
28173268,0568000,LOUISVILLE METRO POLICE DEPT,Accepted,JEFFERSON,KY0864,969,GOSS,AVE,,,,,,,,38.228648080,-85.737679981,14.233,5/24/2021 12:00:00 AM,1544,2,2,0,2,CLEAR,DRY,False,REAR END IN TRAFFIC LANES BOTH VEHICLES MOVING,REAR END,STRAIGHT & LEVEL,DAYLIGHT,,,5/25/2021 8:41:33 AM,False,7322,Accepted,
28254663,0568000,LOUISVILLE METRO POLICE DEPT,Accepted,JEFFERSON,KY0061,,PRESTON,ST,S,,,,,,,38.218862557,-85.747114851,10.561,5/24/2021 12:00:00 AM,1257,1,1,0,1,CLEAR,DRY,False,COLLISION WITH FIXED OBJECT NON - INTERSECTION - FIRST EVENT COLLISION 09 - 32 EXCLUDING 16,SINGLE VEHICLE,STRAIGHT & LEVEL,DAYLIGHT,,,6/14/2021 11:43:14 PM,False,5258,Accepted,
28210477,0568000,LOUISVILLE METRO POLICE DEPT,Accepted,JEFFERSON,US0031W,,DIXIE,HWY,,,,,,,,38.107959394,-85.866497705,8.659,5/24/2021 12:00:00 AM,2031,2,2,0,0,CLEAR,DRY,False,1 VEHICLE ENTERING/LEAVING ENTRANCE,ANGLE,STRAIGHT & LEVEL,DAYLIGHT,,,6/3/2021 9:07:07 AM,False,2905,Accepted,
28286816,0568000,LOUISVILLE METRO POLICE DEPT,Accepted,JEFFERSON,,,CENTRAL,AVE,,,FLOYD,,,,,38.203125156,-85.757097235,0.349,5/23/2021 12:00:00 AM,1809,2,2,0,2,CLEAR,DRY,False,ANGLE COLLISION - OTHER,ANGLE,STRAIGHT & LEVEL,DAYLIGHT,,,6/23/2021 8:40:29 AM,False,5372,Accepted,
28182877,0568000,LOUISVILLE METRO POLICE DEPT,Accepted,JEFFERSON,US0060,3814,FRANKFORT,AVE,,US0060A,LEXINGTON,,,,,38.252996612,-85.657053381,3.462,5/23/2021 12:00:00 AM,1625,2,2,0,1,CLEAR,DRY,False,OTHER INTERSECTION COLLISIONS,REAR END,CURVE & LEVEL,DAYLIGHT,,,5/27/2021 8:49:55 AM,False,2673,Accepted,
28168070,0568000,LOUISVILLE METRO POLICE DEPT,Accepted,JEFFERSON,,,FLOYD,ST,S,,,,JACOB,,COLLEGE,38.243510780,-85.750026645,0.847,5/23/2021 12:00:00 AM,2136,2,1,0,0,CLEAR,DRY,False,COLLISION WITH BICYCLIST NON INTERSECTION,SINGLE VEHICLE,STRAIGHT & LEVEL,DARK-HWY LIGHTED/ON,,,5/24/2021 9:34:52 AM,False,5204,Accepted,
28168032,0568000,LOUISVILLE METRO POLICE DEPT,Accepted,JEFFERSON,KY0061,,PRESTON,HWY,,,,,CLAY,,LIPPS,38.143299182,-85.689412306,4.317,5/23/2021 12:00:00 AM,1630,4,4,0,0,CLEAR,DRY,False,OTHER ROADWAY OR MID-BLOCK COLLISION,REAR END,STRAIGHT & LEVEL,DAYLIGHT,,,5/24/2021 9:32:43 AM,False,2324,Accepted,
28168040,0568000,LOUISVILLE METRO POLICE DEPT,Accepted,JEFFERSON,KY1020,10907,NATIONAL,TPKE,,,,,,,,38.094627425,-85.732396553,1.035,5/23/2021 12:00:00 AM,1800,2,2,0,0,CLEAR,DRY,False,REAR END IN TRAFFIC LANES BOTH VEHICLES MOVING,REAR END,STRAIGHT & LEVEL,DAYLIGHT,,,5/24/2021 9:33:17 AM,False,7263,Accepted,
28168058,0568000,LOUISVILLE METRO POLICE DEPT,Accepted,JEFFERSON,,5335,TAHIA,DR,,,,,,,,38.158306413,-85.844282064,0.085,5/23/2021 12:00:00 AM,1842,2,2,0,1,CLEAR,DRY,False,1 VEHICLE ENTERING/LEAVING ENTRANCE,ANGLE,STRAIGHT & LEVEL,DAYLIGHT,,,5/24/2021 9:34:22 AM,False,7365,Accepted,
28168068,0568000,LOUISVILLE METRO POLICE DEPT,Accepted,JEFFERSON,KY1932,3300,BRECKENRIDGE,LN,,,,,,,,38.217122023,-85.627778927,2.610,5/23/2021 12:00:00 AM,1953,3,3,0,0,CLEAR,DRY,False,COLLISION IN PARKING LOT,BACKING,STRAIGHT & LEVEL,DAYLIGHT,,,5/24/2021 9:34:43 AM,False,5328,Accepted,
28168069,0568000,LOUISVILLE METRO POLICE DEPT,Accepted,JEFFERSON,,,TERRY,RD,,KY1934,CANE RUN,,,,,38.178077570,-85.861857170,0.015,5/23/2021 12:00:00 AM,1624,2,2,0,3,CLEAR,DRY,False,ANGLE COLLISION - OTHER,ANGLE,STRAIGHT & LEVEL,DAYLIGHT,,,5/24/2021 9:34:48 AM,False,5266,Accepted,
28168075,0568000,LOUISVILLE METRO POLICE DEPT,Accepted,JEFFERSON,I 0065,,I65 S,,,,,,,,,38.184100058,-85.723404885,130.190,5/23/2021 12:00:00 AM,2337,2,2,0,0,CLEAR,DRY,False,SIDESWIPE COLLISION - SAME DIRECTION,SIDESWIPE-SAME DIRECTION,STRAIGHT & LEVEL,DARK-HWY LIGHTED/ON,,,5/24/2021 9:35:10 AM,False,5300,Accepted,
28168042,0568000,LOUISVILLE METRO POLICE DEPT,Accepted,JEFFERSON,KY0022,,BROWNSBORO,RD,,,,,CHAMBERLAIN,,BROWNSBORO GLEN,38.313891473,-85.565514388,4.573,5/23/2021 12:00:00 AM,1400,3,3,0,1,CLEAR,DRY,False,REAR END IN TRAFFIC LANES BOTH VEHICLES MOVING,REAR END,STRAIGHT & LEVEL,DAYLIGHT,,,5/24/2021 9:33:33 AM,False,7316,Accepted,
28168043,0568000,LOUISVILLE METRO POLICE DEPT,Accepted,JEFFERSON,KY0907,8208,3RD ST,RD,,KY2055,MANSLICK,,,,,38.123172381,-85.799806719,4.242,5/23/2021 12:00:00 AM,1340,1,1,0,1,CLEAR,DRY,False,COLLISION WITH FIXED OBJECT IN INTERSECTION - FIRST EVENT COLLISION 09 - 32,SINGLE VEHICLE,STRAIGHT & LEVEL,DAYLIGHT,,,5/24/2021 9:33:36 AM,False,5374,Accepted,
28168044,0568000,LOUISVILLE METRO POLICE DEPT,Accepted,JEFFERSON,KY1020,,NATIONAL,TPKE,,,,,,,,38.152251351,-85.765190575,5.651,5/23/2021 12:00:00 AM,1605,2,2,0,0,CLEAR,DRY,False,1 VEHICLE ENTERING/LEAVING ENTRANCE,ANGLE,STRAIGHT & LEVEL,DAYLIGHT,,,5/24/2021 9:33:42 AM,False,5371,Accepted,
28168050,0568000,LOUISVILLE METRO POLICE DEPT,Accepted,JEFFERSON,US0031W,,DIXIE,HWY,,KY1849,MOORMAN,,,,,38.085273020,-85.879906055,6.931,5/23/2021 12:00:00 AM,2201,2,2,0,1,CLEAR,DRY,True,OPPOSING LEFT TURN,OPPOSING LEFT TURN,STRAIGHT & GRADE,DARK-HWY LIGHTED/ON,,,5/24/2021 9:34:03 AM,False,5318,Accepted,
28168017,0568000,LOUISVILLE METRO POLICE DEPT,Accepted,JEFFERSON,KY0061,,PRESTON,HWY,,,,,,,,38.179190531,-85.718495008,,5/23/2021 12:00:00 AM,0715,2,2,0,0,CLEAR,DRY,True,COLLISION IN PARKING LOT,BACKING,STRAIGHT & LEVEL,DAYLIGHT,,,5/24/2021 9:31:44 AM,False,5373,Accepted,
28167992,0568000,LOUISVILLE METRO POLICE DEPT,Accepted,JEFFERSON,,3030,VIRGINIA,AVE,,,,,BEECH,,32ND,38.238429716,-85.804993684,0.480,5/23/2021 12:00:00 AM,0024,2,2,0,4,CLEAR,DRY,False,1 VEHICLE PARKED POSITION (NOT PARKING LOT/DRIVEWAY),SIDESWIPE-SAME DIRECTION,STRAIGHT & LEVEL,DARK-HWY LIGHTED/ON,,,5/24/2021 9:29:57 AM,False,5229,Accepted,
28168007,0568000,LOUISVILLE METRO POLICE DEPT,Accepted,JEFFERSON,,,SMYRNA,PKWY,,,,,,,,38.117623232,-85.643552550,1.405,5/23/2021 12:00:00 AM,0910,2,2,0,0,CLEAR,DRY,False,1 VEHICLE ENTERING/LEAVING ENTRANCE,ANGLE,STRAIGHT & LEVEL,DAYLIGHT,,,5/24/2021 9:31:10 AM,False,7989,Accepted,
28168045,0568000,LOUISVILLE METRO POLICE DEPT,Accepted,JEFFERSON,,,GARDINER,LN,,,,,SUNNY,,CARRIAGE,38.206963169,-85.682853158,0.520,5/23/2021 12:00:00 AM,1830,2,2,0,0,CLEAR,DRY,True,COLLISION IN PARKING LOT,BACKING,STRAIGHT & LEVEL,DAYLIGHT,,,5/24/2021 9:33:46 AM,False,2816,Accepted,
28168054,0568000,LOUISVILLE METRO POLICE DEPT,Accepted,JEFFERSON,,,28TH,ST,N,,MONTGOMERY,,,,,38.274742205,-85.792035419,0.002,5/23/2021 12:00:00 AM,2300,2,2,0,1,CLEAR,DRY,False,ANGLE COLLISION - OTHER,ANGLE,STRAIGHT & LEVEL,DARK-HWY LIGHTED/ON,,,5/24/2021 9:34:15 AM,False,5306,Accepted,
28225333,0568000,LOUISVILLE METRO POLICE DEPT,Accepted,JEFFERSON,KY0061,3316,PRESTON,HWY,,,,,,,,38.199654796,-85.732661525,8.923,5/23/2021 12:00:00 AM,1245,1,1,0,0,CLEAR,DRY,True,COLLISION IN PARKING LOT,SINGLE VEHICLE,STRAIGHT & LEVEL,DAYLIGHT,,,6/7/2021 9:44:31 AM,False,5335,Accepted,
28167986,0568000,LOUISVILLE METRO POLICE DEPT,Accepted,JEFFERSON,KY1747,,FERN VALLEY,RD,,,,,,,,38.157655719,-85.728969127,0.168,5/23/2021 12:00:00 AM,0350,2,2,0,0,CLEAR,DRY,False,REAR END IN TRAFFIC LANES BOTH VEHICLES MOVING,REAR END,STRAIGHT & LEVEL,DARK-HWY LIGHTED/ON,,,5/24/2021 9:29:30 AM,False,5198,Accepted,
28168013,0568000,LOUISVILLE METRO POLICE DEPT,Accepted,JEFFERSON,KY1934,,CANE RUN,RD,,,SHANKS,,,,,38.195449911,-85.842616550,8.792,5/23/2021 12:00:00 AM,1058,2,2,0,1,CLEAR,DRY,False,OTHER INTERSECTION COLLISIONS,REAR END,STRAIGHT & LEVEL,DAYLIGHT,,,5/24/2021 9:31:36 AM,False,5208,Accepted,
28168023,0568000,LOUISVILLE METRO POLICE DEPT,Accepted,JEFFERSON,,,CHESTNUT,ST,E,KY0061,JACKSON,,,,,38.247592451,-85.745210640,0.423,5/23/2021 12:00:00 AM,1336,2,2,0,1,CLEAR,DRY,False,ANGLE COLLISION - OTHER,ANGLE,STRAIGHT & LEVEL,DAYLIGHT,,,5/24/2021 9:32:01 AM,False,5334,Accepted,
28168037,0568000,LOUISVILLE METRO POLICE DEPT,Accepted,JEFFERSON,,,FLOYD,ST,S,US0031E,MAIN,,,,,38.255723226,-85.747919359,0.004,5/23/2021 12:00:00 AM,1643,2,2,0,0,CLEAR,DRY,True,ANGLE COLLISION - OTHER,ANGLE,STRAIGHT & LEVEL,DAYLIGHT,,,5/24/2021 9:32:57 AM,False,2764,Accepted,
28168038,0568000,LOUISVILLE METRO POLICE DEPT,Accepted,JEFFERSON,I 0264,,I264 W,,,,,,,,,38.225915603,-85.821931328,3.820,5/23/2021 12:00:00 AM,1442,2,2,0,3,CLEAR,DRY,False,OTHER ROADWAY OR MID-BLOCK COLLISION,REAR END,STRAIGHT & LEVEL,DAYLIGHT,,,5/24/2021 9:33:00 AM,False,5232,Accepted,
28167996,0568000,LOUISVILLE METRO POLICE DEPT,Accepted,JEFFERSON,,,RIVER,RD,,,,,TRANSYLVANIA,,MAYFAIR,38.337155472,-85.627046442,5.876,5/23/2021 12:00:00 AM,0133,1,1,0,1,CLEAR,DRY,False,COLLISION WITH FIXED OBJECT NON - INTERSECTION - FIRST EVENT COLLISION 09 - 32 EXCLUDING 16,SINGLE VEHICLE,CURVE & LEVEL,DARK-HWY NOT LIGHTED,,,5/24/2021 9:30:06 AM,False,7098,Accepted,
28168039,0568000,LOUISVILLE METRO POLICE DEPT,Accepted,JEFFERSON,,,PRODUCE,RD,,KY0864,POPLAR LEVEL,,,,,38.179197801,-85.691879275,0.001,5/23/2021 12:00:00 AM,1028,2,2,0,0,CLEAR,DRY,True,SIDESWIPE-SAME DIRECTION,SIDESWIPE-SAME DIRECTION,STRAIGHT & LEVEL,DAYLIGHT,,,5/24/2021 9:33:04 AM,False,7341,Accepted,
28168047,0568000,LOUISVILLE METRO POLICE DEPT,Accepted,JEFFERSON,KY3082,,BANK,ST,,,29TH,,,,,38.270288520,-85.793546789,0.922,5/23/2021 12:00:00 AM,2020,3,3,0,2,CLEAR,DRY,False,SIDESWIPE-SAME DIRECTION,SIDESWIPE-SAME DIRECTION,STRAIGHT & LEVEL,DUSK,,,5/24/2021 9:33:53 AM,False,5306,Accepted,
28168048,0568000,LOUISVILLE METRO POLICE DEPT,Accepted,JEFFERSON,,200BLK,CECIL,AVE,,,,,,,,38.260880233,-85.818582792,0.157,5/23/2021 12:00:00 AM,2015,2,2,0,0,CLEAR,DRY,True,SIDESWIPE COLLISION - SAME DIRECTION,SIDESWIPE-SAME DIRECTION,STRAIGHT & LEVEL,DARK-HWY LIGHTED/ON,,,5/24/2021 9:33:56 AM,False,5216,Accepted,
28167980,0568000,LOUISVILLE METRO POLICE DEPT,Accepted,JEFFERSON,KY1747,,FERN VALLEY,RD,,,HANSES,,,,,38.157335392,-85.679750357,2.889,5/23/2021 12:00:00 AM,0150,2,2,0,2,CLEAR,DRY,False,OPPOSING LEFT TURN,OPPOSING LEFT TURN,STRAIGHT & LEVEL,DARK-HWY LIGHTED/ON,,,5/24/2021 9:29:02 AM,False,5115,Accepted,
28167981,0568000,LOUISVILLE METRO POLICE DEPT,Accepted,JEFFERSON,US0031W,,22ND,ST,S,KY2054,ALGONQUIN,,,,,38.223341435,-85.795088595,17.733,5/23/2021 12:00:00 AM,0224,2,2,0,1,CLEAR,DRY,False,ANGLE COLLISION - OTHER,ANGLE,STRAIGHT & LEVEL,DARK-HWY LIGHTED/OFF,,,5/24/2021 9:29:06 AM,False,5318,Accepted,
28167989,0568000,LOUISVILLE METRO POLICE DEPT,Accepted,JEFFERSON,,522,OAK,ST,W,,6TH,,,,,38.235386554,-85.763327308,0.437,5/23/2021 12:00:00 AM,0031,2,2,0,0,CLEAR,DRY,False,COLLISION WITH PARKED VEHICLE,SIDESWIPE-SAME DIRECTION,STRAIGHT & LEVEL,DARK-HWY LIGHTED/ON,,,5/24/2021 9:29:40 AM,False,5267,Accepted,
28167998,0568000,LOUISVILLE METRO POLICE DEPT,Accepted,JEFFERSON,KY0864,,POPLAR LEVEL,RD,,,INDIAN,,,,,38.171763565,-85.684919188,9.230,5/23/2021 12:00:00 AM,0359,2,2,0,0,CLEAR,DRY,False,OPPOSING LEFT TURN,OPPOSING LEFT TURN,STRAIGHT & LEVEL,DARK-HWY LIGHTED/ON,,,5/24/2021 9:30:10 AM,False,5286,Accepted,
28168020,0568000,LOUISVILLE METRO POLICE DEPT,Accepted,JEFFERSON,KY0155,13411,TAYLORSVILLE,RD,,,,,,,,38.190393626,-85.495814356,5.342,5/23/2021 12:00:00 AM,1110,2,2,0,0,CLEAR,DRY,False,1 VEHICLE ENTERING/LEAVING ENTRANCE,ANGLE,STRAIGHT & GRADE,DAYLIGHT,,,5/24/2021 9:31:57 AM,False,6878,Accepted,
28176565,0560300,ST. MATTHEWS POLICE DEPARTMENT,Accepted,JEFFERSON,US0060,,SHELBYVILLE,RD,,I 0264,I264 E EXIT20 ON RAMP FROM US60,,,,,38.249936693,-85.618473591,5.582,5/23/2021 12:00:00 AM,1523,2,2,0,0,CLEAR,DRY,False,OTHER INTERSECTION COLLISIONS,REAR TO REAR,STRAIGHT & LEVEL,DAYLIGHT,,,5/25/2021 9:41:32 PM,False,9151,Accepted,
28182916,0568000,LOUISVILLE METRO POLICE DEPT,Accepted,JEFFERSON,,,HIKES,LN,,KY1932,BRECKENRIDGE,,,,,38.218130177,-85.628614666,3.027,5/23/2021 12:00:00 AM,1220,2,2,0,0,CLEAR,DRY,False,OTHER INTERSECTION COLLISIONS,REAR END,STRAIGHT & LEVEL,DAYLIGHT,,,5/27/2021 8:51:21 AM,False,7200,Accepted,
28168049,0568000,LOUISVILLE METRO POLICE DEPT,Accepted,JEFFERSON,,,26TH,ST,S,,CEDAR,,,,,38.256627448,-85.794138057,0.284,5/22/2021 12:00:00 AM,2312,2,1,0,1,CLEAR,DRY,True,OTHER INTERSECTION COLLISIONS,SINGLE VEHICLE,STRAIGHT & LEVEL,DARK-HWY LIGHTED/ON,,,5/24/2021 9:34:00 AM,False,5047,Accepted,
28168065,0568000,LOUISVILLE METRO POLICE DEPT,Accepted,JEFFERSON,KY0061,,PRESTON,HWY,,,,,,,,38.103791608,-85.672817798,1.428,5/22/2021 12:00:00 AM,0326,2,2,0,1,CLEAR,DRY,False,REAR END IN TRAFFIC LANES BOTH VEHICLES MOVING,REAR END,STRAIGHT & GRADE,DARK-HWY NOT LIGHTED,,,5/24/2021 9:34:36 AM,False,5184,Accepted,
28165616,0560400,SHIVELY POLICE DEPARTMENT,Accepted,JEFFERSON,I 0264,,I264 E,,,,,I 0264,I264 E EXIT5 ON RAMP FROM KY1934,I 0264,I264 E EXIT8B OFF RAMP TO US31W S,38.197757029,-85.828279043,5.927,5/22/2021 12:00:00 AM,1631,1,1,0,1,CLEAR,DRY,False,OTHER COLLISIONS ON SHOULDER,SINGLE VEHICLE,STRAIGHT & LEVEL,DAYLIGHT,,,5/23/2021 7:47:52 PM,False,7088,Accepted,
28187410,0568000,LOUISVILLE METRO POLICE DEPT,Accepted,JEFFERSON,,2000,AYARS,CT,,,,,,,,38.183665709,-85.644404696,0.028,5/22/2021 12:00:00 AM,1520,1,1,0,0,CLEAR,DRY,False,OTHER ROADWAY OR MID-BLOCK COLLISION,SINGLE VEHICLE,STRAIGHT & LEVEL,DAYLIGHT,,,5/28/2021 8:35:38 AM,False,7200,Accepted,
28167970,0568000,LOUISVILLE METRO POLICE DEPT,Accepted,JEFFERSON,US0150,,BROADWAY,,W,KY1020,2ND,,,,,38.245860770,-85.755067806,2.558,5/22/2021 12:00:00 AM,1355,2,2,0,0,CLEAR,DRY,False,OPPOSING LEFT TURN,OPPOSING LEFT TURN,STRAIGHT & LEVEL,DAYLIGHT,,,5/24/2021 9:28:26 AM,False,5334,Accepted,
28167971,0568000,LOUISVILLE METRO POLICE DEPT,Accepted,JEFFERSON,,,OAK,ST,W,,,,,,,38.236572107,-85.777508403,1.214,5/22/2021 12:00:00 AM,1442,1,1,0,0,CLEAR,DRY,False,OTHER ROADWAY OR MID-BLOCK COLLISION,SINGLE VEHICLE,STRAIGHT & LEVEL,DAYLIGHT,,,5/24/2021 9:28:31 AM,False,5032,Accepted,
28167972,0568000,LOUISVILLE METRO POLICE DEPT,Accepted,JEFFERSON,US0031E,,BARDSTOWN,RD,,,,,OAKLAND HILLS,,BROAD RUN,38.086069656,-85.555566547,0.742,5/22/2021 12:00:00 AM,1630,2,2,0,0,CLEAR,DRY,False,REAR END IN TRAFFIC LANES BOTH VEHICLES MOVING,REAR END,STRAIGHT & LEVEL,DAYLIGHT,,,5/24/2021 9:28:34 AM,False,6878,Accepted,
28167978,0568000,LOUISVILLE METRO POLICE DEPT,Accepted,JEFFERSON,US0060A,,BERRY,BLVD,,,CONTINENTAL,,,,,38.196835738,-85.795694719,0.743,5/22/2021 12:00:00 AM,1253,2,2,0,4,CLEAR,DRY,False,HEAD-ON COLLISION,HEAD ON,STRAIGHT & LEVEL,DAYLIGHT,,,5/24/2021 9:28:57 AM,False,7360,Accepted,
28167964,0568000,LOUISVILLE METRO POLICE DEPT,Accepted,JEFFERSON,,,23RD,ST,S,,,,VORSTER,KY2054,ALGONQUIN,38.225353354,-85.796893560,2.020,5/22/2021 12:00:00 AM,1419,2,2,0,0,CLEAR,DRY,False,1 VEHICLE PARKED POSITION (NOT PARKING LOT/DRIVEWAY),HEAD ON,STRAIGHT & LEVEL,DAYLIGHT,,,5/24/2021 9:28:05 AM,False,7184,Accepted,
28167973,0568000,LOUISVILLE METRO POLICE DEPT,Accepted,JEFFERSON,,,3RD,ST,S,,SOUTHLAND,,,,,38.171484970,-85.768000394,1.889,5/22/2021 12:00:00 AM,1102,2,2,0,0,CLEAR,DRY,False,ANGLE COLLISION - OTHER,ANGLE,STRAIGHT & LEVEL,DAYLIGHT,,,5/24/2021 9:28:37 AM,False,5221,Accepted,
28167938,0568000,LOUISVILLE METRO POLICE DEPT,Accepted,JEFFERSON,US0060A,1600,BERRY,BLVD,,,POWELL,,,,,38.196498977,-85.790311908,1.059,5/22/2021 12:00:00 AM,0052,2,2,0,0,CLEAR,DRY,False,COLLISION WITH PARKED VEHICLE,REAR END,STRAIGHT & LEVEL,DARK-HWY LIGHTED/ON,,,5/24/2021 9:26:27 AM,False,5384,Accepted,
28167944,0568000,LOUISVILLE METRO POLICE DEPT,Accepted,JEFFERSON,,,15TH,ST,S,,GARLAND,,,,,38.242581576,-85.777446687,1.185,5/22/2021 12:00:00 AM,0016,2,2,0,1,CLEAR,DRY,False,ANGLE COLLISION - OTHER,ANGLE,STRAIGHT & LEVEL,DARK-HWY LIGHTED/ON,,,5/24/2021 9:26:42 AM,False,5229,Accepted,
28167953,0568000,LOUISVILLE METRO POLICE DEPT,Accepted,JEFFERSON,,,CENTRAL,AVE,,KY1020,3RD,,,,,38.204779228,-85.763948662,0.352,5/22/2021 12:00:00 AM,1214,2,2,0,0,CLEAR,DRY,False,ANGLE COLLISION - OTHER,ANGLE,STRAIGHT & LEVEL,DAYLIGHT,,,5/24/2021 9:27:08 AM,False,2499,Accepted,
28167955,0568000,LOUISVILLE METRO POLICE DEPT,Accepted,JEFFERSON,I 0265,,,,,,,,,,,38.139371204,-85.582237178,0.402,5/22/2021 12:00:00 AM,1215,2,2,0,0,CLEAR,DRY,False,OTHER RAMP RELATED COLLISIONS NOT LISTED ABOVE,REAR END,CURVE & LEVEL,DAYLIGHT,I 0265,US31E,5/24/2021 9:27:13 AM,False,6878,Accepted,
28167961,0568000,LOUISVILLE METRO POLICE DEPT,Accepted,JEFFERSON,I 0265,,I265 E,,,,,,,,,38.143123821,-85.561536747,18.500,5/22/2021 12:00:00 AM,1307,2,2,0,0,CLEAR,DRY,False,REAR END IN TRAFFIC LANES BOTH VEHICLES MOVING,REAR END,STRAIGHT & GRADE,DAYLIGHT,,,5/24/2021 9:27:54 AM,False,5371,Accepted,
28167962,0568000,LOUISVILLE METRO POLICE DEPT,Accepted,JEFFERSON,KY1747,,FERN VALLEY,RD,,,,,,,,38.156107522,-85.659892660,3.969,5/22/2021 12:00:00 AM,1158,2,2,0,1,CLEAR,DRY,False,1 VEHICLE ENTERING/LEAVING ENTRANCE,ANGLE,STRAIGHT & LEVEL,DAYLIGHT,,,5/24/2021 9:27:58 AM,False,5371,Accepted,
28167963,0568000,LOUISVILLE METRO POLICE DEPT,Accepted,JEFFERSON,KY1727,,TERRY,RD,,,,,,,,38.177482156,-85.862033795,4.009,5/22/2021 12:00:00 AM,1041,2,2,0,3,CLEAR,DRY,False,HEAD-ON COLLISION,HEAD ON,STRAIGHT & LEVEL,DAYLIGHT,,,5/24/2021 9:28:01 AM,False,7244,Accepted,