IncidentID,AgencyORI,AgencyName,IncidentStatusDesc,County,RdwyNumber,Street,RoadwayName,StreetSfx,StreetDir,IntersectionRdwy,IntersectionRdwyName,BetweenStRdwy1,BetweenStRdwyName1,BetweenStRdwy2,BetweenStRdwyName2,Latitude,Longitude,Milepoint,CollisionDate,CollisionTime,UnitsInvolved,MotorVehiclesInvolved,NumberKilled,NumberInjured,Weather,RdwyConditionCode,HitandRun,DirAnalysisCode,MannerofCollision,RdwyCharacter,LightCondition,RampFromRdwyId,RampToRdwyId,AcceptedDate,IsSecondaryCollision,OwnerBadge,IncidentStatus,
28167969,0568000,LOUISVILLE METRO POLICE DEPT,Accepted,JEFFERSON,,1509,CRUMS,LN,,,,,,,,38.189313976,-85.802263007,0.378,5/22/2021 12:00:00 AM,1535,2,2,0,0,CLEAR,DRY,False,1 VEHICLE ENTERING/LEAVING ENTRANCE,ANGLE,STRAIGHT & LEVEL,DAYLIGHT,,,5/24/2021 9:28:21 AM,False,5308,Accepted,
28168004,0568000,LOUISVILLE METRO POLICE DEPT,Accepted,JEFFERSON,,,SOUTHERN,PKWY,,,LONE OAK,,,,,38.172854543,-85.777143343,0.801,5/22/2021 12:00:00 AM,2153,1,1,0,1,CLEAR,DRY,False,COLLISION WITH FIXED OBJECT IN INTERSECTION - FIRST EVENT COLLISION 09 - 32,SINGLE VEHICLE,STRAIGHT & LEVEL,DARK-HWY LIGHTED/ON,,,5/24/2021 9:30:54 AM,False,5337,Accepted,
28167994,0568000,LOUISVILLE METRO POLICE DEPT,Accepted,JEFFERSON,,,CENTRAL,AVE,,,RODMAN,,,,,38.205724021,-85.770548314,0.713,5/22/2021 12:00:00 AM,1910,2,2,0,1,CLEAR,DRY,False,ANGLE COLLISION - OTHER,ANGLE,STRAIGHT & LEVEL,DAYLIGHT,,,5/24/2021 9:30:02 AM,False,5127,Accepted,
28168056,0568000,LOUISVILLE METRO POLICE DEPT,Accepted,JEFFERSON,,,QUILLMAN,DR,,KY1931,ST ANDREWS CHURCH,,,,,38.153659443,-85.804387019,0.004,5/22/2021 12:00:00 AM,2100,2,2,0,0,CLEAR,DRY,False,OPPOSITE DIRECTION - BOTH VEHICLES GOING STRAIGHT AHEAD,SIDESWIPE-OPPOSITE DIRECTION,STRAIGHT & LEVEL,DARK-HWY LIGHTED/ON,,,5/24/2021 9:34:18 AM,False,7365,Accepted,
28168000,0568000,LOUISVILLE METRO POLICE DEPT,Accepted,JEFFERSON,,,DIXIE,HWY,,,DUMESNIL,,,,,38.236372625,-85.787177102,0.911,5/22/2021 12:00:00 AM,2121,1,1,0,0,CLEAR,DRY,False,NON-COLLISION OBJECT COLLISION,SINGLE VEHICLE,STRAIGHT & LEVEL,DARK-HWY LIGHTED/ON,,,5/24/2021 9:30:26 AM,False,5309,Accepted,
28167965,0568000,LOUISVILLE METRO POLICE DEPT,Accepted,JEFFERSON,,,FLINTLOCK,DR,,,,,,,,38.161211458,-85.841536697,0.500,5/22/2021 12:00:00 AM,1431,2,2,0,0,CLEAR,DRY,False,OTHER ROADWAY OR MID-BLOCK COLLISION,OPPOSING LEFT TURN,STRAIGHT & LEVEL,DARK-HWY LIGHTED/OFF,,,5/24/2021 9:28:10 AM,False,7244,Accepted,
28167966,0568000,LOUISVILLE METRO POLICE DEPT,Accepted,JEFFERSON,KY0061,9800,PRESTON,HWY,,,,,,,,38.101337696,-85.671868457,1.246,5/22/2021 12:00:00 AM,1658,2,2,0,0,CLEAR,DRY,False,OTHER ROADWAY OR MID-BLOCK COLLISION,REAR END,STRAIGHT & LEVEL,DAYLIGHT,,,5/24/2021 9:28:13 AM,False,7799,Accepted,
28167967,0568000,LOUISVILLE METRO POLICE DEPT,Accepted,JEFFERSON,KY1747,,FERN VALLEY,RD,,KY0061,PRESTON,,,,,38.156859874,-85.696942556,1.926,5/22/2021 12:00:00 AM,1206,2,2,0,3,CLEAR,DRY,False,ANGLE COLLISION - OTHER,ANGLE,STRAIGHT & LEVEL,DAYLIGHT,,,5/24/2021 9:28:17 AM,False,5297,Accepted,
28167982,0568000,LOUISVILLE METRO POLICE DEPT,Accepted,JEFFERSON,,8001,GLIMMER,WAY,,,,,,,,38.134314360,-85.778323434,0.546,5/22/2021 12:00:00 AM,2150,3,3,0,0,CLOUDY,DRY,False,COLLISION IN PARKING LOT,ANGLE,STRAIGHT & LEVEL,DARK-HWY LIGHTED/ON,,,5/24/2021 9:29:10 AM,False,5223,Accepted,
28167983,0568000,LOUISVILLE METRO POLICE DEPT,Accepted,JEFFERSON,KY0907,7800,3RD ST,RD,,,WISERTOWN,,,,,38.131659201,-85.791644495,4.988,5/22/2021 12:00:00 AM,2251,2,2,0,0,CLOUDY,DRY,False,ANGLE COLLISION - OTHER,ANGLE,STRAIGHT & LEVEL,DARK (UNKNOWN ROADWAY LIGHTING),,,5/24/2021 9:29:15 AM,False,5223,Accepted,
28167991,0568000,LOUISVILLE METRO POLICE DEPT,Accepted,JEFFERSON,,,12TH,ST,S,,OAK,,,,,38.236213131,-85.773640099,1.166,5/22/2021 12:00:00 AM,1940,2,2,0,0,CLEAR,DRY,False,ANGLE COLLISION - OTHER,ANGLE,STRAIGHT & LEVEL,DAYLIGHT,,,5/24/2021 9:29:45 AM,False,5229,Accepted,
28168026,0568000,LOUISVILLE METRO POLICE DEPT,Accepted,JEFFERSON,,4212,LARKWOOD,AVE,,,,,,,,38.259430257,-85.821973683,0.107,5/22/2021 12:00:00 AM,1009,3,3,0,2,CLEAR,DRY,False,1 VEHICLE ENTERING/LEAVING ENTRANCE,ANGLE,STRAIGHT & LEVEL,DAYLIGHT,,,5/24/2021 9:32:06 AM,False,7469,Accepted,
28168035,0568000,LOUISVILLE METRO POLICE DEPT,Accepted,JEFFERSON,,,OAK,ST,E,KY0061,PRESTON,,,,,38.234051793,-85.749470160,0.321,5/22/2021 12:00:00 AM,2052,2,2,0,0,CLEAR,DRY,False,COLLISION WITH PARKED VEHICLE,SIDESWIPE-SAME DIRECTION,CURVE & LEVEL,DUSK,,,5/24/2021 9:32:51 AM,False,5249,Accepted,
28165151,0560300,ST. MATTHEWS POLICE DEPARTMENT,Accepted,JEFFERSON,US0060,5000,SHELBYVILLE,RD,,,,,,,,38.250172104,-85.623664289,5.301,5/22/2021 12:00:00 AM,1030,2,2,0,0,CLEAR,DRY,False,COLLISION IN PARKING LOT,ANGLE,STRAIGHT & LEVEL,DAYLIGHT,,,5/23/2021 4:51:52 PM,False,9171,Accepted,
28167940,0568000,LOUISVILLE METRO POLICE DEPT,Accepted,JEFFERSON,KY0864,,POPLAR LEVEL,RD,,,VALLA,,,,,38.175957562,-85.688255267,9.565,5/22/2021 12:00:00 AM,0433,2,2,0,0,CLEAR,DRY,False,OPPOSING LEFT TURN,OPPOSING LEFT TURN,STRAIGHT & LEVEL,DARK-HWY NOT LIGHTED,,,5/24/2021 9:26:35 AM,False,5269,Accepted,
28167957,0568000,LOUISVILLE METRO POLICE DEPT,Accepted,JEFFERSON,I 0264,,,,,,,,,,,38.189484978,-85.783325646,0.179,5/22/2021 12:00:00 AM,1215,2,2,0,0,CLEAR,DRY,False,OTHER RAMP RELATED COLLISIONS NOT LISTED ABOVE,SIDESWIPE-SAME DIRECTION,STRAIGHT & LEVEL,DAYLIGHT,I 0264,KY1865,5/24/2021 9:27:23 AM,False,5335,Accepted,
28167958,0568000,LOUISVILLE METRO POLICE DEPT,Accepted,JEFFERSON,KY0061,,PRESTON,HWY,,,HIGH SCHOOL,,,,,38.125301559,-85.679628563,2.981,5/22/2021 12:00:00 AM,1011,2,2,0,1,CLEAR,DRY,False,ANGLE COLLISION - OTHER,ANGLE,STRAIGHT & LEVEL,DAYLIGHT,,,5/24/2021 9:27:30 AM,False,7772,Accepted,
28167959,0568000,LOUISVILLE METRO POLICE DEPT,Accepted,JEFFERSON,I 0264,,,,,,,,,,,38.201081331,-85.687971145,0.265,5/22/2021 12:00:00 AM,1336,2,2,0,0,CLEAR,DRY,False,OTHER RAMP RELATED COLLISIONS NOT LISTED ABOVE,REAR END,CURVE & LEVEL,DAYLIGHT,I 0264,KY1703,5/24/2021 9:27:41 AM,False,7284,Accepted,
28167915,0568000,LOUISVILLE METRO POLICE DEPT,Accepted,JEFFERSON,KY0907,,3RD ST,RD,,,,,,,,38.115228770,-85.834829099,2.112,5/21/2021 12:00:00 AM,1511,1,1,0,0,CLEAR,DRY,False,COLLISION IN PARKING LOT,SINGLE VEHICLE,STRAIGHT & LEVEL,DAYLIGHT,,,5/24/2021 9:25:11 AM,False,7234,Accepted,
28167924,0568000,LOUISVILLE METRO POLICE DEPT,Accepted,JEFFERSON,I 0264,,I264 W,,,,,,,,,38.265780426,-85.806399219,0.813,5/21/2021 12:00:00 AM,1715,2,2,0,1,CLEAR,DRY,False,REAR END IN TRAFFIC LANES BOTH VEHICLES MOVING,REAR END,STRAIGHT & LEVEL,DAYLIGHT,,,5/24/2021 9:25:36 AM,False,5132,Accepted,
28167925,0568000,LOUISVILLE METRO POLICE DEPT,Accepted,JEFFERSON,,,MARCH,BLVD,,,,,,,,38.191818170,-85.799466070,0.077,5/21/2021 12:00:00 AM,1611,2,2,0,4,CLEAR,DRY,True,1 VEHICLE ENTERING/LEAVING ENTRANCE,ANGLE,STRAIGHT & LEVEL,DAYLIGHT,,,5/24/2021 9:25:39 AM,False,5308,Accepted,
28167933,0568000,LOUISVILLE METRO POLICE DEPT,Accepted,JEFFERSON,KY1865,,TAYLOR,BLVD,,,LYNNHURST,,,,,38.178362870,-85.782954893,4.943,5/21/2021 12:00:00 AM,1916,3,3,0,0,CLEAR,DRY,False,OTHER INTERSECTION COLLISIONS,REAR END,STRAIGHT & LEVEL,DAYLIGHT,,,5/24/2021 9:26:12 AM,False,5284,Accepted,
28167934,0568000,LOUISVILLE METRO POLICE DEPT,Accepted,JEFFERSON,,,ROGERS,ST,,US0031E,BAXTER,,,,,38.245366018,-85.728301401,0.103,5/21/2021 12:00:00 AM,2100,3,3,0,0,CLEAR,DRY,False,OTHER INTERSECTION COLLISIONS,REAR END,STRAIGHT & LEVEL,DARK-HWY LIGHTED/ON,,,5/24/2021 9:26:15 AM,False,5195,Accepted,
28167899,0568000,LOUISVILLE METRO POLICE DEPT,Accepted,JEFFERSON,KY1747,,FERN VALLEY,RD,,,,,,,,38.156937515,-85.700641998,1.732,5/21/2021 12:00:00 AM,0746,2,2,0,0,CLEAR,DRY,False,1 VEHICLE ENTERING/LEAVING ENTRANCE,ANGLE,STRAIGHT & LEVEL,DAYLIGHT,,,5/24/2021 9:24:22 AM,False,4693,Accepted,
28167907,0568000,LOUISVILLE METRO POLICE DEPT,Accepted,JEFFERSON,,432,JEFFERSON,ST,E,,,,,,,38.252473165,-85.744631020,0.642,5/21/2021 12:00:00 AM,1226,2,1,0,1,CLEAR,DRY,False,COLLISION WITH PEDESTRIAN NON - INTERSECTION,SINGLE VEHICLE,STRAIGHT & LEVEL,DAYLIGHT,,,5/24/2021 9:24:45 AM,False,5338,Accepted,
28167985,0568000,LOUISVILLE METRO POLICE DEPT,Accepted,JEFFERSON,KY0061,7100,PRESTON,HWY,,,,,,,,38.150346152,-85.693329145,4.848,5/21/2021 12:00:00 AM,2000,2,2,0,0,CLEAR,DRY,False,1 VEHICLE ENTERING/LEAVING ENTRANCE,ANGLE,STRAIGHT & LEVEL,DAYLIGHT,,,5/24/2021 9:29:24 AM,False,5198,Accepted,
28167984,0568000,LOUISVILLE METRO POLICE DEPT,Accepted,JEFFERSON,,,HANCOCK,ST,S,US0150,BROADWAY,,,,,38.245042196,-85.743607372,0.693,5/21/2021 12:00:00 AM,0708,2,1,0,1,CLEAR,DRY,True,COLLISION WITH PEDESTRIAN IN INTERSECTION,SINGLE VEHICLE,STRAIGHT & LEVEL,DUSK,,,5/24/2021 9:29:19 AM,False,5135,Accepted,
28167974,0568000,LOUISVILLE METRO POLICE DEPT,Accepted,JEFFERSON,I 0265,,,,,,,,,,,38.139391678,-85.582279144,0.399,5/21/2021 12:00:00 AM,1425,2,2,0,1,CLEAR,DRY,False,OTHER RAMP RELATED COLLISIONS NOT LISTED ABOVE,REAR END,STRAIGHT & LEVEL,DAYLIGHT,I 0265,US31E,5/24/2021 9:28:41 AM,False,8278,Accepted,
28167975,0568000,LOUISVILLE METRO POLICE DEPT,Accepted,JEFFERSON,I 0065,,I65 N,,,,,,,,,38.170811524,-85.720471647,129.220,5/21/2021 12:00:00 AM,1459,2,2,0,1,CLEAR,DRY,False,REAR END IN TRAFFIC LANES BOTH VEHICLES MOVING,REAR END,STRAIGHT & LEVEL,DAYLIGHT,,,5/24/2021 9:28:44 AM,False,8278,Accepted,
28167950,0568000,LOUISVILLE METRO POLICE DEPT,Accepted,JEFFERSON,US0031E,,BARDSTOWN,RD,,,GARDINER,,,,,38.212860264,-85.672567509,12.087,5/21/2021 12:00:00 AM,1712,3,3,0,1,CLEAR,DRY,False,OTHER INTERSECTION COLLISIONS,REAR END,STRAIGHT & LEVEL,DAYLIGHT,,,5/24/2021 9:27:00 AM,False,7284,Accepted,
28167910,0568000,LOUISVILLE METRO POLICE DEPT,Accepted,JEFFERSON,,1278,FARMDALE,AVE,,,,,,,,38.192576424,-85.722008084,0.150,5/21/2021 12:00:00 AM,0922,3,3,0,0,CLEAR,DRY,True,1 VEHICLE PARKED POSITION (NOT PARKING LOT/DRIVEWAY),SIDESWIPE-SAME DIRECTION,STRAIGHT & LEVEL,DARK (UNKNOWN ROADWAY LIGHTING),,,5/24/2021 9:24:53 AM,False,7383,Accepted,
28167927,0568000,LOUISVILLE METRO POLICE DEPT,Accepted,JEFFERSON,,,HILL,ST,W,,7TH,,,,,38.226731497,-85.769064945,0.658,5/21/2021 12:00:00 AM,1518,2,2,0,0,CLEAR,DRY,False,ANGLE COLLISION - OTHER,ANGLE,STRAIGHT & LEVEL,DAYLIGHT,,,5/24/2021 9:25:47 AM,False,7402,Accepted,
28167942,0568000,LOUISVILLE METRO POLICE DEPT,Accepted,JEFFERSON,KY0907,,3RD ST,RD,,,JAMES HILL,,,,,38.115956292,-85.821420185,2.858,5/21/2021 12:00:00 AM,2221,1,1,0,1,CLEAR,DRY,False,OTHER INTERSECTION COLLISIONS,SINGLE VEHICLE,CURVE & GRADE,DARK (UNKNOWN ROADWAY LIGHTING),,,5/24/2021 9:26:38 AM,False,5223,Accepted,
28167960,0568000,LOUISVILLE METRO POLICE DEPT,Accepted,JEFFERSON,US0031E,,BARDSTOWN,RD,,,NEWBRIDGE,,,,,38.156883729,-85.590620876,6.056,5/21/2021 12:00:00 AM,1609,2,2,0,0,CLEAR,DRY,False,ANGLE COLLISION - OTHER,ANGLE,STRAIGHT & LEVEL,DAYLIGHT,,,5/24/2021 9:27:51 AM,False,7755,Accepted,
28168061,0568000,LOUISVILLE METRO POLICE DEPT,Accepted,JEFFERSON,,2712,6TH,ST,S,,,,,,,38.208567073,-85.768364164,2.538,5/21/2021 12:00:00 AM,2108,3,3,0,0,CLEAR,DRY,False,1 VEHICLE PARKED POSITION (NOT PARKING LOT/DRIVEWAY),SIDESWIPE-OPPOSITE DIRECTION,STRAIGHT & LEVEL,DAYLIGHT,,,5/24/2021 9:34:27 AM,False,5319,Accepted,
28167988,0568000,LOUISVILLE METRO POLICE DEPT,Accepted,JEFFERSON,US0150,,BROADWAY,,E,KY0864,CAMPBELL,,,,,38.244610528,-85.737483882,3.458,5/21/2021 12:00:00 AM,1934,2,2,0,1,CLEAR,DRY,False,ANGLE COLLISION - OTHER,ANGLE,STRAIGHT & LEVEL,DAYLIGHT,,,5/24/2021 9:29:36 AM,False,5331,Accepted,
28167947,0568000,LOUISVILLE METRO POLICE DEPT,Accepted,JEFFERSON,,,GARLAND,AVE,,,32ND,,,,,38.245591467,-85.805879921,2.095,5/21/2021 12:00:00 AM,1320,2,2,0,0,CLEAR,DRY,False,ANGLE COLLISION - ONE VEHICLE TURNING LEFT,ANGLE,STRAIGHT & LEVEL,DAYLIGHT,,,5/24/2021 9:26:55 AM,False,5303,Accepted,
28167929,0568000,LOUISVILLE METRO POLICE DEPT,Accepted,JEFFERSON,KY1865,,TAYLOR,BLVD,,,HUNTOON,,,,,38.171590050,-85.781749080,4.469,5/21/2021 12:00:00 AM,0949,2,2,0,2,CLEAR,DRY,False,ANGLE COLLISION - OTHER,ANGLE,STRAIGHT & LEVEL,DAYLIGHT,,,5/24/2021 9:25:54 AM,False,7468,Accepted,
28167937,0568000,LOUISVILLE METRO POLICE DEPT,Accepted,JEFFERSON,US0031W,,22ND,ST,S,,ST LOUIS,,,,,38.233681016,-85.790887495,18.510,5/21/2021 12:00:00 AM,1605,2,2,0,3,CLEAR,DRY,False,ANGLE COLLISION - OTHER,ANGLE,STRAIGHT & LEVEL,DAYLIGHT,,,5/24/2021 9:26:23 AM,False,5309,Accepted,
28167914,0568000,LOUISVILLE METRO POLICE DEPT,Accepted,JEFFERSON,I 0265,,I265 W,,,,,,,,,38.148526777,-85.541418507,19.604,5/21/2021 12:00:00 AM,1638,2,2,0,0,CLEAR,DRY,False,REAR END IN TRAFFIC LANES BOTH VEHICLES MOVING,REAR END,STRAIGHT & GRADE,DAYLIGHT,,,5/24/2021 9:25:08 AM,False,2321,Accepted,
28167931,0568000,LOUISVILLE METRO POLICE DEPT,Accepted,JEFFERSON,,,3RD,ST,S,,,,WOODLAWN,,KENWOOD,38.181360199,-85.766269020,1.333,5/21/2021 12:00:00 AM,1511,2,2,0,0,CLEAR,DRY,False,1 VEHICLE ENTERING/LEAVING ENTRANCE,ANGLE,STRAIGHT & LEVEL,DAYLIGHT,,,5/24/2021 9:26:02 AM,False,5221,Accepted,
28167939,0568000,LOUISVILLE METRO POLICE DEPT,Accepted,JEFFERSON,KY1020,,3RD,ST,S,,ORMSBY,,,,,38.232710788,-85.759051894,11.170,5/21/2021 12:00:00 AM,1936,2,1,0,1,CLEAR,DRY,True,COLLISION WITH PEDESTRIAN IN INTERSECTION,SINGLE VEHICLE,STRAIGHT & LEVEL,DAYLIGHT,,,5/24/2021 9:26:31 AM,False,5230,Accepted,
28200789,0568000,LOUISVILLE METRO POLICE DEPT,Accepted,JEFFERSON,,,DIXIE,HWY,,,,,,,,38.245677413,-85.783606859,0.241,5/21/2021 12:00:00 AM,1330,2,2,0,0,CLEAR,DRY,False,REAR END IN TRAFFIC LANES BOTH VEHICLES MOVING,REAR END,STRAIGHT & LEVEL,DAYLIGHT,,,6/1/2021 9:27:03 AM,False,2738,Accepted,
28167895,0568000,LOUISVILLE METRO POLICE DEPT,Accepted,JEFFERSON,I 0065,,I65 S,,,,,,,,,38.236396939,-85.752197439,134.598,5/21/2021 12:00:00 AM,0821,3,3,0,0,CLEAR,DRY,False,OTHER ROADWAY OR MID-BLOCK COLLISION,REAR END,STRAIGHT & LEVEL,DAYLIGHT,,,5/24/2021 9:24:02 AM,True,4903,Accepted,
28167911,0568000,LOUISVILLE METRO POLICE DEPT,Accepted,JEFFERSON,KY0061,,PRESTON,HWY,,,,,LOCUST,,JEFFERSON,38.206785574,-85.737435814,9.468,5/21/2021 12:00:00 AM,1506,2,2,0,2,CLEAR,DRY,False,REAR END IN TRAFFIC LANES BOTH VEHICLES MOVING,REAR END,STRAIGHT & LEVEL,DAYLIGHT,,,5/24/2021 9:24:57 AM,False,7383,Accepted,
28167912,0568000,LOUISVILLE METRO POLICE DEPT,Accepted,JEFFERSON,KY2054,,ALGONQUIN,PKWY,,,MCCLOSKEY,,,,,38.222853812,-85.787991768,1.820,5/21/2021 12:00:00 AM,1523,2,2,0,0,CLEAR,DRY,False,ANGLE COLLISION - OTHER,ANGLE,STRAIGHT & LEVEL,DAYLIGHT,,,5/24/2021 9:25:01 AM,False,7184,Accepted,
28167913,0568000,LOUISVILLE METRO POLICE DEPT,Accepted,JEFFERSON,,,CHESTNUT,ST,E,KY0061,JACKSON,,,,,38.247361239,-85.743176773,0.535,5/21/2021 12:00:00 AM,1501,2,2,0,4,CLEAR,DRY,False,ANGLE COLLISION - OTHER,ANGLE,STRAIGHT & LEVEL,DAYLIGHT,,,5/24/2021 9:25:04 AM,False,7058,Accepted,
28157908,0568000,LOUISVILLE METRO POLICE DEPT,Accepted,JEFFERSON,US0060A,1422,BERRY,BLVD,,,,,WHEELER,,LENTZ,38.196452970,-85.786714789,1.261,5/21/2021 12:00:00 AM,0115,3,3,0,1,CLEAR,DRY,False,1 VEHICLE PARKED POSITION (NOT PARKING LOT/DRIVEWAY),ANGLE,STRAIGHT & LEVEL,DARK-HWY LIGHTED/ON,,,5/21/2021 8:45:22 AM,False,5348,Accepted,
28167919,0568000,LOUISVILLE METRO POLICE DEPT,Accepted,JEFFERSON,,,BRADLEY,AVE,,,CRITTENDEN,,,,,38.216838907,-85.750434338,0.115,5/21/2021 12:00:00 AM,1622,2,2,0,0,CLEAR,DRY,False,OPPOSING LEFT TURN,OPPOSING LEFT TURN,STRAIGHT & LEVEL,DAYLIGHT,,,5/24/2021 9:25:18 AM,False,5120,Accepted,
28167920,0568000,LOUISVILLE METRO POLICE DEPT,Accepted,JEFFERSON,,,JEFFERSON,ST,W,,17TH,,,,,38.256276672,-85.778454285,1.448,5/21/2021 12:00:00 AM,1555,3,3,0,1,CLEAR,DRY,False,COLLISION WITH PARKED VEHICLE,SIDESWIPE-SAME DIRECTION,STRAIGHT & LEVEL,DAYLIGHT,,,5/24/2021 9:25:22 AM,False,5342,Accepted,
28167921,0568000,LOUISVILLE METRO POLICE DEPT,Accepted,JEFFERSON,,,ROY WILKINS,AVE,,,CHESTNUT,,,,,38.249935543,-85.766182371,0.533,5/21/2021 12:00:00 AM,1301,2,2,0,0,CLEAR,FLOODED,False,OTHER INTERSECTION COLLISIONS,REAR END,STRAIGHT & LEVEL,DAYLIGHT,,,5/24/2021 9:25:26 AM,False,5334,Accepted,
28167922,0568000,LOUISVILLE METRO POLICE DEPT,Accepted,JEFFERSON,KY0061,,PRESTON,HWY,,,OKOLONA,,,,,38.136616331,-85.685665034,3.833,5/21/2021 12:00:00 AM,1652,2,2,0,0,CLEAR,DRY,False,ANGLE COLLISION - OTHER,ANGLE,STRAIGHT & LEVEL,DAYLIGHT,,,5/24/2021 9:25:30 AM,False,7397,Accepted,
28167928,0568000,LOUISVILLE METRO POLICE DEPT,Accepted,JEFFERSON,,,KAHLERT,AVE,,,CARLISLE,,,,,38.194311482,-85.787073613,0.096,5/21/2021 12:00:00 AM,1812,2,2,0,0,CLEAR,DRY,False,ANGLE COLLISION - OTHER,ANGLE,STRAIGHT & LEVEL,DAYLIGHT,,,5/24/2021 9:25:51 AM,False,7402,Accepted,
28182900,0568000,LOUISVILLE METRO POLICE DEPT,Accepted,JEFFERSON,US0031E,4335,BARDSTOWN,RD,,,,,,,,38.183968937,-85.631863199,9.035,5/21/2021 12:00:00 AM,1748,2,2,0,0,CLEAR,DRY,False,SIDESWIPE COLLISION - SAME DIRECTION,SIDESWIPE-SAME DIRECTION,STRAIGHT & LEVEL,DAYLIGHT,,,5/27/2021 8:50:39 AM,False,7200,Accepted,
28182896,0568000,LOUISVILLE METRO POLICE DEPT,Accepted,JEFFERSON,,,FLOYD,ST,S,,LIBERTY,,,,,38.252123275,-85.748540322,0.244,5/21/2021 12:00:00 AM,1436,2,2,0,2,CLOUDY,DRY,False,OPPOSING LEFT TURN,OPPOSING LEFT TURN,STRAIGHT & LEVEL,DAYLIGHT,,,5/27/2021 8:50:27 AM,False,7904,Accepted,
28200869,0568000,LOUISVILLE METRO POLICE DEPT,Accepted,JEFFERSON,,,3RD,ST,S,,ALGER,,,,,38.166437759,-85.768860881,2.235,5/21/2021 12:00:00 AM,1309,2,2,0,1,CLOUDY,DRY,False,ANGLE COLLISION - OTHER,ANGLE,STRAIGHT & LEVEL,DAYLIGHT,,,6/1/2021 9:31:05 AM,False,7232,Accepted,
28294854,0568000,LOUISVILLE METRO POLICE DEPT,Accepted,JEFFERSON,KY1931,,GREENWOOD,RD,,,,,,,,38.144453684,-85.866848369,1.510,5/21/2021 12:00:00 AM,1621,2,2,0,0,CLEAR,DRY,False,1 VEHICLE ENTERING/LEAVING ENTRANCE,ANGLE,STRAIGHT & LEVEL,DAYLIGHT,,,6/25/2021 8:41:43 AM,False,7234,Accepted,
28409984,0568000,LOUISVILLE METRO POLICE DEPT,Accepted,JEFFERSON,,,AMHERST,AVE,E,,1ST,,,,,38.174886616,-85.763327979,0.001,5/21/2021 12:00:00 AM,1500,2,2,0,1,CLEAR,DRY,False,ANGLE COLLISION - OTHER,ANGLE,STRAIGHT & LEVEL,DAYLIGHT,,,7/26/2021 8:05:33 AM,False,5335,Accepted,
28254619,0568000,LOUISVILLE METRO POLICE DEPT,Accepted,JEFFERSON,KY1934,,GREENBELT,HWY,,,RIVER FIELD,,,,,38.142809165,-85.886965438,4.149,5/20/2021 12:00:00 AM,2106,2,1,0,2,CLEAR,DRY,False,COLLISION WITH PARKED VEHICLE,REAR END,STRAIGHT & LEVEL,DARK-HWY NOT LIGHTED,,,6/14/2021 11:34:55 PM,False,5211,Accepted,
28178075,0568000,LOUISVILLE METRO POLICE DEPT,Accepted,JEFFERSON,,125,7TH,ST,S,,,,,,,38.256144605,-85.761686959,2.697,5/20/2021 12:00:00 AM,1918,2,2,0,0,CLEAR,DRY,True,1 VEHICLE PARKED POSITION (NOT PARKING LOT/DRIVEWAY),SIDESWIPE-SAME DIRECTION,STRAIGHT & LEVEL,DAYLIGHT,,,5/26/2021 8:22:49 AM,False,5168,Accepted,
28229647,0568000,LOUISVILLE METRO POLICE DEPT,Accepted,JEFFERSON,,,CRUMS,LN,S,,SUNFLOWER,,,,,38.194603940,-85.834730278,0.249,5/20/2021 12:00:00 AM,1758,2,2,0,0,CLEAR,DRY,False,ANGLE COLLISION - OTHER,ANGLE,STRAIGHT & LEVEL,DAYLIGHT,,,6/8/2021 8:44:38 AM,False,5257,Accepted,
28153857,0568000,LOUISVILLE METRO POLICE DEPT,Accepted,JEFFERSON,,,CHESTNUT,ST,W,,26TH,,,,,38.253039268,-85.794536879,0.349,5/20/2021 12:00:00 AM,0010,3,3,0,1,CLEAR,DRY,False,ANGLE COLLISION - ONE VEHICLE TURNING RIGHT,ANGLE,STRAIGHT & LEVEL,DARK-HWY LIGHTED/ON,,,5/20/2021 8:46:45 AM,True,5271,Accepted,
28178077,0568000,LOUISVILLE METRO POLICE DEPT,Accepted,JEFFERSON,,614,SINCLAIR,ST,,,DRUMMOND,,,,,38.120467652,-85.753664095,0.307,5/20/2021 12:00:00 AM,1900,2,2,0,0,CLEAR,DRY,False,COLLISION WITH PARKED VEHICLE,REAR END,STRAIGHT & LEVEL,DAYLIGHT,,,5/26/2021 8:22:52 AM,False,7080,Accepted,
28200899,0568000,LOUISVILLE METRO POLICE DEPT,Accepted,JEFFERSON,,,GRIFFITHS,AVE,,,24TH,,,,,38.265329860,-85.787962752,0.505,5/20/2021 12:00:00 AM,0228,2,2,0,0,CLEAR,DRY,False,COLLISION WITH PARKED VEHICLE,REAR END,STRAIGHT & LEVEL,DARK-HWY LIGHTED/ON,,,6/1/2021 9:33:15 AM,False,5199,Accepted,
28157892,0568000,LOUISVILLE METRO POLICE DEPT,Accepted,JEFFERSON,US0031E,,BARDSTOWN,RD,,,,,,,,38.126616599,-85.575344137,3.801,5/20/2021 12:00:00 AM,1033,3,3,0,0,CLEAR,DRY,False,REAR END IN TRAFFIC LANES BOTH VEHICLES MOVING,REAR END,STRAIGHT & LEVEL,DAYLIGHT,,,5/21/2021 8:44:28 AM,False,4693,Accepted,
28157901,0568000,LOUISVILLE METRO POLICE DEPT,Accepted,JEFFERSON,,1111,RAY,AVE,,,,,,,,38.241932452,-85.710363035,0.059,5/20/2021 12:00:00 AM,1708,2,2,0,0,CLEAR,DRY,False,1 VEHICLE PARKED POSITION (NOT PARKING LOT/DRIVEWAY),ANGLE,STRAIGHT & LEVEL,DAYLIGHT,,,5/21/2021 8:44:58 AM,False,7129,Accepted,