IncidentID,AgencyORI,AgencyName,IncidentStatusDesc,County,RdwyNumber,Street,RoadwayName,StreetSfx,StreetDir,IntersectionRdwy,IntersectionRdwyName,BetweenStRdwy1,BetweenStRdwyName1,BetweenStRdwy2,BetweenStRdwyName2,Latitude,Longitude,Milepoint,CollisionDate,CollisionTime,UnitsInvolved,MotorVehiclesInvolved,NumberKilled,NumberInjured,Weather,RdwyConditionCode,HitandRun,DirAnalysisCode,MannerofCollision,RdwyCharacter,LightCondition,RampFromRdwyId,RampToRdwyId,AcceptedDate,IsSecondaryCollision,OwnerBadge,IncidentStatus,
28167896,0568000,LOUISVILLE METRO POLICE DEPT,Accepted,JEFFERSON,I 0064,,I64 E,,,,,,,,,38.222601653,-85.502948034,19.097,5/20/2021 12:00:00 AM,1316,2,2,0,0,CLEAR,DRY,False,SIDESWIPE COLLISION - SAME DIRECTION,SIDESWIPE-SAME DIRECTION,STRAIGHT & LEVEL,DAYLIGHT,,,5/24/2021 9:24:07 AM,False,7751,Accepted,
28157894,0568000,LOUISVILLE METRO POLICE DEPT,Accepted,JEFFERSON,US0031E,,BARDSTOWN,RD,,,,,,,,38.080862424,-85.554920088,0.394,5/20/2021 12:00:00 AM,1530,1,1,0,0,CLEAR,DRY,False,RAN OFF ROADWAY (1 VEHICLE WITH/EARTH EMBANKMENT/DITCH),SINGLE VEHICLE,STRAIGHT & LEVEL,DAYLIGHT,,,5/21/2021 8:44:35 AM,False,7698,Accepted,
28157895,0568000,LOUISVILLE METRO POLICE DEPT,Accepted,JEFFERSON,KY0155,,TAYLORSVILLE,RD,,,,,LOWE,,,38.219083985,-85.609939983,12.466,5/20/2021 12:00:00 AM,1118,3,3,0,1,CLEAR,DRY,False,REAR END IN TRAFFIC LANES BOTH VEHICLES MOVING,REAR END,STRAIGHT & LEVEL,DAYLIGHT,,,5/21/2021 8:44:38 AM,False,5288,Accepted,
28157902,0568000,LOUISVILLE METRO POLICE DEPT,Accepted,JEFFERSON,KY1932,,BRECKENRIDGE,LN,,,BRONNER,,,,,38.184911852,-85.626349570,0.247,5/20/2021 12:00:00 AM,1723,2,2,0,2,CLEAR,DRY,False,OPPOSING LEFT TURN,OPPOSING LEFT TURN,STRAIGHT & LEVEL,DAYLIGHT,,,5/21/2021 8:45:01 AM,False,7294,Accepted,
28157903,0568000,LOUISVILLE METRO POLICE DEPT,Accepted,JEFFERSON,,1700,BICKNELL,AVE,,,,,,,,38.183716925,-85.791199511,0.683,5/20/2021 12:00:00 AM,1623,1,1,0,1,CLEAR,DRY,False,OTHER ROADWAY OR MID-BLOCK COLLISION,SINGLE VEHICLE,STRAIGHT & LEVEL,DAYLIGHT,,,5/21/2021 8:45:06 AM,False,5123,Accepted,
28157911,0568000,LOUISVILLE METRO POLICE DEPT,Accepted,JEFFERSON,KY1934,,GREENBELT,HWY,,,RIVER FIELD,,,,,38.142809165,-85.886965438,4.149,5/20/2021 12:00:00 AM,2056,2,2,0,0,CLEAR,DRY,False,ANGLE COLLISION - OTHER,ANGLE,STRAIGHT & LEVEL,DARK-HWY NOT LIGHTED,,,5/21/2021 8:45:32 AM,False,5211,Accepted,
28157912,0568000,LOUISVILLE METRO POLICE DEPT,Accepted,JEFFERSON,US0031W,710,MAIN,ST,W,,,,,,,38.257217811,-85.762018080,21.631,5/20/2021 12:00:00 AM,2320,2,2,0,0,CLEAR,DRY,True,1 VEHICLE PARKED POSITION (NOT PARKING LOT/DRIVEWAY),SIDESWIPE-SAME DIRECTION,STRAIGHT & LEVEL,DARK-HWY LIGHTED/ON,,,5/21/2021 8:45:36 AM,False,7325,Accepted,
28153859,0568000,LOUISVILLE METRO POLICE DEPT,Accepted,JEFFERSON,,990,9TH,ST,S,,,,,,,38.238198732,-85.768157859,0.608,5/20/2021 12:00:00 AM,0440,1,1,0,3,CLEAR,DRY,False,COLLISION WITH FIXED OBJECT NON - INTERSECTION - FIRST EVENT COLLISION 09 - 32 EXCLUDING 16,SINGLE VEHICLE,STRAIGHT & LEVEL,DARK-HWY LIGHTED/ON,,,5/20/2021 8:46:51 AM,False,5261,Accepted,
28157827,0560600,WEST BUECHEL POLICE DEPT.,Accepted,JEFFERSON,KY1703,,KY1703 CONNECTOR FROM CR1002G,,,,HIKES,,,,,38.189918798,-85.670368440,0.002,5/20/2021 12:00:00 AM,1632,1,1,0,0,CLEAR,DRY,False,COLLISION WITH FIXED OBJECT IN INTERSECTION - FIRST EVENT COLLISION 09 - 32,SINGLE VEHICLE,CURVE & GRADE,DAYLIGHT,,,5/21/2021 8:34:24 AM,False,1290,Accepted,
28200788,0568000,LOUISVILLE METRO POLICE DEPT,Accepted,JEFFERSON,KY1932,2800,BRECKENRIDGE,LN,,,,,,,,38.184408421,-85.626303030,0.223,5/20/2021 12:00:00 AM,1019,2,2,0,0,CLEAR,DRY,False,REAR END IN TRAFFIC LANES BOTH VEHICLES MOVING,REAR END,STRAIGHT & LEVEL,DAYLIGHT,,,6/1/2021 9:26:59 AM,False,2738,Accepted,
28200916,0568000,LOUISVILLE METRO POLICE DEPT,Accepted,JEFFERSON,I 0264,,I264 W,,,,,I 0264,I264 W EXIT14 OFF RAMP TO KY864,I 0264,I264 W EXIT15 ON RAMP FROM KY1703,38.201152135,-85.694176902,14.220,5/20/2021 12:00:00 AM,1749,2,2,0,0,CLEAR,DRY,False,SIDESWIPE COLLISION - SAME DIRECTION,SIDESWIPE-SAME DIRECTION,STRAIGHT & LEVEL,DAYLIGHT,,,6/1/2021 9:34:08 AM,False,7938,Accepted,
28157893,0568000,LOUISVILLE METRO POLICE DEPT,Accepted,JEFFERSON,,,26TH,ST,S,,BROADWAY,,,,,38.249468653,-85.794868477,0.780,5/20/2021 12:00:00 AM,1303,3,3,0,4,CLEAR,DRY,False,ANGLE COLLISION - OTHER,ANGLE,STRAIGHT & LEVEL,DAYLIGHT,,,5/21/2021 8:44:31 AM,False,7361,Accepted,
28168071,0568000,LOUISVILLE METRO POLICE DEPT,Accepted,JEFFERSON,,,BURNETT,AVE,E,,,,,,,38.223793103,-85.740393168,0.920,5/20/2021 12:00:00 AM,1344,2,2,0,1,CLEAR,DRY,False,1 VEHICLE ENTERING/LEAVING ENTRANCE,ANGLE,STRAIGHT & LEVEL,DAYLIGHT,,,5/24/2021 9:34:58 AM,False,5258,Accepted,
28173236,0568000,LOUISVILLE METRO POLICE DEPT,Accepted,JEFFERSON,KY0864,,POPLAR LEVEL,RD,,,,,QUARRY HILL,,AUDUBON,38.209287727,-85.716392074,12.400,5/20/2021 12:00:00 AM,0919,2,2,0,0,CLEAR,DRY,False,REAR END IN TRAFFIC LANES BOTH VEHICLES MOVING,REAR END,STRAIGHT & LEVEL,DAYLIGHT,,,5/25/2021 8:39:37 AM,False,7938,Accepted,
28157913,0568000,LOUISVILLE METRO POLICE DEPT,Accepted,JEFFERSON,I 0064,,I64 E,,,,,,,,,38.272250522,-85.784526947,2.524,5/20/2021 12:00:00 AM,1217,1,1,0,2,CLEAR,DRY,False,OTHER ROADWAY OR MID-BLOCK COLLISION,SINGLE VEHICLE,CURVE & LEVEL,DAYLIGHT,,,5/21/2021 8:45:39 AM,False,4903,Accepted,
28157897,0568000,LOUISVILLE METRO POLICE DEPT,Accepted,JEFFERSON,I 0065,,,,,,,,,,,38.178333873,-85.718123853,0.066,5/20/2021 12:00:00 AM,1533,2,2,0,0,CLEAR,DRY,False,OTHER RAMP RELATED COLLISIONS NOT LISTED ABOVE,REAR END,CURVE & LEVEL,DAYLIGHT,KY0061,I 0065,5/21/2021 8:44:45 AM,False,7448,Accepted,
28157898,0568000,LOUISVILLE METRO POLICE DEPT,Accepted,JEFFERSON,US0031E,,BARDSTOWN,RD,,,BASHFORD MANOR,,,,,38.202942840,-85.664349845,11.341,5/20/2021 12:00:00 AM,1600,2,2,0,2,CLEAR,DRY,False,ANGLE COLLISION - ONE VEHICLE TURNING LEFT,ANGLE,STRAIGHT & LEVEL,DAYLIGHT,,,5/21/2021 8:44:49 AM,False,5247,Accepted,
28157899,0568000,LOUISVILLE METRO POLICE DEPT,Accepted,JEFFERSON,,4306,FEGENBUSH,LN,,,,,,,,38.186605726,-85.638083241,0.046,5/20/2021 12:00:00 AM,1413,2,2,0,0,CLEAR,DRY,False,OTHER ROADWAY OR MID-BLOCK COLLISION,OPPOSING LEFT TURN,STRAIGHT & LEVEL,DAYLIGHT,,,5/21/2021 8:44:52 AM,False,7739,Accepted,
28156369,0561000,JEFFERSONTOWN POLICE DEPT,Accepted,JEFFERSON,KY1747,,HURSTBOURNE,PKWY,S,KY6159,BLUEGRASS PKWY ACCESS,,,,,38.220222297,-85.581366225,11.639,5/20/2021 12:00:00 AM,1756,2,2,0,0,CLEAR,DRY,False,OTHER INTERSECTION COLLISIONS,REAR END,STRAIGHT & LEVEL,DAYLIGHT,,,5/20/2021 10:02:00 PM,False,8265,Accepted,
28157888,0568000,LOUISVILLE METRO POLICE DEPT,Accepted,JEFFERSON,,,ELZIE,RD,,US0031W,DIXIE,,,,,38.126225370,-85.851405675,,5/20/2021 12:00:00 AM,1202,2,2,0,1,CLEAR,DRY,False,ANGLE COLLISION - OTHER,ANGLE,STRAIGHT & LEVEL,DAYLIGHT,,,5/21/2021 8:44:17 AM,False,7205,Accepted,
28157896,0568000,LOUISVILLE METRO POLICE DEPT,Accepted,JEFFERSON,,2324,BROADWAY,,W,,,,,,,38.249464744,-85.794987428,0.369,5/20/2021 12:00:00 AM,1036,2,2,0,0,CLEAR,DRY,False,1 VEHICLE ENTERING/LEAVING ENTRANCE,ANGLE,STRAIGHT & LEVEL,DAYLIGHT,,,5/21/2021 8:44:42 AM,False,5124,Accepted,
28157904,0568000,LOUISVILLE METRO POLICE DEPT,Accepted,JEFFERSON,US0150,100,BROADWAY,,W,,,,,,,38.245735705,-85.753453414,2.651,5/20/2021 12:00:00 AM,2012,1,1,0,0,CLEAR,DRY,False,COLLISION IN PARKING LOT,SINGLE VEHICLE,STRAIGHT & LEVEL,DAYLIGHT,,,5/21/2021 8:45:10 AM,False,5135,Accepted,
28157905,0568000,LOUISVILLE METRO POLICE DEPT,Accepted,JEFFERSON,,,SHAWNEE,DR,,,HERMAN,,,,,38.262574993,-85.824441159,0.146,5/20/2021 12:00:00 AM,2205,2,2,0,4,CLEAR,DRY,False,ANGLE COLLISION - OTHER,ANGLE,STRAIGHT & LEVEL,DARK-HWY LIGHTED/ON,,,5/21/2021 8:45:14 AM,False,5285,Accepted,
28153854,0568000,LOUISVILLE METRO POLICE DEPT,Accepted,JEFFERSON,US0031W,,DIXIE,HWY,,,,,,,,38.030492153,-85.914905595,2.572,5/20/2021 12:00:00 AM,0211,2,2,0,0,CLEAR,DRY,False,SIDESWIPE COLLISION - SAME DIRECTION,SIDESWIPE-SAME DIRECTION,STRAIGHT & LEVEL,DARK-HWY NOT LIGHTED,,,5/20/2021 8:46:34 AM,False,5279,Accepted,
28153843,0568000,LOUISVILLE METRO POLICE DEPT,Accepted,JEFFERSON,,,HILL,ST,E,,BROOK,,,,,38.225297177,-85.755291497,0.458,5/19/2021 12:00:00 AM,1703,2,2,0,2,CLEAR,DRY,False,HEAD-ON COLLISION,HEAD ON,STRAIGHT & HILLCREST,DAYLIGHT,,,5/20/2021 8:45:55 AM,False,7441,Accepted,
28153851,0568000,LOUISVILLE METRO POLICE DEPT,Accepted,JEFFERSON,US0150,,BROADWAY,,E,,BROOK,,,,,38.245612978,-85.751668904,2.728,5/19/2021 12:00:00 AM,0814,2,2,0,0,CLEAR,DRY,False,OTHER INTERSECTION COLLISIONS,REAR END,STRAIGHT & LEVEL,DAYLIGHT,,,5/20/2021 8:46:24 AM,False,7360,Accepted,
28153852,0568000,LOUISVILLE METRO POLICE DEPT,Accepted,JEFFERSON,,,PAGES,LN,E,,PINNACLE PLACE,,,,,38.125931991,-85.843348764,0.401,5/19/2021 12:00:00 AM,2330,1,1,0,0,CLEAR,DRY,True,COLLISION WITH FIXED OBJECT IN INTERSECTION - FIRST EVENT COLLISION 09 - 32,SINGLE VEHICLE,STRAIGHT & LEVEL,DARK-HWY LIGHTED/ON,,,5/20/2021 8:46:27 AM,False,5212,Accepted,
28153830,0568000,LOUISVILLE METRO POLICE DEPT,Accepted,JEFFERSON,I 0265,,,,,,,,,,,38.299736259,-85.548005857,0.308,5/19/2021 12:00:00 AM,0646,1,1,0,1,CLEAR,DRY,False,OVERTURNED ON RAMP,SINGLE VEHICLE,CURVE & HILLCREST,DAYLIGHT,KY1447,I 0265,5/20/2021 8:45:03 AM,False,5056,Accepted,
28153845,0568000,LOUISVILLE METRO POLICE DEPT,Accepted,JEFFERSON,KY2049,,CRUMS,LN,,,POPPY,,,,,38.197834422,-85.834136711,0.200,5/19/2021 12:00:00 AM,1555,2,2,0,3,CLEAR,DRY,False,SIDESWIPE-SAME DIRECTION,SIDESWIPE-SAME DIRECTION,STRAIGHT & LEVEL,DAYLIGHT,,,5/20/2021 8:46:02 AM,False,5257,Accepted,
28153846,0568000,LOUISVILLE METRO POLICE DEPT,Accepted,JEFFERSON,,,STRAWBERRY,LN,,KY1020,SOUTHSIDE,,,,,38.158073018,-85.764736011,0.004,5/19/2021 12:00:00 AM,1132,2,2,0,0,CLEAR,DRY,False,OTHER INTERSECTION COLLISIONS,REAR END,STRAIGHT & LEVEL,DAYLIGHT,,,5/20/2021 8:46:05 AM,False,7483,Accepted,
28157881,0568000,LOUISVILLE METRO POLICE DEPT,Accepted,JEFFERSON,US0031W,,22ND,ST,S,,DATE,,,,,38.243101559,-85.789285268,19.129,5/19/2021 12:00:00 AM,1447,2,2,0,0,CLEAR,DRY,True,ANGLE COLLISION - OTHER,ANGLE,STRAIGHT & LEVEL,DAYLIGHT,,,5/21/2021 8:43:40 AM,False,5363,Accepted,
28157882,0568000,LOUISVILLE METRO POLICE DEPT,Accepted,JEFFERSON,KY0061,9215,PRESTON,HWY,,KY2845,MANSLICK,,,,,38.117712655,-85.677074344,2.469,5/19/2021 12:00:00 AM,1049,2,2,0,0,CLEAR,DRY,False,OTHER INTERSECTION COLLISIONS,REAR END,STRAIGHT & HILLCREST,DAYLIGHT,,,5/21/2021 8:43:43 AM,False,7269,Accepted,
28157906,0568000,LOUISVILLE METRO POLICE DEPT,Accepted,JEFFERSON,,,MARKET,ST,W,,24TH,,,,,38.259135555,-85.790139064,0.175,5/19/2021 12:00:00 AM,1908,2,2,0,2,CLEAR,DRY,False,HEAD-ON COLLISION,HEAD ON,STRAIGHT & LEVEL,DAYLIGHT,,,5/21/2021 8:45:19 AM,False,5118,Accepted,
28173258,0568000,LOUISVILLE METRO POLICE DEPT,Accepted,JEFFERSON,US0060,,SHELBYVILLE,RD,,,,,,,,38.249680916,-85.615122546,5.757,5/19/2021 12:00:00 AM,2220,2,2,0,0,CLEAR,DRY,True,SIDESWIPE COLLISION - SAME DIRECTION,SIDESWIPE-SAME DIRECTION,STRAIGHT & LEVEL,DARK-HWY LIGHTED/ON,,,5/25/2021 8:40:45 AM,False,6777,Accepted,
28157886,0568000,LOUISVILLE METRO POLICE DEPT,Accepted,JEFFERSON,,,WINDING STREAM,DR,,,WINDING STREAM,,,,,38.083549394,-85.877491925,0.046,5/19/2021 12:00:00 AM,2030,2,2,1,0,CLEAR,DRY,False,ANGLE COLLISION - OTHER,ANGLE,STRAIGHT & LEVEL,DAYLIGHT,,,5/21/2021 8:44:05 AM,False,7772,Accepted,
28153856,0568000,LOUISVILLE METRO POLICE DEPT,Accepted,JEFFERSON,I 0264,,I264 E,,,,,,,,,38.190917778,-85.717657859,12.731,5/19/2021 12:00:00 AM,2145,2,2,0,0,CLEAR,DRY,False,SIDESWIPE COLLISION - SAME DIRECTION,SIDESWIPE-SAME DIRECTION,CURVE & LEVEL,DARK-HWY LIGHTED/ON,,,5/20/2021 8:46:41 AM,False,5189,Accepted,
28154860,0560000,JEFFERSON COUNTY SHERIFF DEPT.,Accepted,JEFFERSON,,,GRINSTEAD,DR,,,,,,,,38.248754024,-85.691986228,0.766,5/19/2021 12:00:00 AM,1620,2,2,0,0,CLEAR,DRY,False,1 VEHICLE ENTERING/LEAVING ENTRANCE,ANGLE,STRAIGHT & GRADE,DAYLIGHT,,,5/20/2021 2:27:57 PM,False,4057,Accepted,
28157883,0568000,LOUISVILLE METRO POLICE DEPT,Accepted,JEFFERSON,,,SHANKS,LN,,KY1934,CANE RUN,,,,,38.195461767,-85.842472132,0.004,5/19/2021 12:00:00 AM,1700,2,2,0,2,CLEAR,DRY,False,VEHICLE BACKING IN INTERSECTION,BACKING,STRAIGHT & LEVEL,DAYLIGHT,,,5/21/2021 8:43:46 AM,False,5253,Accepted,
28157884,0568000,LOUISVILLE METRO POLICE DEPT,Accepted,JEFFERSON,,2306,HARDESTY,AVE,,,,,,,,38.217015259,-85.798462271,0.154,5/19/2021 12:00:00 AM,1043,1,1,0,0,CLEAR,DRY,False,COLLISION WITH FIXED OBJECT NON - INTERSECTION - FIRST EVENT COLLISION 09 - 32 EXCLUDING 16,SINGLE VEHICLE,STRAIGHT & LEVEL,DAYLIGHT,,,5/21/2021 8:43:50 AM,False,7656,Accepted,
28180836,0560300,ST. MATTHEWS POLICE DEPARTMENT,Accepted,JEFFERSON,US0060,5000,SHELBYVILLE,RD,,,,,,,,38.249478632,-85.623170838,5.320,5/19/2021 12:00:00 AM,2105,2,2,0,0,CLEAR,DRY,False,COLLISION IN PARKING LOT,SIDESWIPE-SAME DIRECTION,STRAIGHT & LEVEL,DUSK,,,5/26/2021 7:57:09 PM,False,9157,Accepted,
28153842,0568000,LOUISVILLE METRO POLICE DEPT,Accepted,JEFFERSON,,,4TH,ST,S,,PARK,,,,,38.231427038,-85.760987197,1.754,5/19/2021 12:00:00 AM,1455,2,2,0,0,CLEAR,DRY,False,ANGLE COLLISION - OTHER,ANGLE,STRAIGHT & LEVEL,DAYLIGHT,,,5/20/2021 8:45:52 AM,False,7441,Accepted,
28153858,0568000,LOUISVILLE METRO POLICE DEPT,Accepted,JEFFERSON,,8700,OLD HEADY,RD,,,,,,,,38.126135973,-85.428769343,4.380,5/19/2021 12:00:00 AM,1916,2,2,0,0,CLEAR,DRY,False,SIDESWIPE COLLISION - OPPOSITE DIRECTION,SIDESWIPE-OPPOSITE DIRECTION,STRAIGHT & GRADE,DAYLIGHT,,,5/20/2021 8:46:48 AM,False,5138,Accepted,
28153840,0568000,LOUISVILLE METRO POLICE DEPT,Accepted,JEFFERSON,,,MUHAMMAD ALI,BLVD,W,,24TH,,,,,38.255001262,-85.791494504,2.133,5/19/2021 12:00:00 AM,1713,2,1,0,0,CLEAR,DRY,False,COLLISION WITH BICYCLE IN INTERSECTION,SINGLE VEHICLE,STRAIGHT & LEVEL,DAYLIGHT,,,5/20/2021 8:45:44 AM,False,7805,Accepted,
28153841,0568000,LOUISVILLE METRO POLICE DEPT,Accepted,JEFFERSON,US0031E,,BARDSTOWN,RD,,,,I 0264,I264 E EXIT16 OFF RAMP TO US31E S,,GOLDSMITH,38.208533042,-85.669208352,11.791,5/19/2021 12:00:00 AM,1512,2,2,0,1,CLEAR,DRY,False,SIDESWIPE COLLISION - SAME DIRECTION,SIDESWIPE-SAME DIRECTION,STRAIGHT & LEVEL,DAYLIGHT,,,5/20/2021 8:45:48 AM,False,5247,Accepted,
28153849,0568000,LOUISVILLE METRO POLICE DEPT,Accepted,JEFFERSON,KY0907,,3RD ST,RD,,,,,,,,38.145463608,-85.775717703,6.275,5/19/2021 12:00:00 AM,1830,2,2,0,0,CLEAR,DRY,True,SIDESWIPE COLLISION - SAME DIRECTION,SIDESWIPE-SAME DIRECTION,STRAIGHT & LEVEL,DAYLIGHT,,,5/20/2021 8:46:17 AM,False,7234,Accepted,
28153850,0568000,LOUISVILLE METRO POLICE DEPT,Accepted,JEFFERSON,KY0907,,3RD ST,RD,,,,,,,,38.140696656,-85.781375185,5.784,5/19/2021 12:00:00 AM,1838,2,2,0,3,CLEAR,DRY,False,HEAD-ON COLLISION,HEAD ON,STRAIGHT & LEVEL,DAYLIGHT,,,5/20/2021 8:46:20 AM,False,7234,Accepted,
28336670,0568000,LOUISVILLE METRO POLICE DEPT,Accepted,JEFFERSON,,,MUHAMMAD ALI,BLVD,W,,,,,,,38.251536126,-85.760837566,0.452,5/19/2021 12:00:00 AM,0101,2,2,0,0,CLEAR,DRY,False,1 VEHICLE ENTERING/LEAVING ENTRANCE,ANGLE,STRAIGHT & LEVEL,DARK-HWY LIGHTED/ON,,,7/6/2021 3:46:38 PM,False,5148,Accepted,
28147305,0560300,ST. MATTHEWS POLICE DEPARTMENT,Accepted,JEFFERSON,US0060,5000,SHELBYVILLE,RD,,,,,,,,38.250229309,-85.622275586,5.375,5/18/2021 12:00:00 AM,1500,2,2,0,0,CLEAR,DRY,False,SIDESWIPE COLLISION - SAME DIRECTION,SIDESWIPE-SAME DIRECTION,STRAIGHT & LEVEL,DAYLIGHT,,,5/18/2021 9:10:06 PM,False,9172,Accepted,
28149021,0568000,LOUISVILLE METRO POLICE DEPT,Accepted,JEFFERSON,I 0065,,I65 N EXIT130 TRANSIT,,,,,,,,,38.184655505,-85.723457838,0.615,5/18/2021 12:00:00 AM,0936,2,2,0,1,CLOUDY,DRY,False,REAR END IN TRAFFIC LANES BOTH VEHICLES MOVING,REAR END,STRAIGHT & LEVEL,DAYLIGHT,,,5/19/2021 8:21:19 AM,False,4903,Accepted,
28149037,0568000,LOUISVILLE METRO POLICE DEPT,Accepted,JEFFERSON,KY1020,8161,NATIONAL,TPKE,,,,,,,,38.132135650,-85.750975354,4.031,5/18/2021 12:00:00 AM,1500,2,2,0,2,CLEAR,DRY,False,1 VEHICLE ENTERING/LEAVING ENTRANCE,ANGLE,STRAIGHT & LEVEL,DAYLIGHT,,,5/19/2021 8:22:36 AM,False,7263,Accepted,
28149042,0568000,LOUISVILLE METRO POLICE DEPT,Accepted,JEFFERSON,,,CHAMBERLAIN,LN,,,COLLINS,,,,,38.289828030,-85.515871376,0.221,5/18/2021 12:00:00 AM,1640,3,3,0,0,CLOUDY,DRY,False,ANGLE COLLISION - OTHER,ANGLE,STRAIGHT & LEVEL,DAYLIGHT,,,5/19/2021 8:22:55 AM,False,7751,Accepted,
28149043,0568000,LOUISVILLE METRO POLICE DEPT,Accepted,JEFFERSON,KY0841,,GENE SNYDER,FWY,,,,,,,,38.118521265,-85.784295794,5.644,5/18/2021 12:00:00 AM,2043,1,1,0,0,CLEAR,DRY,False,OTHER ROADWAY OR MID-BLOCK COLLISION,SINGLE VEHICLE,STRAIGHT & LEVEL,DAYLIGHT,,,5/19/2021 8:22:59 AM,False,7362,Accepted,
28149045,0568000,LOUISVILLE METRO POLICE DEPT,Accepted,JEFFERSON,KY1020,10303,NATIONAL,TPKE,,,,,,,,38.094360425,-85.729252020,0.863,5/18/2021 12:00:00 AM,2255,2,2,0,0,CLEAR,DRY,False,REAR END IN TRAFFIC LANES BOTH VEHICLES MOVING,REAR END,CURVE & LEVEL,DUSK,,,5/19/2021 8:23:05 AM,False,5266,Accepted,
28149046,0568000,LOUISVILLE METRO POLICE DEPT,Accepted,JEFFERSON,,1300BLK,LEXINGTON,RD,,,,,,,,38.250964525,-85.724837065,0.502,5/18/2021 12:00:00 AM,2203,1,1,0,0,CLEAR,DRY,False,COLLISION WITH FIXED OBJECT NON - INTERSECTION - FIRST EVENT COLLISION 09 - 32 EXCLUDING 16,SINGLE VEHICLE,STRAIGHT & LEVEL,DARK-HWY LIGHTED/ON,,,5/19/2021 8:23:08 AM,False,5330,Accepted,
28145845,0561500,UNIV. OF LOUISVILLE POLICE,Accepted,JEFFERSON,KY1020,2625,3RD,ST,S,,,,,,,38.210381068,-85.762750386,9.852,5/18/2021 12:00:00 AM,0844,1,1,0,0,CLOUDY,WET,False,OTHER COLLISIONS ON SHOULDER,SINGLE VEHICLE,CURVE & GRADE,DAYLIGHT,,,5/18/2021 2:41:54 PM,False,5620,Accepted,
28149026,0568000,LOUISVILLE METRO POLICE DEPT,Accepted,JEFFERSON,KY1747,,HURSTBOURNE,PKWY,S,,,,,,,38.219040988,-85.584092959,11.475,5/18/2021 12:00:00 AM,1158,2,2,0,0,CLOUDY,DRY,False,REAR END IN TRAFFIC LANES BOTH VEHICLES MOVING,REAR END,STRAIGHT & LEVEL,DAYLIGHT,,,5/19/2021 8:21:52 AM,False,4693,Accepted,
28149027,0568000,LOUISVILLE METRO POLICE DEPT,Accepted,JEFFERSON,KY0061,,PRESTON,HWY,,,,,,,,38.174732957,-85.712791161,6.874,5/18/2021 12:00:00 AM,0825,2,2,0,1,RAINING,WET,False,REAR END IN TRAFFIC LANES BOTH VEHICLES MOVING,REAR END,STRAIGHT & GRADE,DAYLIGHT,,,5/19/2021 8:21:56 AM,False,5130,Accepted,
28149028,0568000,LOUISVILLE METRO POLICE DEPT,Accepted,JEFFERSON,US0031W,,DIXIE,HWY,,,ALANADALE,,,,,38.109351198,-85.865641535,8.761,5/18/2021 12:00:00 AM,1224,3,3,0,1,CLEAR,DRY,False,ANGLE COLLISION - OTHER,ANGLE,STRAIGHT & LEVEL,DAYLIGHT,,,5/19/2021 8:21:59 AM,False,2021,Accepted,
28149035,0568000,LOUISVILLE METRO POLICE DEPT,Accepted,JEFFERSON,,,ALICANTE,LN,,,LEEMONT,,,,,38.085293369,-85.867754802,0.248,5/18/2021 12:00:00 AM,1551,2,2,0,2,CLEAR,DRY,False,ANGLE COLLISION - OTHER,ANGLE,STRAIGHT & LEVEL,DAYLIGHT,,,5/19/2021 8:22:26 AM,False,5170,Accepted,
28149036,0568000,LOUISVILLE METRO POLICE DEPT,Accepted,JEFFERSON,KY1932,,BRECKENRIDGE,LN,,,,KY0155,TAYLORSVILLE,,HIKES,38.219341234,-85.629583712,2.789,5/18/2021 12:00:00 AM,1717,2,2,0,0,CLEAR,DRY,False,HEAD-ON COLLISION,HEAD ON,STRAIGHT & LEVEL,DAYLIGHT,,,5/19/2021 8:22:30 AM,False,5146,Accepted,
28200832,0568000,LOUISVILLE METRO POLICE DEPT,Accepted,JEFFERSON,KY2052,4325,SHEPHERDSVILLE,RD,,,,,,,,38.185856496,-85.659053829,3.291,5/18/2021 12:00:00 AM,0058,1,1,0,0,CLEAR,DRY,False,COLLISION IN PARKING LOT,SINGLE VEHICLE,STRAIGHT & LEVEL,DARK-HWY LIGHTED/ON,,,6/1/2021 9:28:48 AM,False,7948,Accepted,
28168046,0568000,LOUISVILLE METRO POLICE DEPT,Accepted,JEFFERSON,US0031E,,BARDSTOWN,RD,,,,,,,,38.189343743,-85.642056233,9.731,5/18/2021 12:00:00 AM,1518,2,2,0,0,CLEAR,DRY,False,REAR END IN TRAFFIC LANES BOTH VEHICLES MOVING,REAR END,STRAIGHT & LEVEL,DAYLIGHT,,,5/24/2021 9:33:49 AM,False,7200,Accepted,
28167946,0568000,LOUISVILLE METRO POLICE DEPT,Accepted,JEFFERSON,,1780,DUMESNIL,ST,,,,,,,,38.236348182,-85.786583697,1.721,5/18/2021 12:00:00 AM,1312,2,2,0,0,CLOUDY,DRY,True,1 VEHICLE ENTERING/LEAVING ENTRANCE,ANGLE,STRAIGHT & LEVEL,DAYLIGHT,,,5/24/2021 9:26:50 AM,False,5303,Accepted,
28167977,0568000,LOUISVILLE METRO POLICE DEPT,Accepted,JEFFERSON,I 0064,,I64 E,,,,,,,,,38.222686341,-85.506905853,18.900,5/18/2021 12:00:00 AM,1556,3,3,0,1,CLEAR,DRY,False,REAR END IN TRAFFIC LANES BOTH VEHICLES MOVING,REAR END,STRAIGHT & LEVEL,DAYLIGHT,,,5/24/2021 9:28:52 AM,False,8278,Accepted,