IncidentID,AgencyORI,AgencyName,IncidentStatusDesc,County,RdwyNumber,Street,RoadwayName,StreetSfx,StreetDir,IntersectionRdwy,IntersectionRdwyName,BetweenStRdwy1,BetweenStRdwyName1,BetweenStRdwy2,BetweenStRdwyName2,Latitude,Longitude,Milepoint,CollisionDate,CollisionTime,UnitsInvolved,MotorVehiclesInvolved,NumberKilled,NumberInjured,Weather,RdwyConditionCode,HitandRun,DirAnalysisCode,MannerofCollision,RdwyCharacter,LightCondition,RampFromRdwyId,RampToRdwyId,AcceptedDate,IsSecondaryCollision,OwnerBadge,IncidentStatus,
28156476,KSP0400,KY STATE POLICE POST 04,Accepted,JEFFERSON,,11406,TAZWELL,DR,,,,,,,,38.304248624,-85.537600885,0.200,5/18/2021 12:00:00 AM,1545,2,2,0,0,CLEAR,DRY,False,COLLISION IN PARKING LOT,BACKING,STRAIGHT & LEVEL,DAYLIGHT,,,5/20/2021 10:42:38 PM,False,521,Accepted,
28167909,0568000,LOUISVILLE METRO POLICE DEPT,Accepted,JEFFERSON,I 0264,,I264 E,,,,,,,,,38.228933961,-85.634941425,18.000,5/18/2021 12:00:00 AM,1715,3,3,0,2,CLEAR,DRY,False,COLLISION WITH FIXED OBJECT NON - INTERSECTION - FIRST EVENT COLLISION 09 - 32 EXCLUDING 16,REAR END,STRAIGHT & LEVEL,DAYLIGHT,,,5/24/2021 9:24:49 AM,False,2142,Accepted,
28153829,0568000,LOUISVILLE METRO POLICE DEPT,Accepted,JEFFERSON,,5301,BAYWOOD,DR,,,,,,,,38.320494036,-85.534063073,0.167,5/18/2021 12:00:00 AM,1802,2,2,0,0,CLEAR,DRY,True,COLLISION WITH FIXED OBJECT NON - INTERSECTION - FIRST EVENT COLLISION 09 - 32 EXCLUDING 16,SIDESWIPE-SAME DIRECTION,STRAIGHT & LEVEL,DAYLIGHT,,,5/20/2021 8:45:00 AM,False,5056,Accepted,
28167932,0568000,LOUISVILLE METRO POLICE DEPT,Accepted,JEFFERSON,KY2055,10213,MANSLICK,RD,W,,,,,,,38.113171643,-85.772497484,2.327,5/18/2021 12:00:00 AM,2229,1,1,0,0,CLEAR,DRY,False,OTHER ROADWAY OR MID-BLOCK COLLISION,SINGLE VEHICLE,CURVE & LEVEL,DARK-HWY LIGHTED/OFF,,,5/24/2021 9:26:06 AM,False,7362,Accepted,
28149041,0568000,LOUISVILLE METRO POLICE DEPT,Accepted,JEFFERSON,I 0071,,I71 S,,,,,,,,,38.306466419,-85.598853280,7.995,5/18/2021 12:00:00 AM,1444,2,2,0,0,CLOUDY,DRY,False,REAR END IN TRAFFIC LANES BOTH VEHICLES MOVING,REAR END,STRAIGHT & HILLCREST,DAYLIGHT,,,5/19/2021 8:22:52 AM,False,7751,Accepted,
28149047,0568000,LOUISVILLE METRO POLICE DEPT,Accepted,JEFFERSON,US0031E,,BARDSTOWN,RD,,,GOLDSMITH,,,,,38.208494544,-85.668924589,11.773,5/18/2021 12:00:00 AM,2001,2,2,0,0,CLEAR,DRY,True,OTHER INTERSECTION COLLISIONS,REAR END,STRAIGHT & LEVEL,DAYLIGHT,,,5/19/2021 8:23:11 AM,False,5326,Accepted,
28149048,0568000,LOUISVILLE METRO POLICE DEPT,Accepted,JEFFERSON,,1226,13TH,ST,S,,,,,,,38.235967419,-85.775346941,1.137,5/18/2021 12:00:00 AM,1955,1,1,0,0,CLEAR,DRY,False,COLLISION WITH FIXED OBJECT NON - INTERSECTION - FIRST EVENT COLLISION 09 - 32 EXCLUDING 16,SINGLE VEHICLE,STRAIGHT & LEVEL,DAYLIGHT,,,5/19/2021 8:23:17 AM,False,5309,Accepted,
28144979,0568000,LOUISVILLE METRO POLICE DEPT,Accepted,JEFFERSON,,,STRAWBERRY,LN,,,EILER,,,,,38.165291510,-85.754802135,0.731,5/18/2021 12:00:00 AM,0325,2,1,0,1,CLEAR,DRY,True,COLLISION WITH BICYCLE IN INTERSECTION,SINGLE VEHICLE,STRAIGHT & LEVEL,DARK-HWY NOT LIGHTED,,,5/18/2021 10:00:30 AM,False,7362,Accepted,
28148514,0561000,JEFFERSONTOWN POLICE DEPT,Accepted,JEFFERSON,I 0064,,I64 W,,,,,I 0064,I64 W EXIT17 OFF RAMP TO KY913,I 0064,I265 S EXIT25B RAMP TO I64 W,38.223705974,-85.532561063,17.398,5/18/2021 12:00:00 AM,2149,1,1,0,0,CLEAR,DRY,False,COLLISION WITH ANIMAL NON INTERSECTION,SINGLE VEHICLE,STRAIGHT & LEVEL,DARK-HWY NOT LIGHTED,,,5/19/2021 4:54:58 AM,False,8265,Accepted,
28149015,0568000,LOUISVILLE METRO POLICE DEPT,Accepted,JEFFERSON,KY1934,,CANE RUN,RD,,KY2049,KY2049 CROSSOVER,,,,,38.199390269,-85.837393336,9.187,5/18/2021 12:00:00 AM,0814,2,2,0,0,RAINING,WET,False,OTHER INTERSECTION COLLISIONS,REAR END,STRAIGHT & LEVEL,DAYLIGHT,,,5/19/2021 8:20:48 AM,False,7923,Accepted,
28149023,0568000,LOUISVILLE METRO POLICE DEPT,Accepted,JEFFERSON,US0031E,,BARDSTOWN,RD,,,EMRICH,,,,,38.167969009,-85.603598288,7.137,5/18/2021 12:00:00 AM,0745,2,2,0,1,CLOUDY,DRY,False,ANGLE COLLISION - OTHER,ANGLE,STRAIGHT & LEVEL,DAYLIGHT,,,5/19/2021 8:21:37 AM,False,4693,Accepted,
28149024,0568000,LOUISVILLE METRO POLICE DEPT,Accepted,JEFFERSON,KY1931,,MANSLICK,RD,,,ELDERWOOD,,,,,38.195019792,-85.799710894,8.361,5/18/2021 12:00:00 AM,0849,3,3,0,0,CLOUDY,WET,True,HEAD-ON COLLISION,HEAD ON,CURVE & LEVEL,DAYLIGHT,,,5/19/2021 8:21:45 AM,False,7402,Accepted,
28149025,0568000,LOUISVILLE METRO POLICE DEPT,Accepted,JEFFERSON,KY0061,4020,PRESTON,HWY,,,,,,,,38.191662239,-85.727670546,8.327,5/18/2021 12:00:00 AM,1246,2,2,0,1,CLEAR,DRY,False,REAR END IN TRAFFIC LANES BOTH VEHICLES MOVING,REAR END,STRAIGHT & HILLCREST,DAYLIGHT,,,5/19/2021 8:21:49 AM,False,5001,Accepted,
28149033,0568000,LOUISVILLE METRO POLICE DEPT,Accepted,JEFFERSON,,4347,3RD,ST,S,,LANSING,,,,,38.191812480,-85.764897947,0.606,5/18/2021 12:00:00 AM,1542,2,2,0,0,CLEAR,DRY,False,COLLISION IN PARKING LOT,BACKING,STRAIGHT & LEVEL,DAYLIGHT,,,5/19/2021 8:22:18 AM,False,7705,Accepted,
28149038,0568000,LOUISVILLE METRO POLICE DEPT,Accepted,JEFFERSON,US0150,,BROADWAY,,E,,FLOYD,,,,,38.245436975,-85.749725062,2.843,5/18/2021 12:00:00 AM,0955,2,2,0,0,CLOUDY,DRY,False,SIDESWIPE-SAME DIRECTION,SIDESWIPE-SAME DIRECTION,STRAIGHT & LEVEL,DAYLIGHT,,,5/19/2021 8:22:40 AM,False,5338,Accepted,
28149039,0568000,LOUISVILLE METRO POLICE DEPT,Accepted,JEFFERSON,US0031W,,DIXIE,HWY,,,BARRETT,,,,,38.103207328,-85.869773469,8.260,5/18/2021 12:00:00 AM,1523,3,3,0,0,CLEAR,DRY,False,ANGLE COLLISION - OTHER,ANGLE,STRAIGHT & LEVEL,DAYLIGHT,,,5/19/2021 8:22:44 AM,False,2021,Accepted,
28182894,0568000,LOUISVILLE METRO POLICE DEPT,Accepted,JEFFERSON,,,ABRAHAM FLEXNER,WAY,,,,,,,,38.249039962,-85.748424774,0.089,5/18/2021 12:00:00 AM,1110,2,2,0,0,CLOUDY,WET,False,1 VEHICLE PARKED POSITION (NOT PARKING LOT/DRIVEWAY),SIDESWIPE-SAME DIRECTION,STRAIGHT & LEVEL,DAYLIGHT,,,5/27/2021 8:50:21 AM,False,7904,Accepted,
28144969,0568000,LOUISVILLE METRO POLICE DEPT,Accepted,JEFFERSON,US0031E,,BARDSTOWN,RD,,,,,,,,38.216992201,-85.676369882,12.512,5/17/2021 12:00:00 AM,2005,2,2,0,0,CLEAR,DRY,True,SIDESWIPE COLLISION - SAME DIRECTION,SIDESWIPE-SAME DIRECTION,STRAIGHT & LEVEL,DAYLIGHT,,,5/18/2021 9:59:34 AM,False,2976,Accepted,
28144970,0568000,LOUISVILLE METRO POLICE DEPT,Accepted,JEFFERSON,I 0065,,I65 N,,,,,,,,,38.226634591,-85.751515330,133.914,5/17/2021 12:00:00 AM,2227,3,3,0,2,CLOUDY,DRY,False,1 VEHICLE ENTERING/LEAVING ENTRANCE,ANGLE,CURVE & LEVEL,DARK-HWY LIGHTED/ON,,,5/18/2021 9:59:40 AM,False,5037,Accepted,
28149022,0568000,LOUISVILLE METRO POLICE DEPT,Accepted,JEFFERSON,KY0146,,LA GRANGE,RD,,,,,,,,38.283267202,-85.515137872,7.126,5/17/2021 12:00:00 AM,1258,3,3,0,0,CLOUDY,DRY,False,1 VEHICLE ENTERING/LEAVING ENTRANCE,ANGLE,STRAIGHT & LEVEL,DAYLIGHT,,,5/19/2021 8:21:33 AM,False,7751,Accepted,
28144954,0568000,LOUISVILLE METRO POLICE DEPT,Accepted,JEFFERSON,I 0265,,I265 E,,,I 0265,I265 E EXIT17 OFF RAMP TO US31E,,,,,38.139257711,-85.591039638,16.845,5/17/2021 12:00:00 AM,0842,1,1,0,0,CLOUDY,DRY,True,NON-COLLISION OBJECT COLLISION,SINGLE VEHICLE,CURVE & GRADE,DAYLIGHT,,,5/18/2021 9:57:42 AM,False,2017,Accepted,
28144961,0568000,LOUISVILLE METRO POLICE DEPT,Accepted,JEFFERSON,KY2054,,ALGONQUIN,PKWY,,KY1934,CANE RUN,,,,,38.224405742,-85.809314104,0.720,5/17/2021 12:00:00 AM,1645,3,3,0,3,CLEAR,DRY,False,OPPOSING LEFT TURN,OPPOSING LEFT TURN,STRAIGHT & LEVEL,DAYLIGHT,,,5/18/2021 9:58:14 AM,False,5232,Accepted,
28144963,0568000,LOUISVILLE METRO POLICE DEPT,Accepted,JEFFERSON,US0031W,,DIXIE,HWY,,,,,,,,38.168599641,-85.828379538,13.263,5/17/2021 12:00:00 AM,1826,2,2,0,0,CLOUDY,DRY,False,REAR END IN TRAFFIC LANES BOTH VEHICLES MOVING,REAR END,STRAIGHT & LEVEL,DAYLIGHT,,,5/18/2021 9:58:21 AM,False,7234,Accepted,
28144964,0568000,LOUISVILLE METRO POLICE DEPT,Accepted,JEFFERSON,US0150,,BROADWAY,,E,KY0864,SHELBY,,,,,38.244661213,-85.739565568,3.402,5/17/2021 12:00:00 AM,0820,2,2,0,2,CLOUDY,DRY,False,ANGLE COLLISION - OTHER,ANGLE,STRAIGHT & LEVEL,DAYLIGHT,,,5/18/2021 9:58:27 AM,False,5338,Accepted,
28145021,0568000,LOUISVILLE METRO POLICE DEPT,Accepted,JEFFERSON,KY1727,,TERRY,RD,,KY1934,CANE RUN,,,,,38.178184433,-85.861911178,4.047,5/17/2021 12:00:00 AM,1531,2,2,0,0,CLEAR,DRY,False,OTHER INTERSECTION COLLISIONS,REAR END,STRAIGHT & LEVEL,DAYLIGHT,,,5/18/2021 10:13:05 AM,False,5208,Accepted,
28144971,0568000,LOUISVILLE METRO POLICE DEPT,Accepted,JEFFERSON,,2801,MARKET,ST,W,,,,,,,38.259918660,-85.797579825,0.611,5/17/2021 12:00:00 AM,1945,1,1,0,0,CLEAR,DRY,False,OTHER ROADWAY OR MID-BLOCK COLLISION,SINGLE VEHICLE,STRAIGHT & LEVEL,DAYLIGHT,,,5/18/2021 9:59:44 AM,False,7430,Accepted,
28144977,0568000,LOUISVILLE METRO POLICE DEPT,Accepted,JEFFERSON,KY1865,,NEW CUT,RD,,KY1142,PALATKA,,,,,38.150598614,-85.776293945,2.997,5/17/2021 12:00:00 AM,2019,3,3,0,0,CLEAR,DRY,False,SIDESWIPE-SAME DIRECTION,SIDESWIPE-SAME DIRECTION,STRAIGHT & LEVEL,DAYLIGHT,,,5/18/2021 10:00:10 AM,False,7362,Accepted,
28144978,0568000,LOUISVILLE METRO POLICE DEPT,Accepted,JEFFERSON,KY1865,4701,TAYLOR,BLVD,,,BLUEGRASS,,,,,38.179606236,-85.783293994,5.028,5/17/2021 12:00:00 AM,2251,2,2,0,0,CLEAR,DRY,True,COLLISION IN PARKING LOT,OPPOSING LEFT TURN,STRAIGHT & LEVEL,DARK-HWY LIGHTED/ON,,,5/18/2021 10:00:26 AM,False,5284,Accepted,
28149040,0568000,LOUISVILLE METRO POLICE DEPT,Accepted,JEFFERSON,I 0264,,I264 E,,,,,,,,,38.243778633,-85.621298376,19.343,5/17/2021 12:00:00 AM,1903,2,2,0,0,CLOUDY,DRY,False,SIDESWIPE COLLISION - SAME DIRECTION,SIDESWIPE-SAME DIRECTION,STRAIGHT & LEVEL,DAYLIGHT,,,5/19/2021 8:22:48 AM,False,7751,Accepted,
28157891,0568000,LOUISVILLE METRO POLICE DEPT,Accepted,JEFFERSON,KY1020,,3RD,ST,S,,,,,,,38.219482284,-85.760919657,10.260,5/17/2021 12:00:00 AM,0141,1,1,0,0,CLEAR,DRY,False,COLLISION WITH FIXED OBJECT NON - INTERSECTION - FIRST EVENT COLLISION 09 - 32 EXCLUDING 16,SINGLE VEHICLE,STRAIGHT & LEVEL,DARK-HWY LIGHTED/ON,,,5/21/2021 8:44:24 AM,False,7040,Accepted,
28167976,0568000,LOUISVILLE METRO POLICE DEPT,Accepted,JEFFERSON,I 0264,,I264 E,,,,,,,,,38.232340425,-85.628687698,18.413,5/17/2021 12:00:00 AM,1444,4,4,0,4,CLEAR,DRY,False,REAR END IN TRAFFIC LANES BOTH VEHICLES MOVING,REAR END,STRAIGHT & LEVEL,DAYLIGHT,,,5/24/2021 9:28:48 AM,False,8278,Accepted,
28168010,0568000,LOUISVILLE METRO POLICE DEPT,Accepted,JEFFERSON,KY1747,,HURSTBOURNE,PKWY,S,,,,,,,38.176741146,-85.607031979,8.051,5/17/2021 12:00:00 AM,1725,2,2,0,0,CLOUDY,DRY,False,SIDESWIPE COLLISION - SAME DIRECTION,SIDESWIPE-SAME DIRECTION,STRAIGHT & LEVEL,DAYLIGHT,,,5/24/2021 9:31:28 AM,False,7200,Accepted,
28140011,0568000,LOUISVILLE METRO POLICE DEPT,Accepted,JEFFERSON,KY1934,,GREENBELT,HWY,,,JOHNSONTOWN,,,,,38.116541451,-85.894798433,2.308,5/17/2021 12:00:00 AM,0550,2,2,0,1,CLOUDY,DRY,False,ANGLE COLLISION - OTHER,ANGLE,STRAIGHT & LEVEL,DAWN,,,5/17/2021 8:40:25 AM,False,5033,Accepted,
28144956,0568000,LOUISVILLE METRO POLICE DEPT,Accepted,JEFFERSON,I 0065,,I65 S,,,,,,,,,38.184520890,-85.723978008,130.231,5/17/2021 12:00:00 AM,1305,2,2,0,0,CLOUDY,DRY,False,SIDESWIPE COLLISION - SAME DIRECTION,SIDESWIPE-SAME DIRECTION,CURVE & LEVEL,DAYLIGHT,,,5/18/2021 9:57:50 AM,False,2308,Accepted,
28144957,0568000,LOUISVILLE METRO POLICE DEPT,Accepted,JEFFERSON,KY0864,,FEGENBUSH,LN,,KY1065,OUTER,,,,,38.138470622,-85.615515715,4.381,5/17/2021 12:00:00 AM,1627,2,2,0,1,CLEAR,DRY,False,OTHER INTERSECTION COLLISIONS,REAR END,STRAIGHT & LEVEL,DAYLIGHT,,,5/18/2021 9:57:54 AM,False,2959,Accepted,
28144958,0568000,LOUISVILLE METRO POLICE DEPT,Accepted,JEFFERSON,,3102,GRANT,AVE,,,,,,,,38.202177244,-85.762835668,0.010,5/17/2021 12:00:00 AM,1000,2,2,0,0,CLOUDY,DRY,False,1 VEHICLE PARKED POSITION (NOT PARKING LOT/DRIVEWAY),REAR END,STRAIGHT & LEVEL,DAYLIGHT,,,5/18/2021 9:57:58 AM,False,5052,Accepted,
28144965,0568000,LOUISVILLE METRO POLICE DEPT,Accepted,JEFFERSON,,,6TH,ST,S,US0150,BROADWAY,,,,,38.246333314,-85.761730021,0.741,5/17/2021 12:00:00 AM,0848,2,2,0,1,CLEAR,DRY,True,ANGLE COLLISION - OTHER,ANGLE,STRAIGHT & LEVEL,DAYLIGHT,,,5/18/2021 9:58:38 AM,False,5334,Accepted,
28144967,0568000,LOUISVILLE METRO POLICE DEPT,Accepted,JEFFERSON,KY1020,,3RD,ST,S,,LIBERTY,,,,,38.252909080,-85.755509081,12.579,5/17/2021 12:00:00 AM,0921,2,2,0,0,CLEAR,DRY,False,ANGLE COLLISION - OTHER,ANGLE,STRAIGHT & LEVEL,DAYLIGHT,,,5/18/2021 9:58:48 AM,False,5334,Accepted,
28144959,0568000,LOUISVILLE METRO POLICE DEPT,Accepted,JEFFERSON,KY1747,,FERN VALLEY,RD,,,,,PARAMOUNT PARK,,INDUSTRIAL,38.157059770,-85.711469486,1.138,5/17/2021 12:00:00 AM,1636,2,2,0,1,CLEAR,DRY,False,1 VEHICLE ENTERING/LEAVING ENTRANCE,ANGLE,STRAIGHT & LEVEL,DAYLIGHT,,,5/18/2021 9:58:04 AM,False,2324,Accepted,
28144968,0568000,LOUISVILLE METRO POLICE DEPT,Accepted,JEFFERSON,KY0061,,PRESTON,HWY,,,TRIO,,,,,38.129910725,-85.682066250,3.322,5/17/2021 12:00:00 AM,1910,2,2,0,1,CLEAR,DRY,False,COLLISION WITH FIXED OBJECT IN INTERSECTION - FIRST EVENT COLLISION 09 - 32,OPPOSING LEFT TURN,STRAIGHT & LEVEL,DAYLIGHT,,,5/18/2021 9:59:27 AM,False,5198,Accepted,
28144985,0568000,LOUISVILLE METRO POLICE DEPT,Accepted,JEFFERSON,,,DIXIE,HWY,,,STANDARD,,,,,38.230942005,-85.789431044,1.303,5/17/2021 12:00:00 AM,2347,2,2,0,0,CLEAR,DRY,True,OTHER INTERSECTION COLLISIONS,REAR END,STRAIGHT & LEVEL,DARK-HWY LIGHTED/ON,,,5/18/2021 10:02:04 AM,False,5239,Accepted,
28144973,0568000,LOUISVILLE METRO POLICE DEPT,Accepted,JEFFERSON,,2704,DUNCAN,ST,,,,,,,,38.263632347,-85.795350509,1.011,5/17/2021 12:00:00 AM,2117,1,1,0,0,CLEAR,DRY,False,COLLISION WITH FIXED OBJECT NON - INTERSECTION - FIRST EVENT COLLISION 09 - 32 EXCLUDING 16,SINGLE VEHICLE,STRAIGHT & LEVEL,DARK-HWY LIGHTED/ON,,,5/18/2021 9:59:52 AM,False,7430,Accepted,
28140004,0568000,LOUISVILLE METRO POLICE DEPT,Accepted,JEFFERSON,,,45TH,ST,S,,VIRGINIA,,,,,38.240529358,-85.828029798,0.693,5/17/2021 12:00:00 AM,0229,1,1,0,0,CLEAR,DRY,True,COLLISION WITH FIXED OBJECT IN INTERSECTION - FIRST EVENT COLLISION 09 - 32,SINGLE VEHICLE,STRAIGHT & HILLCREST,DARK-HWY LIGHTED/ON,,,5/17/2021 8:39:50 AM,True,7445,Accepted,
28144982,0568000,LOUISVILLE METRO POLICE DEPT,Accepted,JEFFERSON,KY0864,4823,POPLAR LEVEL,RD,,,,,,,,38.172988122,-85.686136148,9.331,5/17/2021 12:00:00 AM,1800,3,3,0,0,CLEAR,DRY,False,REAR END IN TRAFFIC LANES BOTH VEHICLES MOVING,REAR END,STRAIGHT & LEVEL,DAYLIGHT,,,5/18/2021 10:00:35 AM,False,5269,Accepted,
28144983,0568000,LOUISVILLE METRO POLICE DEPT,Accepted,JEFFERSON,KY0907,,VALLEY STATION,RD,,,,,,,,38.105592411,-85.854484771,0.709,5/17/2021 12:00:00 AM,1608,2,2,0,2,CLOUDY,DRY,False,1 VEHICLE ENTERING/LEAVING ENTRANCE,ANGLE,STRAIGHT & LEVEL,DAYLIGHT,,,5/18/2021 10:01:28 AM,False,7174,Accepted,
28149017,0568000,LOUISVILLE METRO POLICE DEPT,Accepted,JEFFERSON,KY1065,6313,OUTER,LOOP,,,,,,,,38.137955406,-85.641926532,8.513,5/17/2021 12:00:00 AM,1605,2,2,0,1,CLEAR,DRY,False,OTHER ROADWAY OR MID-BLOCK COLLISION,REAR END,STRAIGHT & LEVEL,DAYLIGHT,,,5/19/2021 8:21:07 AM,False,7812,Accepted,
28149020,0568000,LOUISVILLE METRO POLICE DEPT,Accepted,JEFFERSON,I 0065,,I65 E EXIT12 TRANSIT,,,,,,,,,38.189285687,-85.742115778,0.391,5/17/2021 12:00:00 AM,1630,3,3,0,1,CLOUDY,DRY,False,REAR END IN TRAFFIC LANES BOTH VEHICLES MOVING,REAR END,STRAIGHT & LEVEL,DAYLIGHT,,,5/19/2021 8:21:14 AM,False,8278,Accepted,
28182891,0568000,LOUISVILLE METRO POLICE DEPT,Accepted,JEFFERSON,,,LOGAN,ST,,,,,,,,38.244243747,-85.738283337,0.069,5/17/2021 12:00:00 AM,1810,2,2,0,2,CLOUDY,DRY,False,1 VEHICLE ENTERING/LEAVING ENTRANCE,ANGLE,STRAIGHT & LEVEL,DAYLIGHT,,,5/27/2021 8:50:16 AM,False,7904,Accepted,
28153848,0568000,LOUISVILLE METRO POLICE DEPT,Accepted,JEFFERSON,KY1747,,FERN VALLEY,RD,,,JEFFERSON POST,,,,,38.156547332,-85.668508815,3.500,5/17/2021 12:00:00 AM,0028,2,2,0,1,CLEAR,DRY,True,ANGLE COLLISION - OTHER,ANGLE,STRAIGHT & LEVEL,DARK-HWY NOT LIGHTED,,,5/20/2021 8:46:13 AM,False,5042,Accepted,
28271456,0560300,ST. MATTHEWS POLICE DEPARTMENT,Accepted,JEFFERSON,US0060,5000,SHELBYVILLE,RD,,,,,TEN PIN,I 0264,I264 W EXIT20B OFF RAMP TO US60,38.250325695,-85.623279918,5.320,5/17/2021 12:00:00 AM,0850,2,2,0,0,CLEAR,DRY,False,OTHER ROADWAY OR MID-BLOCK COLLISION,REAR END,STRAIGHT & LEVEL,DAYLIGHT,,,6/18/2021 10:09:07 PM,False,9151,Accepted,
28251560,0568000,LOUISVILLE METRO POLICE DEPT,Accepted,JEFFERSON,US0060A,3400,TAYLOR,BLVD,,,,,,,,38.199700025,-85.782676342,1.715,5/16/2021 12:00:00 AM,1428,2,2,0,0,CLEAR,DRY,True,COLLISION IN PARKING LOT,BACKING,STRAIGHT & LEVEL,DAYLIGHT,,,6/14/2021 8:57:12 AM,False,5287,Accepted,
28173254,0568000,LOUISVILLE METRO POLICE DEPT,Accepted,JEFFERSON,KY1020,2000,3RD,ST,S,,,,,,,38.218156083,-85.761609314,10.155,5/16/2021 12:00:00 AM,0630,2,2,0,0,CLOUDY,DRY,True,SIDESWIPE COLLISION - SAME DIRECTION,SIDESWIPE-SAME DIRECTION,CURVE & LEVEL,DAWN,,,5/25/2021 8:40:26 AM,False,5236,Accepted,
28140009,0568000,LOUISVILLE METRO POLICE DEPT,Accepted,JEFFERSON,,,JEFFERSON,ST,W,,ROY WILKINS,,,,,38.254835785,-85.765279063,0.724,5/16/2021 12:00:00 AM,0222,2,2,0,0,CLEAR,DRY,False,ANGLE COLLISION - OTHER,ANGLE,STRAIGHT & LEVEL,DARK-HWY LIGHTED/ON,,,5/17/2021 8:40:11 AM,False,5362,Accepted,
28140010,0568000,LOUISVILLE METRO POLICE DEPT,Accepted,JEFFERSON,,,BARRET,AVE,,US0060A,EASTERN,,,,,38.226541810,-85.720447086,1.760,5/16/2021 12:00:00 AM,2018,1,1,0,0,CLEAR,DRY,False,OTHER INTERSECTION COLLISIONS,SINGLE VEHICLE,CURVE & LEVEL,DAYLIGHT,,,5/17/2021 8:40:19 AM,False,5250,Accepted,
28139961,0568000,LOUISVILLE METRO POLICE DEPT,Accepted,JEFFERSON,,,CHESTNUT,ST,W,,24TH,,,,,38.252716313,-85.791904707,0.495,5/16/2021 12:00:00 AM,0751,2,2,0,0,CLEAR,WET,True,COLLISION WITH PARKED VEHICLE,ANGLE,STRAIGHT & LEVEL,DAWN,,,5/17/2021 8:37:20 AM,False,7361,Accepted,
28139970,0568000,LOUISVILLE METRO POLICE DEPT,Accepted,JEFFERSON,US0031W,,DIXIE,HWY,,,CITATION,,,,,38.113282078,-85.862509744,9.087,5/16/2021 12:00:00 AM,0819,2,2,0,3,CLOUDY,DRY,False,OPPOSING LEFT TURN,OPPOSING LEFT TURN,STRAIGHT & LEVEL,DAYLIGHT,,,5/17/2021 8:37:49 AM,False,5344,Accepted,
28139993,0568000,LOUISVILLE METRO POLICE DEPT,Accepted,JEFFERSON,KY1747,,HURSTBOURNE,PKWY,N,,,,,,,38.282158587,-85.567574124,16.578,5/16/2021 12:00:00 AM,2205,2,2,0,1,CLEAR,DRY,True,REAR END IN TRAFFIC LANES BOTH VEHICLES MOVING,REAR END,STRAIGHT & GRADE,DUSK,,,5/17/2021 8:39:24 AM,False,2346,Accepted,
28139979,0568000,LOUISVILLE METRO POLICE DEPT,Accepted,JEFFERSON,KY0061,,JACKSON,ST,S,,BRECKINRIDGE,,,,,38.240524943,-85.746392768,11.967,5/16/2021 12:00:00 AM,1615,2,2,0,0,CLEAR,DRY,False,ANGLE COLLISION - OTHER,ANGLE,STRAIGHT & LEVEL,DAYLIGHT,,,5/17/2021 8:38:20 AM,False,5175,Accepted,
28139986,0568000,LOUISVILLE METRO POLICE DEPT,Accepted,JEFFERSON,,609,40TH,ST,S,,,,,,,38.254948371,-85.817754547,0.404,5/16/2021 12:00:00 AM,1558,2,2,0,1,CLEAR,DRY,True,1 VEHICLE ENTERING/LEAVING ENTRANCE,ANGLE,STRAIGHT & LEVEL,DAYLIGHT,,,5/17/2021 8:38:49 AM,False,5280,Accepted,
28139977,0568000,LOUISVILLE METRO POLICE DEPT,Accepted,JEFFERSON,KY0864,5024,POPLAR LEVEL,RD,,,,,,,,38.164834705,-85.680050800,8.681,5/16/2021 12:00:00 AM,1350,2,1,0,0,CLOUDY,DRY,True,COLLISION IN PARKING LOT,SINGLE VEHICLE,STRAIGHT & LEVEL,DAYLIGHT,,,5/17/2021 8:38:06 AM,False,5027,Accepted,
28154405,0568000,LOUISVILLE METRO POLICE DEPT,Accepted,JEFFERSON,US0031E,,BARDSTOWN,RD,,,ROANOKE,,,,,38.227779696,-85.700007262,14.043,5/16/2021 12:00:00 AM,0215,5,5,0,3,CLEAR,DRY,False,NON-COLLISION OBJECT COLLISION,ANGLE,STRAIGHT & GRADE,DARK-HWY LIGHTED/ON,,,5/20/2021 11:35:44 AM,False,2034,Accepted,
28147302,0560300,ST. MATTHEWS POLICE DEPARTMENT,Accepted,JEFFERSON,US0060,,SHELBYVILLE,RD,,,,,,,,38.250144134,-85.623256982,5.320,5/16/2021 12:00:00 AM,1745,2,2,0,0,CLEAR,DRY,False,COLLISION IN PARKING LOT,ANGLE,STRAIGHT & LEVEL,DAYLIGHT,,,5/18/2021 9:09:56 PM,False,9169,Accepted,
28139967,0568000,LOUISVILLE METRO POLICE DEPT,Accepted,JEFFERSON,I 0064,,,,,,,,,,,38.261064966,-85.734286910,0.637,5/16/2021 12:00:00 AM,0755,1,1,0,0,CLOUDY,WET,False,COLLISION WITH FIXED OBJECT NOT IN GORE ,SINGLE VEHICLE,CURVE & GRADE,DAYLIGHT,I 0064,I 0065,5/17/2021 8:37:42 AM,False,2128,Accepted,
28139992,0568000,LOUISVILLE METRO POLICE DEPT,Accepted,JEFFERSON,US0150,,BROADWAY,,E,KY0864,SHELBY,,,,,38.244717264,-85.739524714,3.402,5/16/2021 12:00:00 AM,2158,2,2,0,0,CLEAR,DRY,False,ANGLE COLLISION - ONE VEHICLE TURNING LEFT,ANGLE,STRAIGHT & LEVEL,DARK-HWY LIGHTED/ON,,,5/17/2021 8:39:17 AM,False,5268,Accepted,