IncidentID,AgencyORI,AgencyName,IncidentStatusDesc,County,RdwyNumber,Street,RoadwayName,StreetSfx,StreetDir,IntersectionRdwy,IntersectionRdwyName,BetweenStRdwy1,BetweenStRdwyName1,BetweenStRdwy2,BetweenStRdwyName2,Latitude,Longitude,Milepoint,CollisionDate,CollisionTime,UnitsInvolved,MotorVehiclesInvolved,NumberKilled,NumberInjured,Weather,RdwyConditionCode,HitandRun,DirAnalysisCode,MannerofCollision,RdwyCharacter,LightCondition,RampFromRdwyId,RampToRdwyId,AcceptedDate,IsSecondaryCollision,OwnerBadge,IncidentStatus,
28140008,0568000,LOUISVILLE METRO POLICE DEPT,Accepted,JEFFERSON,,,3RD,ST,S,,EVELYN,,,,,38.196766327,-85.765025126,0.265,5/16/2021 12:00:00 AM,2205,2,2,0,0,CLEAR,DRY,False,ANGLE COLLISION - OTHER,ANGLE,STRAIGHT & LEVEL,DARK-HWY LIGHTED/ON,,,5/17/2021 8:40:05 AM,False,7046,Accepted,
28139955,0568000,LOUISVILLE METRO POLICE DEPT,Accepted,JEFFERSON,KY0061,,PRESTON,HWY,,KY1450,BLUE LICK,,,,,38.133802491,-85.684185510,3.620,5/16/2021 12:00:00 AM,0043,2,2,0,0,CLEAR,DRY,False,OTHER INTERSECTION COLLISIONS,REAR END,STRAIGHT & LEVEL,DARK-HWY LIGHTED/ON,,,5/17/2021 8:36:59 AM,False,5336,Accepted,
28139973,0568000,LOUISVILLE METRO POLICE DEPT,Accepted,JEFFERSON,,211,FAIRMONT,AVE,W,,,,,,,38.195370447,-85.764041112,0.237,5/16/2021 12:00:00 AM,1057,1,1,0,0,CLOUDY,DRY,True,OTHER ROADWAY OR MID-BLOCK COLLISION,SINGLE VEHICLE,STRAIGHT & LEVEL,DAYLIGHT,,,5/17/2021 8:37:53 AM,False,7872,Accepted,
28139975,0568000,LOUISVILLE METRO POLICE DEPT,Accepted,JEFFERSON,,,5TH,ST,S,,JEFFERSON,,,,,38.254018260,-85.758670928,3.615,5/16/2021 12:00:00 AM,1356,1,1,0,0,CLOUDY,DRY,False,COLLISION WITH FIXED OBJECT IN INTERSECTION - FIRST EVENT COLLISION 09 - 32,SINGLE VEHICLE,STRAIGHT & LEVEL,DAYLIGHT,,,5/17/2021 8:37:59 AM,False,5187,Accepted,
28139981,0568000,LOUISVILLE METRO POLICE DEPT,Accepted,JEFFERSON,KY0061,,PRESTON,HWY,,,,,,,,38.113057085,-85.675927727,2.073,5/16/2021 12:00:00 AM,0920,2,2,0,0,RAINING,WET,False,SIDESWIPE COLLISION - SAME DIRECTION,SIDESWIPE-SAME DIRECTION,STRAIGHT & LEVEL,DAYLIGHT,,,5/17/2021 8:38:31 AM,False,7474,Accepted,
28139982,0568000,LOUISVILLE METRO POLICE DEPT,Accepted,JEFFERSON,I 0265,,I265 S,,,,,I 0064,I265 S EXIT25A RAMP TO I64 E,I 0064,I64 E EXIT19A RAMP TO I265 S,38.220323717,-85.505931995,25.279,5/16/2021 12:00:00 AM,1648,3,3,0,0,CLOUDY,DRY,False,OTHER ROADWAY OR MID-BLOCK COLLISION,REAR END,STRAIGHT & LEVEL,DAYLIGHT,,,5/17/2021 8:38:35 AM,False,6334,Accepted,
28139966,0568000,LOUISVILLE METRO POLICE DEPT,Accepted,JEFFERSON,US0031W,,DIXIE,HWY,,,BETHANY,,,,,38.095393353,-85.874040211,7.701,5/16/2021 12:00:00 AM,0958,1,1,0,0,CLOUDY,WET,False,NON-COLLISION OBJECT COLLISION,SINGLE VEHICLE,STRAIGHT & LEVEL,DAYLIGHT,,,5/17/2021 8:37:38 AM,False,7205,Accepted,
28139983,0568000,LOUISVILLE METRO POLICE DEPT,Accepted,JEFFERSON,KY1934,,GREENBELT,HWY,,,JOHNSONTOWN,,,,,38.116477225,-85.894762435,2.305,5/16/2021 12:00:00 AM,1056,2,2,0,0,CLOUDY,WET,False,OTHER INTERSECTION COLLISIONS,REAR END,STRAIGHT & LEVEL,DAYLIGHT,,,5/17/2021 8:38:39 AM,False,7483,Accepted,
28139988,0568000,LOUISVILLE METRO POLICE DEPT,Accepted,JEFFERSON,,,S BROOK CONNECTOR,,,US0060A,EASTERN,,,,,38.209884686,-85.758522918,0.336,5/16/2021 12:00:00 AM,1816,3,3,0,1,CLEAR,DRY,True,OTHER INTERSECTION COLLISIONS,REAR END,STRAIGHT & GRADE,DAYLIGHT,,,5/17/2021 8:38:55 AM,False,5349,Accepted,
28139989,0568000,LOUISVILLE METRO POLICE DEPT,Accepted,JEFFERSON,I 0065,,I65 S,,,I 0065,I65 S EXIT136 ON RAMP FROM  W CHESTNUT ST,,,,,38.246465332,-85.752250991,135.308,5/16/2021 12:00:00 AM,1947,2,2,0,3,CLEAR,DRY,False,OTHER INTERSECTION COLLISIONS,REAR END,STRAIGHT & LEVEL,DAYLIGHT,,,5/17/2021 8:38:59 AM,False,5122,Accepted,
28139998,0568000,LOUISVILLE METRO POLICE DEPT,Accepted,JEFFERSON,,,ST ANTHONY CHURCH,RD,,KY1931,ST ANDREWS CHURCH,,,,,38.148947670,-85.820461809,0.134,5/16/2021 12:00:00 AM,1914,2,2,0,0,CLOUDY,DRY,False,ANGLE COLLISION - OTHER,ANGLE,STRAIGHT & GRADE,DAYLIGHT,,,5/17/2021 8:39:39 AM,False,5033,Accepted,
28242197,0568000,LOUISVILLE METRO POLICE DEPT,Accepted,JEFFERSON,,,34TH,ST,S,,GREENWOOD,,,,,38.243153527,-85.809506941,1.343,5/16/2021 12:00:00 AM,1800,2,2,0,2,CLEAR,DRY,False,OPPOSING LEFT TURN,OPPOSING LEFT TURN,STRAIGHT & LEVEL,DAYLIGHT,,,6/11/2021 8:55:08 AM,False,5160,Accepted,
28178084,0568000,LOUISVILLE METRO POLICE DEPT,Accepted,JEFFERSON,US0031W,,DIXIE,HWY,,,PENDLETON,,,,,38.062307653,-85.886625486,5.291,5/16/2021 12:00:00 AM,1420,2,2,0,0,CLEAR,DRY,False,ANGLE COLLISION - OTHER,ANGLE,STRAIGHT & LEVEL,DAYLIGHT,,,5/26/2021 8:23:21 AM,False,5344,Accepted,
28304726,0568000,LOUISVILLE METRO POLICE DEPT,Accepted,JEFFERSON,,,12TH,ST,S,US0150,BROADWAY,,,,,38.247343074,-85.771624659,0.394,5/16/2021 12:00:00 AM,0030,2,2,0,0,CLEAR,DRY,False,COLLISION WITH PARKED VEHICLE,REAR END,STRAIGHT & LEVEL,DARK (UNKNOWN ROADWAY LIGHTING),,,6/28/2021 8:39:43 AM,False,7786,Accepted,
28304725,0568000,LOUISVILLE METRO POLICE DEPT,Accepted,JEFFERSON,,,26TH,ST,N,,ST XAVIER,,,,,38.268138414,-85.791683919,0.525,5/15/2021 12:00:00 AM,2121,2,2,0,1,CLEAR,DRY,False,COLLISION WITH PARKED VEHICLE,REAR TO REAR,STRAIGHT & LEVEL,DARK-HWY NOT LIGHTED,,,6/28/2021 8:39:39 AM,False,7786,Accepted,
28173261,0568000,LOUISVILLE METRO POLICE DEPT,Accepted,JEFFERSON,KY0061,,PRESTON,HWY,,,MILES,,,,,38.123912073,-85.679016768,2.875,5/15/2021 12:00:00 AM,1844,3,3,0,1,CLEAR,DRY,False,ANGLE COLLISION - OTHER,ANGLE,STRAIGHT & LEVEL,DAYLIGHT,,,5/25/2021 8:40:56 AM,False,7730,Accepted,
28139948,0568000,LOUISVILLE METRO POLICE DEPT,Accepted,JEFFERSON,US0060A,,WINKLER,AVE,,,6TH,,,,,38.210709944,-85.768105876,2.866,5/15/2021 12:00:00 AM,1543,2,2,0,1,CLEAR,DRY,False,ANGLE COLLISION - ONE VEHICLE TURNING LEFT,ANGLE,STRAIGHT & LEVEL,DAYLIGHT,,,5/17/2021 8:36:33 AM,False,5349,Accepted,
28139949,0568000,LOUISVILLE METRO POLICE DEPT,Accepted,JEFFERSON,US0031W,,DIXIE,HWY,,,,,,,,38.168511223,-85.828416766,13.268,5/15/2021 12:00:00 AM,1401,2,2,0,0,CLEAR,DRY,True,COLLISION IN PARKING LOT,BACKING,STRAIGHT & LEVEL,DAYLIGHT,,,5/17/2021 8:36:36 AM,False,7340,Accepted,
28139950,0568000,LOUISVILLE METRO POLICE DEPT,Accepted,JEFFERSON,KY1931,,GREENWOOD,RD,,,,,,,,38.144020289,-85.851021760,2.515,5/15/2021 12:00:00 AM,1555,3,3,0,2,CLEAR,DRY,False,OTHER ROADWAY OR MID-BLOCK COLLISION,REAR END,STRAIGHT & LEVEL,DAYLIGHT,,,5/17/2021 8:36:39 AM,False,7340,Accepted,
28139980,0568000,LOUISVILLE METRO POLICE DEPT,Accepted,JEFFERSON,KY0155,,TAYLORSVILLE,RD,,,,,CHENOWETH RUN,KY0913,BLANKENBAKER,38.188024402,-85.550804883,8.396,5/15/2021 12:00:00 AM,1107,2,2,0,1,CLEAR,DRY,False,HEAD-ON COLLISION,HEAD ON,CURVE & GRADE,DAYLIGHT,,,5/17/2021 8:38:26 AM,False,7838,Accepted,
28139963,0568000,LOUISVILLE METRO POLICE DEPT,Accepted,JEFFERSON,,,ST CATHERINE,ST,W,,,,,,,38.236932288,-85.754894212,0.004,5/15/2021 12:00:00 AM,1520,2,2,0,0,CLEAR,DRY,False,SIDESWIPE COLLISION - SAME DIRECTION,SIDESWIPE-SAME DIRECTION,STRAIGHT & LEVEL,DAYLIGHT,,,5/17/2021 8:37:25 AM,False,5258,Accepted,
28139933,0568000,LOUISVILLE METRO POLICE DEPT,Accepted,JEFFERSON,,515,OAK,ST,W,,,,,,,38.235242633,-85.762789473,0.408,5/15/2021 12:00:00 AM,0051,2,2,0,0,CLEAR,DRY,True,1 VEHICLE PARKED POSITION (NOT PARKING LOT/DRIVEWAY),REAR END,STRAIGHT & LEVEL,DARK-HWY LIGHTED/ON,,,5/17/2021 8:35:29 AM,False,5152,Accepted,
28139939,0568000,LOUISVILLE METRO POLICE DEPT,Accepted,JEFFERSON,,,RIVER PARK,DR,,,37TH,,,,,38.254967485,-85.812083194,0.815,5/15/2021 12:00:00 AM,1233,2,2,0,3,CLEAR,DRY,False,COLLISION WITH PARKED VEHICLE,REAR END,STRAIGHT & LEVEL,DAYLIGHT,,,5/17/2021 8:35:53 AM,False,5003,Accepted,
28139940,0568000,LOUISVILLE METRO POLICE DEPT,Accepted,JEFFERSON,KY1819,,BILLTOWN,RD,,,GELLHAUS,,,,,38.150537853,-85.549439062,5.533,5/15/2021 12:00:00 AM,1342,2,2,0,0,CLEAR,DRY,False,OPPOSING LEFT TURN,OPPOSING LEFT TURN,STRAIGHT & LEVEL,DAYLIGHT,,,5/17/2021 8:35:56 AM,False,7698,Accepted,
28139990,0568000,LOUISVILLE METRO POLICE DEPT,Accepted,JEFFERSON,US0031W,,22ND,ST,S,,GREENWOOD,,,,,38.241223338,-85.789586514,18.998,5/15/2021 12:00:00 AM,1820,2,2,0,0,CLEAR,DRY,False,ANGLE COLLISION - OTHER,ANGLE,STRAIGHT & LEVEL,DAYLIGHT,,,5/17/2021 8:39:03 AM,True,5272,Accepted,
28139947,0568000,LOUISVILLE METRO POLICE DEPT,Accepted,JEFFERSON,I 0264,,I264 E,,,I 0264,I264 E EXIT9 OFF RAMP TO KY1865,,,,,38.186560710,-85.795649857,8.433,5/15/2021 12:00:00 AM,1248,1,1,0,2,CLEAR,DRY,False,OTHER INTERSECTION COLLISIONS,SINGLE VEHICLE,STRAIGHT & LEVEL,DAYLIGHT,,,5/17/2021 8:36:29 AM,False,5349,Accepted,
28140006,0568000,LOUISVILLE METRO POLICE DEPT,Accepted,JEFFERSON,KY3082,,BANK,ST,,,26TH,,,,,38.269317891,-85.790976073,1.089,5/15/2021 12:00:00 AM,2119,4,4,0,0,CLEAR,DRY,False,COLLISION WITH PARKED VEHICLE,SIDESWIPE-SAME DIRECTION,STRAIGHT & LEVEL,DARK-HWY LIGHTED/ON,,,5/17/2021 8:39:58 AM,True,5362,Accepted,
28151430,0560400,SHIVELY POLICE DEPARTMENT,Accepted,JEFFERSON,I 0264,,I264 E,,,,,,,,,38.185625915,-85.806779001,7.824,5/15/2021 12:00:00 AM,1407,2,2,0,0,CLOUDY,DRY,False,REAR END IN TRAFFIC LANES BOTH VEHICLES MOVING,REAR END,STRAIGHT & GRADE,DAYLIGHT,,,5/19/2021 5:44:09 PM,False,7118,Accepted,
28134787,0561000,JEFFERSONTOWN POLICE DEPT,Accepted,JEFFERSON,KY1747,,HURSTBOURNE,PKWY,S,,,,,I 0064,I64 E EXIT15B OFF RAMP TO KY1747,38.221284369,-85.579937707,11.744,5/15/2021 12:00:00 AM,1303,2,2,0,0,CLEAR,DRY,False,OTHER ROADWAY OR MID-BLOCK COLLISION,REAR END,STRAIGHT & LEVEL,DAYLIGHT,,,5/15/2021 3:31:40 PM,False,8292,Accepted,
28139951,0568000,LOUISVILLE METRO POLICE DEPT,Accepted,JEFFERSON,,4026,CHURCHMAN,AVE,,,,,,,,38.184996719,-85.791978099,0.675,5/15/2021 12:00:00 AM,1830,2,2,0,0,CLEAR,DRY,False,1 VEHICLE PARKED POSITION (NOT PARKING LOT/DRIVEWAY),SIDESWIPE-SAME DIRECTION,STRAIGHT & LEVEL,DAYLIGHT,,,5/17/2021 8:36:43 AM,False,7488,Accepted,
28139959,0568000,LOUISVILLE METRO POLICE DEPT,Accepted,JEFFERSON,,,OAK,ST,E,,BROOK,,,,,38.234445288,-85.753649279,0.088,5/15/2021 12:00:00 AM,2214,2,2,0,0,CLOUDY,DRY,False,ANGLE COLLISION - OTHER,ANGLE,STRAIGHT & LEVEL,DARK-HWY LIGHTED/ON,,,5/17/2021 8:37:12 AM,False,5236,Accepted,
28139968,0568000,LOUISVILLE METRO POLICE DEPT,Accepted,JEFFERSON,,,CHESTNUT,ST,W,US0031W,DR W J HODGE,,,,,38.252064025,-85.786009170,0.819,5/15/2021 12:00:00 AM,1851,3,3,0,0,CLOUDY,DRY,False,ANGLE COLLISION - OTHER,ANGLE,STRAIGHT & LEVEL,DAYLIGHT,,,5/17/2021 8:37:45 AM,False,5187,Accepted,
28139976,0568000,LOUISVILLE METRO POLICE DEPT,Accepted,JEFFERSON,KY1020,1014,2ND,ST,S,,,,,,,38.236480804,-85.756701321,11.474,5/15/2021 12:00:00 AM,1555,1,1,0,1,CLEAR,DRY,False,COLLISION WITH FIXED OBJECT NON - INTERSECTION - FIRST EVENT COLLISION 09 - 32 EXCLUDING 16,SINGLE VEHICLE,STRAIGHT & LEVEL,DAYLIGHT,,,5/17/2021 8:38:03 AM,False,5111,Accepted,
28139944,0568000,LOUISVILLE METRO POLICE DEPT,Accepted,JEFFERSON,,2221,BONNYCASTLE,AVE,,,,,,,,38.233788215,-85.699752067,0.882,5/15/2021 12:00:00 AM,1111,3,3,0,0,CLEAR,DRY,True,1 VEHICLE PARKED POSITION (NOT PARKING LOT/DRIVEWAY),REAR END,STRAIGHT & LEVEL,DAYLIGHT,,,5/17/2021 8:36:17 AM,False,7960,Accepted,
28139996,0568000,LOUISVILLE METRO POLICE DEPT,Accepted,JEFFERSON,I 0064,,I64 E,,,,,,,,,38.249457603,-85.708735682,7.601,5/15/2021 12:00:00 AM,1943,1,1,0,0,CLEAR,DRY,False,OTHER ROADWAY OR MID-BLOCK COLLISION,SINGLE VEHICLE,STRAIGHT & LEVEL,DAYLIGHT,,,5/17/2021 8:39:35 AM,False,5197,Accepted,
28139985,0568000,LOUISVILLE METRO POLICE DEPT,Accepted,JEFFERSON,I 0264,,,,,,,,,,,38.189219018,-85.784204112,0.062,5/15/2021 12:00:00 AM,1546,2,2,0,1,CLEAR,DRY,True,OTHER RAMP RELATED COLLISIONS NOT LISTED ABOVE,ANGLE,CURVE & LEVEL,DAYLIGHT,KY1865,I 0264,5/17/2021 8:38:46 AM,False,5123,Accepted,
28139945,0568000,LOUISVILLE METRO POLICE DEPT,Accepted,JEFFERSON,,4810,WHITE ASH,CT,,,,,,,,38.085590553,-85.672308159,0.015,5/15/2021 12:00:00 AM,0717,2,2,0,0,CLEAR,DRY,False,COLLISION IN PARKING LOT,BACKING,STRAIGHT & LEVEL,DAYLIGHT,,,5/17/2021 8:36:21 AM,False,7272,Accepted,
28139946,0568000,LOUISVILLE METRO POLICE DEPT,Accepted,JEFFERSON,KY1065,,OUTER,LOOP,,,MINOR,,,,,38.136248279,-85.697106651,5.470,5/15/2021 12:00:00 AM,1209,2,2,0,7,CLEAR,DRY,False,ANGLE COLLISION - OTHER,ANGLE,STRAIGHT & LEVEL,DAYLIGHT,,,5/17/2021 8:36:25 AM,False,7474,Accepted,
28139952,0568000,LOUISVILLE METRO POLICE DEPT,Accepted,JEFFERSON,KY1934,,CANE RUN,RD,,,DONALD,,,,,38.191709972,-85.847608833,8.418,5/15/2021 12:00:00 AM,1100,3,3,0,2,CLEAR,DRY,False,OTHER INTERSECTION COLLISIONS,REAR END,STRAIGHT & LEVEL,DAYLIGHT,,,5/17/2021 8:36:47 AM,False,5253,Accepted,
28139953,0568000,LOUISVILLE METRO POLICE DEPT,Accepted,JEFFERSON,KY0907,,3RD ST,RD,,KY1865,NEW CUT,,,,,38.145741741,-85.775285392,6.197,5/15/2021 12:00:00 AM,1547,2,2,0,0,CLEAR,DRY,False,OTHER INTERSECTION COLLISIONS,REAR END,STRAIGHT & LEVEL,DAYLIGHT,,,5/17/2021 8:36:50 AM,False,7483,Accepted,
28139954,0568000,LOUISVILLE METRO POLICE DEPT,Accepted,JEFFERSON,US0031W,,22ND,ST,S,,KENTUCKY,,,,,38.242180658,-85.789456705,19.063,5/15/2021 12:00:00 AM,2103,2,2,0,1,CLEAR,DRY,True,ANGLE COLLISION - OTHER,ANGLE,STRAIGHT & LEVEL,DARK-HWY NOT LIGHTED,,,5/17/2021 8:36:54 AM,False,5256,Accepted,
28139960,0568000,LOUISVILLE METRO POLICE DEPT,Accepted,JEFFERSON,US0060,,SHELBYVILLE,RD,,,MOSER,,,,,38.245197377,-85.559350758,8.837,5/15/2021 12:00:00 AM,2115,2,2,0,0,CLEAR,DRY,True,SIDESWIPE-SAME DIRECTION,SIDESWIPE-SAME DIRECTION,STRAIGHT & LEVEL,DARK-HWY LIGHTED/ON,,,5/17/2021 8:37:16 AM,False,7440,Accepted,
28153834,0568000,LOUISVILLE METRO POLICE DEPT,Accepted,JEFFERSON,,1514,HILL,ST,W,,,,,,,38.229911126,-85.798711124,2.282,5/15/2021 12:00:00 AM,1456,2,2,0,0,CLEAR,DRY,True,1 VEHICLE PARKED POSITION (NOT PARKING LOT/DRIVEWAY),SIDESWIPE-SAME DIRECTION,STRAIGHT & LEVEL,DAYLIGHT,,,5/20/2021 8:45:16 AM,True,5257,Accepted,
28153847,0568000,LOUISVILLE METRO POLICE DEPT,Accepted,JEFFERSON,KY1447,,WESTPORT,RD,,I 0265,I265 S EXIT33 ON RAMP FROM KY1447,,,,,38.296713482,-85.551277930,6.502,5/15/2021 12:00:00 AM,2239,2,2,0,0,CLEAR,DRY,True,OPPOSING LEFT TURN,OPPOSING LEFT TURN,STRAIGHT & LEVEL,DARK-HWY LIGHTED/ON,,,5/20/2021 8:46:09 AM,False,5306,Accepted,
28157887,0568000,LOUISVILLE METRO POLICE DEPT,Accepted,JEFFERSON,,,SOUTHERN,PKWY,,,WOODLAWN,,,,,38.181818705,-85.768449319,0.001,5/15/2021 12:00:00 AM,1617,2,2,0,0,CLEAR,DRY,False,OPPOSING LEFT TURN,OPPOSING LEFT TURN,CURVE & LEVEL,DAYLIGHT,,,5/21/2021 8:44:11 AM,False,5252,Accepted,
28157885,0568000,LOUISVILLE METRO POLICE DEPT,Accepted,JEFFERSON,,,OLD BARDSTOWN,RD,,,,,LANDWOOD,,FAIRMOUNT,38.119039000,-85.572648693,0.844,5/15/2021 12:00:00 AM,0649,1,1,0,1,CLEAR,DRY,False,OTHER COLLISIONS ON SHOULDER,SINGLE VEHICLE,STRAIGHT & GRADE,DAWN,,,5/21/2021 8:43:56 AM,False,7669,Accepted,
29400264,0568000,LOUISVILLE METRO POLICE DEPT,Accepted,JEFFERSON,,3716,OAKDALE,AVE,,,,,,,,38.202687510,-85.765198455,0.144,5/15/2021 12:00:00 AM,0019,1,1,0,0,CLEAR,DRY,False,COLLISION WITH FIXED OBJECT NON - INTERSECTION - FIRST EVENT COLLISION 09 - 32 EXCLUDING 16,SINGLE VEHICLE,CURVE & LEVEL,DARK-HWY LIGHTED/ON,,,12/8/2021 8:17:41 AM,False,5287,Accepted,
28139987,0568000,LOUISVILLE METRO POLICE DEPT,Accepted,JEFFERSON,I 0264,,I264 W,,,,,I 0264,I264 W EXIT21 OFF RAMP TO KY1447,I 0264,I264 W EXIT22 ON RAMP FROM US42,38.275092617,-85.631619552,21.667,5/14/2021 12:00:00 AM,1529,2,2,0,0,CLEAR,DRY,True,SIDESWIPE COLLISION - SAME DIRECTION,SIDESWIPE-SAME DIRECTION,STRAIGHT & LEVEL,DAYLIGHT,,,5/17/2021 8:38:52 AM,False,5247,Accepted,
28139984,0568000,LOUISVILLE METRO POLICE DEPT,Accepted,JEFFERSON,KY1865,,TAYLOR,BLVD,,,CARLISLE,,,,,38.194148810,-85.783092221,6.049,5/14/2021 12:00:00 AM,0832,1,1,0,0,CLEAR,DRY,False,COLLISION WITH FIXED OBJECT IN INTERSECTION - FIRST EVENT COLLISION 09 - 32,SINGLE VEHICLE,STRAIGHT & LEVEL,DAYLIGHT,,,5/17/2021 8:38:43 AM,False,5123,Accepted,
28139926,0568000,LOUISVILLE METRO POLICE DEPT,Accepted,JEFFERSON,,315,CENTRAL,AVE,,,,,,,,38.204883375,-85.764430160,0.378,5/14/2021 12:00:00 AM,1157,2,2,0,0,CLEAR,DRY,False,REAR END IN TRAFFIC LANES BOTH VEHICLES MOVING,REAR END,STRAIGHT & LEVEL,DAYLIGHT,,,5/17/2021 8:35:09 AM,False,5349,Accepted,
28139927,0568000,LOUISVILLE METRO POLICE DEPT,Accepted,JEFFERSON,US0031E,,BARDSTOWN,RD,,,EDENSIDE,,,,,38.232778102,-85.710740269,14.726,5/14/2021 12:00:00 AM,1907,2,2,0,1,CLEAR,DRY,False,ANGLE COLLISION - OTHER,ANGLE,STRAIGHT & LEVEL,DAYLIGHT,,,5/17/2021 8:35:13 AM,False,7049,Accepted,
28139935,0568000,LOUISVILLE METRO POLICE DEPT,Accepted,JEFFERSON,I 0264,,I264 W,,,,,,,,,38.190441498,-85.754091075,10.816,5/14/2021 12:00:00 AM,2204,2,2,0,2,CLEAR,DRY,True,1 VEHICLE ENTERING/LEAVING ENTRANCE,ANGLE,STRAIGHT & HILLCREST,DARK-HWY LIGHTED/ON,,,5/17/2021 8:35:38 AM,False,5183,Accepted,
28137748,0560600,WEST BUECHEL POLICE DEPT.,Accepted,JEFFERSON,,,LEGHORN,DR,,,,,,,,38.192335509,-85.680408783,0.207,5/14/2021 12:00:00 AM,0156,1,1,0,0,CLEAR,DRY,True,COLLISION WITH FIXED OBJECT NON - INTERSECTION - FIRST EVENT COLLISION 09 - 32 EXCLUDING 16,SINGLE VEHICLE,STRAIGHT & GRADE,DARK-HWY LIGHTED/ON,,,5/16/2021 5:01:25 PM,False,1299,Accepted,
28139912,0568000,LOUISVILLE METRO POLICE DEPT,Accepted,JEFFERSON,,,CLIFTON,AVE,S,US0060,FRANKFORT,,,,,38.253593686,-85.706131898,0.001,5/14/2021 12:00:00 AM,1500,2,2,0,0,CLEAR,DRY,False,COLLISION WITH PARKED VEHICLE,ANGLE,STRAIGHT & LEVEL,DAYLIGHT,,,5/17/2021 8:34:06 AM,False,7028,Accepted,
28139934,0568000,LOUISVILLE METRO POLICE DEPT,Accepted,JEFFERSON,KY2054,,ALGONQUIN,PKWY,,KY1934,CANE RUN,,,,,38.224407397,-85.809302696,0.719,5/14/2021 12:00:00 AM,1810,3,3,0,0,CLEAR,DRY,False,ANGLE COLLISION - OTHER,ANGLE,STRAIGHT & LEVEL,DAYLIGHT,,,5/17/2021 8:35:34 AM,False,5253,Accepted,
28139918,0568000,LOUISVILLE METRO POLICE DEPT,Accepted,JEFFERSON,I 0264,,I264 W,,,I 0264,I264 W EXIT15B OFF RAMP TO KY1703 S,,,,,38.202324733,-85.687648238,14.584,5/14/2021 12:00:00 AM,1600,2,2,0,0,CLEAR,DRY,False,OTHER INTERSECTION COLLISIONS,REAR END,STRAIGHT & LEVEL,DAYLIGHT,,,5/17/2021 8:34:36 AM,False,5354,Accepted,
28139919,0568000,LOUISVILLE METRO POLICE DEPT,Accepted,JEFFERSON,US0031W,,DIXIE,HWY,,,,,,,,38.111459183,-85.863863082,8.941,5/14/2021 12:00:00 AM,1623,2,2,0,0,CLOUDY,DRY,False,SIDESWIPE COLLISION - SAME DIRECTION,SIDESWIPE-SAME DIRECTION,STRAIGHT & LEVEL,DAYLIGHT,,,5/17/2021 8:34:40 AM,False,7723,Accepted,
28139909,0568000,LOUISVILLE METRO POLICE DEPT,Accepted,JEFFERSON,US0031E,1905,BARDSTOWN,RD,,,,,,,,38.226934058,-85.698700712,13.952,5/14/2021 12:00:00 AM,1243,2,2,0,0,CLEAR,DRY,False,1 VEHICLE PARKED POSITION (NOT PARKING LOT/DRIVEWAY),REAR END,STRAIGHT & LEVEL,DAYLIGHT,,,5/17/2021 8:33:55 AM,False,7570,Accepted,
28139910,0568000,LOUISVILLE METRO POLICE DEPT,Accepted,JEFFERSON,,1420,SHINGO,AVE,,,,,,,,38.174484923,-85.785011945,0.144,5/14/2021 12:00:00 AM,1115,2,2,0,0,CLEAR,DRY,True,1 VEHICLE PARKED POSITION (NOT PARKING LOT/DRIVEWAY),BACKING,STRAIGHT & GRADE,DAYLIGHT,,,5/17/2021 8:33:58 AM,False,5252,Accepted,
28140007,0568000,LOUISVILLE METRO POLICE DEPT,Accepted,JEFFERSON,I 0264,,I264 W,,,,,,,,,38.190198649,-85.732932712,11.908,5/14/2021 12:00:00 AM,2327,2,2,0,0,CLEAR,DRY,False,REAR END IN TRAFFIC LANES BOTH VEHICLES MOVING,REAR END,STRAIGHT & LEVEL,DARK-HWY LIGHTED/ON,,,5/17/2021 8:40:02 AM,False,7046,Accepted,
28130450,0568000,LOUISVILLE METRO POLICE DEPT,Accepted,JEFFERSON,,,FEGENBUSH,LN,,,WOODHAVEN,,,,,38.173802546,-85.639344158,0.927,5/14/2021 12:00:00 AM,0001,2,2,0,1,CLEAR,DRY,False,OTHER INTERSECTION COLLISIONS,REAR END,STRAIGHT & LEVEL,DARK-HWY NOT LIGHTED,,,5/14/2021 9:08:12 AM,False,5316,Accepted,
28144962,0568000,LOUISVILLE METRO POLICE DEPT,Accepted,JEFFERSON,,9616,EL PRADO,ST,,,,,,,,38.115427830,-85.856168832,0.030,5/14/2021 12:00:00 AM,1200,1,1,0,0,CLEAR,DRY,True,RAN OFF ROADWAY (1 VEHICLE WITH/EARTH EMBANKMENT/DITCH),SINGLE VEHICLE,STRAIGHT & LEVEL,DAYLIGHT,,,5/18/2021 9:58:18 AM,False,5374,Accepted,
28140005,0568000,LOUISVILLE METRO POLICE DEPT,Accepted,JEFFERSON,I 0264,,I264 W,,,,,,,,,38.192159307,-85.713788179,12.963,5/14/2021 12:00:00 AM,2202,2,2,0,0,CLEAR,DRY,False,REAR END IN TRAFFIC LANES BOTH VEHICLES MOVING,REAR END,STRAIGHT & LEVEL,DARK-HWY LIGHTED/ON,,,5/17/2021 8:39:54 AM,False,7972,Accepted,