IncidentID,AgencyORI,AgencyName,IncidentStatusDesc,County,RdwyNumber,Street,RoadwayName,StreetSfx,StreetDir,IntersectionRdwy,IntersectionRdwyName,BetweenStRdwy1,BetweenStRdwyName1,BetweenStRdwy2,BetweenStRdwyName2,Latitude,Longitude,Milepoint,CollisionDate,CollisionTime,UnitsInvolved,MotorVehiclesInvolved,NumberKilled,NumberInjured,Weather,RdwyConditionCode,HitandRun,DirAnalysisCode,MannerofCollision,RdwyCharacter,LightCondition,RampFromRdwyId,RampToRdwyId,AcceptedDate,IsSecondaryCollision,OwnerBadge,IncidentStatus,
28139991,0568000,LOUISVILLE METRO POLICE DEPT,Accepted,JEFFERSON,,,WHISPERING HILLS,BLVD,,,ROCK HOLLOW,,,,,38.147435536,-85.650345627,0.558,5/14/2021 12:00:00 AM,2200,2,2,0,0,CLEAR,DRY,False,OPPOSITE DIRECTION - BOTH VEHICLES GOING STRAIGHT AHEAD,SIDESWIPE-OPPOSITE DIRECTION,STRAIGHT & HILLCREST,DARK-HWY NOT LIGHTED,,,5/17/2021 8:39:09 AM,False,5116,Accepted,
28139908,0568000,LOUISVILLE METRO POLICE DEPT,Accepted,JEFFERSON,I 0264,,I264 E,,,,,,,,,38.189899103,-85.764431631,10.176,5/14/2021 12:00:00 AM,1200,1,1,0,0,CLEAR,DRY,False,COLLISION WITH FIXED OBJECT NON - INTERSECTION - FIRST EVENT COLLISION 09 - 32 EXCLUDING 16,SINGLE VEHICLE,STRAIGHT & GRADE,DAYLIGHT,,,5/17/2021 8:33:52 AM,False,4903,Accepted,
28139930,0568000,LOUISVILLE METRO POLICE DEPT,Accepted,JEFFERSON,KY1931,7312,ST ANDREWS CHURCH,RD,,,CARDINAL WOODS,,,,,38.154183607,-85.803374459,5.369,5/14/2021 12:00:00 AM,2148,2,1,0,0,CLEAR,DRY,True,COLLISION WITH PEDESTRIAN IN INTERSECTION,SINGLE VEHICLE,STRAIGHT & LEVEL,DARK (UNKNOWN ROADWAY LIGHTING),,,5/17/2021 8:35:18 AM,False,5356,Accepted,
28139974,0568000,LOUISVILLE METRO POLICE DEPT,Accepted,JEFFERSON,US0042,,BROWNSBORO,RD,,,HUBBARDS,,,,,38.270518701,-85.652828562,4.671,5/14/2021 12:00:00 AM,1526,1,1,0,1,CLEAR,DRY,False,NON-COLLISION OBJECT COLLISION,SINGLE VEHICLE,STRAIGHT & LEVEL,DAYLIGHT,,,5/17/2021 8:37:56 AM,False,7180,Accepted,
28139907,0568000,LOUISVILLE METRO POLICE DEPT,Accepted,JEFFERSON,I 0264,,I264 E,,,,,,,,,38.190109507,-85.754668443,10.708,5/14/2021 12:00:00 AM,1017,2,2,0,0,CLEAR,DRY,True,SIDESWIPE COLLISION - SAME DIRECTION,SIDESWIPE-SAME DIRECTION,STRAIGHT & HILLCREST,DAYLIGHT,,,5/17/2021 8:33:49 AM,False,4903,Accepted,
28139922,0568000,LOUISVILLE METRO POLICE DEPT,Accepted,JEFFERSON,,,CHAMBERLAIN,LN,,,COLLINS,,,,,38.289882364,-85.515880111,0.219,5/14/2021 12:00:00 AM,1133,2,2,0,1,CLEAR,DRY,False,OPPOSING LEFT TURN,OPPOSING LEFT TURN,STRAIGHT & LEVEL,DAYLIGHT,,,5/17/2021 8:34:51 AM,False,7751,Accepted,
28139923,0568000,LOUISVILLE METRO POLICE DEPT,Accepted,JEFFERSON,,,FACTORY,LN,,,SERVICE,,,,,38.288996345,-85.511433349,0.052,5/14/2021 12:00:00 AM,1313,2,2,0,0,CLEAR,DRY,False,ANGLE COLLISION - OTHER,ANGLE,STRAIGHT & LEVEL,DAYLIGHT,,,5/17/2021 8:34:54 AM,False,7751,Accepted,
28139924,0568000,LOUISVILLE METRO POLICE DEPT,Accepted,JEFFERSON,US0031W,,DIXIE,HWY,,,,,,,,38.152800481,-85.835924114,12.241,5/14/2021 12:00:00 AM,1203,3,3,0,1,CLEAR,DRY,False,HEAD-ON COLLISION,HEAD ON,STRAIGHT & LEVEL,DAYLIGHT,,,5/17/2021 8:35:01 AM,False,7234,Accepted,
28139925,0568000,LOUISVILLE METRO POLICE DEPT,Accepted,JEFFERSON,KY1727,,TERRY,RD,,,,,,,,38.167433993,-85.866757082,3.220,5/14/2021 12:00:00 AM,1536,2,2,0,2,CLEAR,DRY,False,REAR END IN TRAFFIC LANES BOTH VEHICLES MOVING,REAR END,STRAIGHT & LEVEL,DAYLIGHT,,,5/17/2021 8:35:05 AM,False,7234,Accepted,
28139932,0568000,LOUISVILLE METRO POLICE DEPT,Accepted,JEFFERSON,I 0264,,I264 W,,,,,,,,,38.190947156,-85.719402767,12.645,5/14/2021 12:00:00 AM,2224,2,2,0,0,CLEAR,DRY,False,REAR END IN TRAFFIC LANES BOTH VEHICLES MOVING,REAR END,STRAIGHT & LEVEL,DARK-HWY LIGHTED/ON,,,5/17/2021 8:35:26 AM,False,5367,Accepted,
28139915,0568000,LOUISVILLE METRO POLICE DEPT,Accepted,JEFFERSON,I 0264,,I264 E,,,,,,,,,38.199745586,-85.699973821,13.883,5/13/2021 12:00:00 AM,1717,3,3,0,0,CLEAR,DRY,False,REAR END IN TRAFFIC LANES BOTH VEHICLES MOVING,REAR END,STRAIGHT & LEVEL,DAYLIGHT,,,5/17/2021 8:34:25 AM,False,7964,Accepted,
28130423,0568000,LOUISVILLE METRO POLICE DEPT,Accepted,JEFFERSON,I 0264,,,,,,,I 0264,I264 W EXIT3 OFF RAMP TO  DUMESNIL ST,,DUMESNIL,38.238109662,-85.815707081,0.208,5/13/2021 12:00:00 AM,1308,2,2,0,1,CLEAR,DRY,False,1 VEHICLE ENTERING/LEAVING ENTRANCE,ANGLE,CURVE & LEVEL,DAYLIGHT,,,5/14/2021 9:07:18 AM,False,7329,Accepted,
28130424,0568000,LOUISVILLE METRO POLICE DEPT,Accepted,JEFFERSON,,,MUHAMMAD ALI,BLVD,W,,,,,,,38.251898718,-85.763316622,0.593,5/13/2021 12:00:00 AM,1652,2,1,0,1,CLEAR,DRY,False,COLLISION WITH PEDESTRIAN NON - INTERSECTION,SINGLE VEHICLE,STRAIGHT & LEVEL,DAYLIGHT,,,5/14/2021 9:07:22 AM,False,5342,Accepted,
28130446,0568000,LOUISVILLE METRO POLICE DEPT,Accepted,JEFFERSON,US0060A,,BERRY,BLVD,,,,US0060A,7TH ST,,CONTINENTAL,38.196803727,-85.798301360,0.629,5/13/2021 12:00:00 AM,1959,2,2,0,0,CLEAR,DRY,False,1 VEHICLE ENTERING/LEAVING ENTRANCE,ANGLE,STRAIGHT & LEVEL,DAYLIGHT,,,5/14/2021 9:08:03 AM,False,5384,Accepted,
28130449,0568000,LOUISVILLE METRO POLICE DEPT,Accepted,JEFFERSON,,3200,FURMAN,BLVD,,,,,,,,38.216313181,-85.643652923,0.375,5/13/2021 12:00:00 AM,1930,1,1,0,0,CLEAR,DRY,False,COLLISION WITH FIXED OBJECT NON - INTERSECTION - FIRST EVENT COLLISION 09 - 32 EXCLUDING 16,SINGLE VEHICLE,STRAIGHT & LEVEL,DAYLIGHT,,,5/14/2021 9:08:08 AM,False,5316,Accepted,
28130456,0568000,LOUISVILLE METRO POLICE DEPT,Accepted,JEFFERSON,KY0061,,PRESTON,HWY,,,MILES,,,,,38.124293584,-85.679210699,2.916,5/13/2021 12:00:00 AM,0914,3,3,0,1,CLEAR,DRY,False,OTHER INTERSECTION COLLISIONS,REAR END,STRAIGHT & LEVEL,DAYLIGHT,,,5/14/2021 9:08:38 AM,False,2017,Accepted,
28130457,0568000,LOUISVILLE METRO POLICE DEPT,Accepted,JEFFERSON,KY1865,,TAYLOR,BLVD,,,WALTER,,,,,38.175726304,-85.782659626,4.759,5/13/2021 12:00:00 AM,2140,2,2,0,0,CLEAR,DRY,False,OTHER INTERSECTION COLLISIONS,REAR END,STRAIGHT & LEVEL,DARK-HWY LIGHTED/ON,,,5/14/2021 9:08:46 AM,False,5245,Accepted,
28128594,0560300,ST. MATTHEWS POLICE DEPARTMENT,Accepted,JEFFERSON,I 0064,,I64 W,,,,,,,,,38.235462793,-85.653485175,10.580,5/13/2021 12:00:00 AM,1725,4,4,0,0,CLOUDY,DRY,False,REAR END IN TRAFFIC LANES BOTH VEHICLES MOVING,REAR END,STRAIGHT & LEVEL,DAYLIGHT,,,5/13/2021 10:09:12 PM,False,9195,Accepted,
28130397,0568000,LOUISVILLE METRO POLICE DEPT,Accepted,JEFFERSON,,,BROADWAY,,W,,,,,,,38.249532041,-85.797047550,0.482,5/13/2021 12:00:00 AM,0743,2,2,0,2,CLEAR,DRY,False,SIDESWIPE COLLISION - SAME DIRECTION,SIDESWIPE-SAME DIRECTION,STRAIGHT & LEVEL,DAYLIGHT,,,5/14/2021 9:05:32 AM,False,7220,Accepted,
28125966,0568000,LOUISVILLE METRO POLICE DEPT,Accepted,JEFFERSON,,,GARLAND,AVE,,,34TH,,,,,38.245857914,-85.809211590,2.265,5/13/2021 12:00:00 AM,0300,2,2,0,0,CLEAR,DRY,False,HEAD-ON COLLISION,HEAD ON,STRAIGHT & LEVEL,DARK-HWY LIGHTED/ON,,,5/13/2021 9:13:39 AM,False,5309,Accepted,
28130406,0568000,LOUISVILLE METRO POLICE DEPT,Accepted,JEFFERSON,KY1065,,OUTER,LOOP,,KY1865,NEW CUT,,,,,38.126435334,-85.776176902,1.025,5/13/2021 12:00:00 AM,1130,2,2,0,0,CLEAR,DRY,True,OTHER INTERSECTION COLLISIONS,REAR END,STRAIGHT & LEVEL,DAYLIGHT,,,5/14/2021 9:06:05 AM,False,7263,Accepted,
28130408,0568000,LOUISVILLE METRO POLICE DEPT,Accepted,JEFFERSON,I 0264,@13 MM,I264 W,,,,,,,,,38.192193785,-85.713672944,12.970,5/13/2021 12:00:00 AM,1036,3,3,0,3,CLEAR,DRY,False,REAR END IN TRAFFIC LANES BOTH VEHICLES MOVING,REAR END,STRAIGHT & LEVEL,DAYLIGHT,,,5/14/2021 9:06:11 AM,False,5106,Accepted,
28130425,0568000,LOUISVILLE METRO POLICE DEPT,Accepted,JEFFERSON,,,HALE,AVE,,,25TH,,,,,38.238792261,-85.794550241,0.890,5/13/2021 12:00:00 AM,1139,3,3,0,0,CLOUDY,DRY,False,ANGLE COLLISION - OTHER,ANGLE,STRAIGHT & LEVEL,DAYLIGHT,,,5/14/2021 9:07:25 AM,False,5303,Accepted,
28130426,0568000,LOUISVILLE METRO POLICE DEPT,Accepted,JEFFERSON,KY1065,,OUTER,LOOP,,,,,CEDAR BROOK,,JUDGE,38.137716880,-85.670616482,7.033,5/13/2021 12:00:00 AM,1824,2,2,0,0,CLEAR,DRY,False,OTHER ROADWAY OR MID-BLOCK COLLISION,REAR END,STRAIGHT & LEVEL,DAYLIGHT,,,5/14/2021 9:07:28 AM,False,2959,Accepted,
28130427,0568000,LOUISVILLE METRO POLICE DEPT,Accepted,JEFFERSON,,,STRAWBERRY,LN,,,DOWNES,,,,,38.160058598,-85.761975656,0.198,5/13/2021 12:00:00 AM,1421,2,2,0,7,CLEAR,DRY,False,HEAD-ON COLLISION,HEAD ON,STRAIGHT & LEVEL,DAYLIGHT,,,5/14/2021 9:07:32 AM,False,7234,Accepted,
28130403,0568000,LOUISVILLE METRO POLICE DEPT,Accepted,JEFFERSON,I 0065,,I65 S,,,,,,,,,38.143383468,-85.710428615,127.205,5/13/2021 12:00:00 AM,0539,2,2,0,2,CLEAR,DRY,False,REAR END IN TRAFFIC LANES BOTH VEHICLES MOVING,REAR END,STRAIGHT & LEVEL,DAWN,,,5/14/2021 9:05:56 AM,False,6886,Accepted,
28130409,0568000,LOUISVILLE METRO POLICE DEPT,Accepted,JEFFERSON,KY2251,,BARDSTOWN,RD,,,REYNOLDS,,,,,38.195299989,-85.653150061,0.603,5/13/2021 12:00:00 AM,1200,2,2,0,0,CLEAR,DRY,False,ANGLE COLLISION - ONE VEHICLE TURNING RIGHT,ANGLE,STRAIGHT & LEVEL,DAYLIGHT,,,5/14/2021 9:06:15 AM,False,5352,Accepted,
28130410,0568000,LOUISVILLE METRO POLICE DEPT,Accepted,JEFFERSON,KY0155,2902,TAYLORSVILLE,RD,,,,,,,,38.222663401,-85.665063558,15.442,5/13/2021 12:00:00 AM,1418,1,1,0,0,CLEAR,DRY,False,COLLISION IN PARKING LOT,SINGLE VEHICLE,STRAIGHT & LEVEL,DAYLIGHT,,,5/14/2021 9:06:19 AM,False,7284,Accepted,
28130417,0568000,LOUISVILLE METRO POLICE DEPT,Accepted,JEFFERSON,I 0264,,I264 W,,,,,,,,,38.191120789,-85.718433132,12.692,5/13/2021 12:00:00 AM,1652,3,3,0,1,CLEAR,DRY,False,REAR END IN TRAFFIC LANES BOTH VEHICLES MOVING,REAR END,STRAIGHT & LEVEL,DAYLIGHT,,,5/14/2021 9:06:48 AM,False,7371,Accepted,
28130418,0568000,LOUISVILLE METRO POLICE DEPT,Accepted,JEFFERSON,KY2052,,SHEPHERDSVILLE,RD,,,RURAL,,,,,38.171354256,-85.659418618,2.258,5/13/2021 12:00:00 AM,1731,2,2,0,0,CLEAR,DRY,False,REAR END - ONE VEHICLE TURNING RIGHT,REAR END,STRAIGHT & LEVEL,DAYLIGHT,,,5/14/2021 9:06:56 AM,False,5352,Accepted,
28144952,0568000,LOUISVILLE METRO POLICE DEPT,Accepted,JEFFERSON,I 0264,,I264 E,,,,,,,,,38.224987718,-85.643002159,17.483,5/13/2021 12:00:00 AM,1559,4,4,0,1,CLEAR,DRY,False,REAR END IN TRAFFIC LANES BOTH VEHICLES MOVING,REAR END,STRAIGHT & LEVEL,DAYLIGHT,,,5/18/2021 9:57:30 AM,False,6813,Accepted,
28130428,0568000,LOUISVILLE METRO POLICE DEPT,Accepted,JEFFERSON,,,PENDLETON,RD,,,OLD DISTILLERY,,,,,38.060959897,-85.882027617,0.261,5/13/2021 12:00:00 AM,2028,2,1,0,1,CLEAR,DRY,False,COLLISION WITH PEDESTRIAN IN INTERSECTION,SINGLE VEHICLE,STRAIGHT & LEVEL,DAYLIGHT,,,5/14/2021 9:07:35 AM,False,7277,Accepted,
28130436,0568000,LOUISVILLE METRO POLICE DEPT,Accepted,JEFFERSON,,,ASHLAND,AVE,W,KY1865,TAYLOR,,,,,38.186641016,-85.783799322,0.993,5/13/2021 12:00:00 AM,1238,2,2,0,0,CLEAR,DRY,False,ANGLE COLLISION - ONE VEHICLE TURNING LEFT,ANGLE,STRAIGHT & LEVEL,DAYLIGHT,,,5/14/2021 9:07:51 AM,False,7402,Accepted,
28130443,0568000,LOUISVILLE METRO POLICE DEPT,Accepted,JEFFERSON,KY0864,,POPLAR LEVEL,RD,,,,,,,,38.201157302,-85.709478717,11.753,5/13/2021 12:00:00 AM,2150,2,2,0,0,CLEAR,DRY,False,REAR END IN TRAFFIC LANES BOTH VEHICLES MOVING,REAR END,STRAIGHT & GRADE,DARK-HWY LIGHTED/ON,,,5/14/2021 9:07:59 AM,False,7419,Accepted,
28149032,0568000,LOUISVILLE METRO POLICE DEPT,Accepted,JEFFERSON,KY1065,,OUTER,LOOP,,,JUDGE,,,,,38.137676267,-85.669522692,7.003,5/13/2021 12:00:00 AM,1346,2,2,0,0,CLEAR,DRY,False,COLLISION WITH FIXED OBJECT IN INTERSECTION - FIRST EVENT COLLISION 09 - 32,ANGLE,STRAIGHT & LEVEL,DAYLIGHT,,,5/19/2021 8:22:14 AM,False,5297,Accepted,
28153853,0568000,LOUISVILLE METRO POLICE DEPT,Accepted,JEFFERSON,,1833,RIVER,RD,,,,,,,,38.267693531,-85.716871512,1.754,5/13/2021 12:00:00 AM,2232,2,1,0,1,CLEAR,DRY,False,COLLISION WITH BICYCLIST NON INTERSECTION,SINGLE VEHICLE,STRAIGHT & LEVEL,DARK-HWY NOT LIGHTED,,,5/20/2021 8:46:30 AM,False,5243,Accepted,
28139904,0568000,LOUISVILLE METRO POLICE DEPT,Accepted,JEFFERSON,,,OLD HENRY,RD,,,,,,,,38.276555544,-85.488941710,0.031,5/13/2021 12:00:00 AM,1108,4,4,0,0,CLEAR,DRY,False,SIDESWIPE COLLISION - OPPOSITE DIRECTION,SIDESWIPE-OPPOSITE DIRECTION,STRAIGHT & LEVEL,DAYLIGHT,,,5/17/2021 8:33:36 AM,False,7751,Accepted,
28137747,0560600,WEST BUECHEL POLICE DEPT.,Accepted,JEFFERSON,US0031E,3560,BARDSTOWN,RD,,,,,,,,38.200993502,-85.663254173,11.207,5/13/2021 12:00:00 AM,2036,2,2,0,0,CLEAR,DRY,True,COLLISION IN PARKING LOT,SIDESWIPE-OPPOSITE DIRECTION,STRAIGHT & LEVEL,DAYLIGHT,,,5/16/2021 5:01:17 PM,False,1290,Accepted,
28144974,0568000,LOUISVILLE METRO POLICE DEPT,Accepted,JEFFERSON,,,DUNCAN,ST,,US0150,22ND,,,,,38.262526626,-85.785860811,0.486,5/13/2021 12:00:00 AM,2004,2,2,0,0,CLEAR,DRY,False,ANGLE COLLISION - OTHER,ANGLE,STRAIGHT & LEVEL,DAYLIGHT,,,5/18/2021 9:59:59 AM,False,7487,Accepted,
28167903,0568000,LOUISVILLE METRO POLICE DEPT,Accepted,JEFFERSON,KY1865,,TAYLOR,BLVD,,,ASHLAND,,,,,38.186658611,-85.783799838,5.531,5/13/2021 12:00:00 AM,1510,2,2,0,0,CLEAR,DRY,True,ANGLE COLLISION - OTHER,ANGLE,STRAIGHT & LEVEL,DAYLIGHT,,,5/24/2021 9:24:32 AM,False,5335,Accepted,
28168282,0568000,LOUISVILLE METRO POLICE DEPT,Accepted,JEFFERSON,,,WOODLAWN,AVE,E,,,,,,,38.180933279,-85.758294115,0.187,5/13/2021 12:00:00 AM,1000,2,2,0,1,CLEAR,DRY,False,1 VEHICLE ENTERING/LEAVING ENTRANCE,ANGLE,CURVE & LEVEL,DAYLIGHT,,,5/24/2021 10:13:39 AM,False,5335,Accepted,
28187391,0568000,LOUISVILLE METRO POLICE DEPT,Accepted,JEFFERSON,US0031E,,BARDSTOWN,RD,,,PARIS,,,,,38.201895761,-85.663850171,11.275,5/13/2021 12:00:00 AM,1557,2,2,0,0,CLOUDY,DRY,False,ANGLE COLLISION - OTHER,ANGLE,STRAIGHT & LEVEL,DAYLIGHT,,,5/28/2021 8:34:19 AM,False,7851,Accepted,
28225386,0568000,LOUISVILLE METRO POLICE DEPT,Accepted,JEFFERSON,,,28TH,ST,S,,WILSON,,,,,38.232270780,-85.800988757,2.000,5/12/2021 12:00:00 AM,1540,2,2,0,0,CLEAR,DRY,False,ANGLE COLLISION - OTHER,ANGLE,STRAIGHT & LEVEL,DAYLIGHT,,,6/7/2021 9:48:56 AM,False,7387,Accepted,
28145753,0560400,SHIVELY POLICE DEPARTMENT,Accepted,JEFFERSON,KY1934,,CANE RUN,RD,,,,,LINDA,,DARLENE,38.214041400,-85.819415488,10.595,5/12/2021 12:00:00 AM,1721,2,2,0,0,CLEAR,DRY,True,REAR END IN TRAFFIC LANES BOTH VEHICLES MOVING,REAR END,STRAIGHT & LEVEL,DAYLIGHT,,,5/18/2021 2:13:56 PM,False,7085,Accepted,
28144953,0568000,LOUISVILLE METRO POLICE DEPT,Accepted,JEFFERSON,,,CHESTNUT,ST,E,KY0061,PRESTON,,,,,38.247860183,-85.747924896,0.274,5/12/2021 12:00:00 AM,1524,2,2,0,0,CLOUDY,DRY,False,OTHER INTERSECTION COLLISIONS,REAR END,STRAIGHT & LEVEL,DAYLIGHT,,,5/18/2021 9:57:37 AM,False,7904,Accepted,
28130416,0568000,LOUISVILLE METRO POLICE DEPT,Accepted,JEFFERSON,US0031W,,DIXIE,HWY,,,HAROLD,,,,,38.218620696,-85.794437869,17.280,5/12/2021 12:00:00 AM,1820,2,2,0,1,CLEAR,DRY,True,SIDESWIPE-SAME DIRECTION,SIDESWIPE-SAME DIRECTION,STRAIGHT & LEVEL,DAYLIGHT,,,5/14/2021 9:06:42 AM,False,5232,Accepted,
28130401,0568000,LOUISVILLE METRO POLICE DEPT,Accepted,JEFFERSON,,,OAK,ST,W,,,,7TH,,6TH,38.235439432,-85.764329166,0.493,5/12/2021 12:00:00 AM,1247,2,2,0,0,CLEAR,DRY,False,1 VEHICLE ENTERING/LEAVING ENTRANCE,ANGLE,STRAIGHT & LEVEL,DAYLIGHT,,,5/14/2021 9:05:49 AM,False,7619,Accepted,
28130422,0568000,LOUISVILLE METRO POLICE DEPT,Accepted,JEFFERSON,I 0071,,I71 N,,,,,I 0071,I264 E EXIT23 RAMP TO I64 E,I 0071,I71 TURN AROUND6,38.297533260,-85.623944819,6.475,5/12/2021 12:00:00 AM,2348,3,3,0,2,CLEAR,DRY,True,SIDESWIPE COLLISION - SAME DIRECTION,SIDESWIPE-SAME DIRECTION,STRAIGHT & HILLCREST,DARK-HWY NOT LIGHTED,,,5/14/2021 9:07:12 AM,False,5228,Accepted,
28130399,0568000,LOUISVILLE METRO POLICE DEPT,Accepted,JEFFERSON,,,KENTUCKY,ST,E,,HANCOCK,,,,,38.237384448,-85.744902565,0.535,5/12/2021 12:00:00 AM,1612,3,3,0,2,CLEAR,DRY,False,ANGLE COLLISION - OTHER,ANGLE,STRAIGHT & LEVEL,DAYLIGHT,,,5/14/2021 9:05:38 AM,False,5120,Accepted,
28130454,0568000,LOUISVILLE METRO POLICE DEPT,Accepted,JEFFERSON,,7211,RIVER,RD,,,,,,,,38.338173897,-85.626571793,5.951,5/12/2021 12:00:00 AM,2244,1,0,0,1,CLEAR,DRY,True,OTHER ROADWAY OR MID-BLOCK COLLISION,SINGLE VEHICLE,STRAIGHT & LEVEL,DARK-HWY NOT LIGHTED,,,5/14/2021 9:08:33 AM,False,5056,Accepted,
28130299,0560400,SHIVELY POLICE DEPARTMENT,Accepted,JEFFERSON,I 0264,,I264 W,,,,,,,,,38.201033355,-85.827275096,5.667,5/12/2021 12:00:00 AM,2142,2,2,0,0,CLEAR,DRY,True,REAR END IN TRAFFIC LANES BOTH VEHICLES MOVING,REAR END,STRAIGHT & LEVEL,DARK-HWY LIGHTED/ON,,,5/14/2021 8:46:16 AM,False,7128,Accepted,
28130407,0568000,LOUISVILLE METRO POLICE DEPT,Accepted,JEFFERSON,,,7TH,ST,S,,MAGNOLIA,,,,,38.229637393,-85.767554212,0.871,5/12/2021 12:00:00 AM,1354,2,2,0,1,CLEAR,DRY,False,ANGLE COLLISION - OTHER,ANGLE,STRAIGHT & LEVEL,DAYLIGHT,,,5/14/2021 9:06:08 AM,False,5308,Accepted,
28125940,0568000,LOUISVILLE METRO POLICE DEPT,Accepted,JEFFERSON,,,UPPER HUNTERS,TRCE,,,GRASTON,,,,,38.168293284,-85.835329496,0.376,5/12/2021 12:00:00 AM,1201,2,2,0,0,CLEAR,DRY,False,HEAD-ON COLLISION,HEAD ON,STRAIGHT & LEVEL,DAYLIGHT,,,5/13/2021 9:12:30 AM,False,7234,Accepted,
28125957,0568000,LOUISVILLE METRO POLICE DEPT,Accepted,JEFFERSON,KY2054,,ALGONQUIN,PKWY,,,COLORADO,,,,,38.214125566,-85.773010453,2.988,5/12/2021 12:00:00 AM,1838,2,2,0,3,CLEAR,DRY,False,ANGLE COLLISION - OTHER,ANGLE,STRAIGHT & LEVEL,DAYLIGHT,,,5/13/2021 9:12:57 AM,False,7360,Accepted,
28125965,0568000,LOUISVILLE METRO POLICE DEPT,Accepted,JEFFERSON,,,DUMESNIL,ST,,US0031W,22ND,,,,,38.236514306,-85.790367682,1.649,5/12/2021 12:00:00 AM,2117,2,2,0,1,CLEAR,DRY,False,ANGLE COLLISION - OTHER,ANGLE,STRAIGHT & LEVEL,DARK-HWY LIGHTED/ON,,,5/13/2021 9:13:35 AM,False,5325,Accepted,
28125960,0568000,LOUISVILLE METRO POLICE DEPT,Accepted,JEFFERSON,KY1230,,CANE RUN,RD,,,GREENWOOD,,,,,38.147467428,-85.896249659,4.822,5/12/2021 12:00:00 AM,1845,3,3,0,1,CLEAR,DRY,False,ANGLE COLLISION - OTHER,ANGLE,STRAIGHT & LEVEL,DAYLIGHT,,,5/13/2021 9:13:07 AM,False,7234,Accepted,
28125614,0560400,SHIVELY POLICE DEPARTMENT,Accepted,JEFFERSON,US0031W,,DIXIE,HWY,,,,KY2051,ROCKFORD,,KINGSFORD,38.174106916,-85.823370154,13.817,5/12/2021 12:00:00 AM,1619,2,2,0,0,CLEAR,DRY,False,REAR END IN TRAFFIC LANES BOTH VEHICLES MOVING,REAR END,STRAIGHT & LEVEL,DAYLIGHT,,,5/13/2021 7:34:49 AM,False,7105,Accepted,
28125954,0568000,LOUISVILLE METRO POLICE DEPT,Accepted,JEFFERSON,US0060A,,TAYLOR,BLVD,,,DRESDEN,,,,,38.197027644,-85.782908478,1.515,5/12/2021 12:00:00 AM,0945,2,2,0,3,CLEAR,DRY,False,ANGLE COLLISION - OTHER,ANGLE,STRAIGHT & LEVEL,DAYLIGHT,,,5/13/2021 9:12:50 AM,False,7402,Accepted,
28125961,0568000,LOUISVILLE METRO POLICE DEPT,Accepted,JEFFERSON,,,16TH,ST,S,,MAGAZINE,,,,,38.249859512,-85.777953673,0.624,5/12/2021 12:00:00 AM,1836,2,2,0,0,CLEAR,DRY,False,SIDESWIPE-SAME DIRECTION,SIDESWIPE-SAME DIRECTION,STRAIGHT & LEVEL,DAYLIGHT,,,5/13/2021 9:13:12 AM,False,5271,Accepted,
28125970,0568000,LOUISVILLE METRO POLICE DEPT,Accepted,JEFFERSON,,,DUTCHMANS,LN,,,,,,,,38.226879317,-85.648553371,0.124,5/12/2021 12:00:00 AM,1412,2,2,0,0,CLEAR,DRY,False,SIDESWIPE COLLISION - OPPOSITE DIRECTION,SIDESWIPE-OPPOSITE DIRECTION,STRAIGHT & LEVEL,DAYLIGHT,,,5/13/2021 9:13:49 AM,False,6813,Accepted,
28122869,0560300,ST. MATTHEWS POLICE DEPARTMENT,Accepted,JEFFERSON,US0060,5000,SHELBYVILLE,RD,,,,,,,,38.249778342,-85.624023669,5.312,5/12/2021 12:00:00 AM,1223,2,2,0,0,CLEAR,DRY,False,COLLISION IN PARKING LOT,ANGLE,STRAIGHT & GRADE,DAYLIGHT,,,5/12/2021 3:18:30 PM,False,9150,Accepted,
28125952,0568000,LOUISVILLE METRO POLICE DEPT,Accepted,JEFFERSON,KY0061,,PRESTON,HWY,,,INDUSTRIAL,,,,,38.152638607,-85.694619101,5.021,5/12/2021 12:00:00 AM,1541,2,2,0,0,CLEAR,DRY,False,ANGLE COLLISION - OTHER,ANGLE,STRAIGHT & LEVEL,DAYLIGHT,,,5/13/2021 9:12:44 AM,False,2324,Accepted,
28125958,0568000,LOUISVILLE METRO POLICE DEPT,Accepted,JEFFERSON,US0150,1310,BROADWAY,,W,,,,13TH,,15TH,38.247885220,-85.774290052,1.502,5/12/2021 12:00:00 AM,1105,2,2,0,3,CLEAR,DRY,False,1 VEHICLE PARKED POSITION (NOT PARKING LOT/DRIVEWAY),REAR END,STRAIGHT & LEVEL,DAYLIGHT,,,5/13/2021 9:13:00 AM,False,2854,Accepted,
28125959,0568000,LOUISVILLE METRO POLICE DEPT,Accepted,JEFFERSON,,,LIBERTY,ST,W,KY1020,2ND,,,,,38.252704180,-85.753892745,0.786,5/12/2021 12:00:00 AM,1727,2,2,0,1,CLEAR,DRY,False,ANGLE COLLISION - OTHER,ANGLE,STRAIGHT & LEVEL,DAYLIGHT,,,5/13/2021 9:13:04 AM,False,2854,Accepted,
28125942,0568000,LOUISVILLE METRO POLICE DEPT,Accepted,JEFFERSON,KY0155,,TAYLORSVILLE,RD,,,,,,,,38.190860538,-85.485468042,4.794,5/12/2021 12:00:00 AM,1300,3,3,0,0,CLEAR,DRY,True,OTHER ROADWAY OR MID-BLOCK COLLISION,REAR END,STRAIGHT & LEVEL,DAYLIGHT,,,5/13/2021 9:12:33 AM,False,2017,Accepted,