IncidentID,AgencyORI,AgencyName,IncidentStatusDesc,County,RdwyNumber,Street,RoadwayName,StreetSfx,StreetDir,IntersectionRdwy,IntersectionRdwyName,BetweenStRdwy1,BetweenStRdwyName1,BetweenStRdwy2,BetweenStRdwyName2,Latitude,Longitude,Milepoint,CollisionDate,CollisionTime,UnitsInvolved,MotorVehiclesInvolved,NumberKilled,NumberInjured,Weather,RdwyConditionCode,HitandRun,DirAnalysisCode,MannerofCollision,RdwyCharacter,LightCondition,RampFromRdwyId,RampToRdwyId,AcceptedDate,IsSecondaryCollision,OwnerBadge,IncidentStatus,
28125945,0568000,LOUISVILLE METRO POLICE DEPT,Accepted,JEFFERSON,KY1865,5458,NEW CUT,RD,,,,,,,,38.147464259,-85.775686754,2.782,5/12/2021 12:00:00 AM,1327,4,4,0,0,CLEAR,DRY,False,REAR END IN TRAFFIC LANES BOTH VEHICLES MOVING,REAR END,STRAIGHT & LEVEL,DAYLIGHT,,,5/13/2021 9:12:36 AM,False,7263,Accepted,
28125963,0568000,LOUISVILLE METRO POLICE DEPT,Accepted,JEFFERSON,I 0065,,,,,,,,,,,38.114949006,-85.700921756,0.395,5/12/2021 12:00:00 AM,2141,1,1,0,0,CLEAR,DRY,False,COLLISION WITH FIXED OBJECT NOT IN GORE ,SINGLE VEHICLE,CURVE & GRADE,DAYLIGHT,I 0065,KY0481,5/13/2021 9:13:28 AM,False,5198,Accepted,
28125964,0568000,LOUISVILLE METRO POLICE DEPT,Accepted,JEFFERSON,,,SMYRNA,PKWY,,KY1065,OUTER,,,,,38.138010954,-85.641932022,0.004,5/12/2021 12:00:00 AM,2210,2,2,0,0,CLEAR,DRY,False,ANGLE COLLISION - OTHER,ANGLE,STRAIGHT & LEVEL,DARK-HWY LIGHTED/ON,,,5/13/2021 9:13:31 AM,False,7120,Accepted,
28125972,0568000,LOUISVILLE METRO POLICE DEPT,Accepted,JEFFERSON,,,OAK,ST,W,,15TH,,,,,38.236611764,-85.777690759,1.224,5/12/2021 12:00:00 AM,2308,1,1,0,0,CLEAR,DRY,False,OTHER INTERSECTION COLLISIONS,SINGLE VEHICLE,STRAIGHT & LEVEL,DARK-HWY LIGHTED/ON,,,5/13/2021 9:13:53 AM,False,5229,Accepted,
28121383,0568000,LOUISVILLE METRO POLICE DEPT,Accepted,JEFFERSON,I 0065,,,,,,,,,,,38.191160493,-85.733974448,1.484,5/12/2021 12:00:00 AM,0120,2,2,0,0,CLEAR,DRY,False,OTHER RAMP RELATED COLLISIONS NOT LISTED ABOVE,SIDESWIPE-SAME DIRECTION,CURVE & HILLCREST,DARK-HWY LIGHTED/OFF,I 0065,I 0264,5/12/2021 8:12:56 AM,False,5174,Accepted,
28121955,0568000,LOUISVILLE METRO POLICE DEPT,Accepted,JEFFERSON,US0060,,FRANKFORT,AVE,,,FENLEY,,,,,38.254060581,-85.670469792,2.735,5/12/2021 12:00:00 AM,0913,2,2,0,1,CLEAR,DRY,False,REAR END - ONE VEHICLE TURNING LEFT,REAR END,STRAIGHT & LEVEL,DAYLIGHT,,,5/12/2021 10:36:42 AM,False,7128,Accepted,
28125649,0560300,ST. MATTHEWS POLICE DEPARTMENT,Accepted,JEFFERSON,I 0064,,I64 E,,,,,I 0064,I64 E EXIT10 ON RAMP FROM KY2048,I 0064,I64 E EXIT12 RAMP TO I264,38.235718812,-85.648308232,11.091,5/12/2021 12:00:00 AM,1503,2,2,0,0,CLEAR,DRY,True,REAR END IN TRAFFIC LANES BOTH VEHICLES MOVING,REAR END,STRAIGHT & LEVEL,DAYLIGHT,,,5/13/2021 7:50:05 AM,False,9156,Accepted,
28125933,0568000,LOUISVILLE METRO POLICE DEPT,Accepted,JEFFERSON,,,LIBERTY,ST,W,,,,1ST,KY1020,2ND,38.252650621,-85.753319044,0.818,5/12/2021 12:00:00 AM,1142,2,2,0,0,CLEAR,DRY,False,SIDESWIPE COLLISION - SAME DIRECTION,SIDESWIPE-SAME DIRECTION,STRAIGHT & LEVEL,DAYLIGHT,,,5/13/2021 9:12:16 AM,False,7229,Accepted,
28125935,0568000,LOUISVILLE METRO POLICE DEPT,Accepted,JEFFERSON,,,MOORMAN,RD,,KY1230,LOWER RIVER,,,,,38.095991161,-85.893273172,0.004,5/11/2021 12:00:00 AM,1547,2,2,0,1,CLEAR,DRY,False,ANGLE COLLISION - OTHER,ANGLE,STRAIGHT & LEVEL,DAYLIGHT,,,5/13/2021 9:12:22 AM,False,7234,Accepted,
28119687,0561000,JEFFERSONTOWN POLICE DEPT,Accepted,JEFFERSON,KY1747,,HURSTBOURNE,PKWY,S,,HURSTBOURNE,,,,,38.217652624,-85.587053218,11.293,5/11/2021 12:00:00 AM,1555,2,2,0,0,CLEAR,DRY,True,SIDESWIPE-SAME DIRECTION,SIDESWIPE-SAME DIRECTION,STRAIGHT & LEVEL,DAYLIGHT,,,5/11/2021 9:29:57 PM,False,8310,Accepted,
28121379,0568000,LOUISVILLE METRO POLICE DEPT,Accepted,JEFFERSON,KY0841,,GENE SNYDER,FWY,,,,,,,,38.117852875,-85.745124467,7.812,5/11/2021 12:00:00 AM,2156,1,1,0,0,CLEAR,DRY,True,OTHER ROADWAY OR MID-BLOCK COLLISION,SINGLE VEHICLE,STRAIGHT & LEVEL,DARK-HWY LIGHTED/ON,,,5/12/2021 8:12:44 AM,False,5312,Accepted,
28121381,0568000,LOUISVILLE METRO POLICE DEPT,Accepted,JEFFERSON,KY1020,,3RD,ST,S,US0060A,EASTERN,,,,,38.213793504,-85.762217562,9.872,5/11/2021 12:00:00 AM,1939,2,2,0,0,CLOUDY,DRY,False,ANGLE COLLISION - OTHER,ANGLE,STRAIGHT & LEVEL,DUSK,,,5/12/2021 8:12:49 AM,False,5236,Accepted,
28121388,0568000,LOUISVILLE METRO POLICE DEPT,Accepted,JEFFERSON,KY2048,,CANNONS,LN,,I 0064,I64 W EXIT10 ON RAMP FROM KY2048,,,,,38.236675246,-85.658970915,1.344,5/11/2021 12:00:00 AM,1500,2,2,0,0,CLEAR,DRY,False,OTHER INTERSECTION COLLISIONS,REAR END,STRAIGHT & LEVEL,DAYLIGHT,,,5/12/2021 8:13:13 AM,False,2013,Accepted,
28121373,0568000,LOUISVILLE METRO POLICE DEPT,Accepted,JEFFERSON,I 0264,,,,,,,,,,,38.195352055,-85.707713019,0.119,5/11/2021 12:00:00 AM,1517,2,2,0,0,CLEAR,DRY,False,OTHER RAMP RELATED COLLISIONS NOT LISTED ABOVE,REAR END,CURVE & HILLCREST,DAYLIGHT,I 0264,KY0864,5/12/2021 8:12:18 AM,False,7319,Accepted,
28121374,0568000,LOUISVILLE METRO POLICE DEPT,Accepted,JEFFERSON,,3245,GOLDEN TURTLE,CIR,,,,,,,,38.203599948,-85.679502777,0.093,5/11/2021 12:00:00 AM,1307,1,1,0,0,CLEAR,DRY,False,COLLISION IN PARKING LOT,SINGLE VEHICLE,STRAIGHT & LEVEL,DAYLIGHT,,,5/12/2021 8:12:22 AM,False,7319,Accepted,
28121382,0568000,LOUISVILLE METRO POLICE DEPT,Accepted,JEFFERSON,,,STONESTREET,RD,,,,,PRAIRIE,,SILVERWOOD,38.107992087,-85.835186210,1.572,5/11/2021 12:00:00 AM,1744,2,2,0,0,CLEAR,DRY,False,REAR END IN TRAFFIC LANES BOTH VEHICLES MOVING,REAR END,STRAIGHT & LEVEL,DAYLIGHT,,,5/12/2021 8:12:52 AM,False,5220,Accepted,
28121369,0568000,LOUISVILLE METRO POLICE DEPT,Accepted,JEFFERSON,,,TWIN OAK,LN,,,,,,,,38.168183518,-85.694524037,0.340,5/11/2021 12:00:00 AM,1246,2,2,0,0,CLOUDY,DRY,False,SIDESWIPE COLLISION - OPPOSITE DIRECTION,SIDESWIPE-OPPOSITE DIRECTION,CURVE & LEVEL,DAYLIGHT,,,5/12/2021 8:11:59 AM,False,4693,Accepted,
28121370,0568000,LOUISVILLE METRO POLICE DEPT,Accepted,JEFFERSON,KY0061,,PRESTON,HWY,,,,,,,,38.142198384,-85.688805169,4.234,5/11/2021 12:00:00 AM,1339,1,1,0,0,CLOUDY,DRY,False,COLLISION WITH FIXED OBJECT NON - INTERSECTION - FIRST EVENT COLLISION 09 - 32 EXCLUDING 16,SINGLE VEHICLE,STRAIGHT & LEVEL,DAYLIGHT,,,5/12/2021 8:12:02 AM,False,4693,Accepted,
28121364,0568000,LOUISVILLE METRO POLICE DEPT,Accepted,JEFFERSON,US0031E,,BARDSTOWN,RD,,US0060A,EASTERN,,,,,38.231994086,-85.709318405,14.626,5/11/2021 12:00:00 AM,1002,2,2,0,0,CLEAR,DRY,False,ANGLE COLLISION - OTHER,ANGLE,STRAIGHT & LEVEL,DAYLIGHT,,,5/12/2021 8:11:39 AM,False,7570,Accepted,
28121371,0568000,LOUISVILLE METRO POLICE DEPT,Accepted,JEFFERSON,KY1065,,LOVERS,LN,,,FERN CREEK,,,,,38.156581753,-85.572330542,13.018,5/11/2021 12:00:00 AM,1442,2,2,0,0,CLEAR,DRY,False,ANGLE COLLISION - ONE VEHICLE TURNING LEFT,ANGLE,STRAIGHT & LEVEL,DAYLIGHT,,,5/12/2021 8:12:06 AM,False,2017,Accepted,
28121378,0568000,LOUISVILLE METRO POLICE DEPT,Accepted,JEFFERSON,KY1865,,NEW CUT,RD,,,WESTVIEW,,,,,38.149484284,-85.776108577,2.920,5/11/2021 12:00:00 AM,1603,2,2,0,1,CLEAR,DRY,False,ANGLE COLLISION - OTHER,ANGLE,STRAIGHT & LEVEL,DAYLIGHT,,,5/12/2021 8:12:41 AM,False,7221,Accepted,
28121386,0568000,LOUISVILLE METRO POLICE DEPT,Accepted,JEFFERSON,,,17TH,ST,S,,KENTUCKY,,,,,38.241880100,-85.782020404,1.105,5/11/2021 12:00:00 AM,2330,2,2,0,0,CLEAR,DRY,False,COLLISION WITH PARKED VEHICLE,SIDESWIPE-OPPOSITE DIRECTION,STRAIGHT & LEVEL,DARK-HWY LIGHTED/ON,,,5/12/2021 8:13:06 AM,False,5256,Accepted,
28121387,0568000,LOUISVILLE METRO POLICE DEPT,Accepted,JEFFERSON,KY0061,,PRESTON,HWY,,,,,,,,38.156656025,-85.696747190,5.345,5/11/2021 12:00:00 AM,2125,2,2,0,0,CLEAR,DRY,True,REAR END IN TRAFFIC LANES BOTH VEHICLES MOVING,REAR END,STRAIGHT & LEVEL,DARK-HWY NOT LIGHTED,,,5/12/2021 8:13:09 AM,False,5138,Accepted,
28121384,0568000,LOUISVILLE METRO POLICE DEPT,Accepted,JEFFERSON,US0060A,,WILLOW,AVE,,,EDGELAND,,,,,38.235193162,-85.708515514,7.090,5/11/2021 12:00:00 AM,1942,4,4,0,1,CLOUDY,DRY,False,COLLISION WITH PARKED VEHICLE,SIDESWIPE-OPPOSITE DIRECTION,CURVE & HILLCREST,DAYLIGHT,,,5/12/2021 8:12:59 AM,False,7916,Accepted,
28121366,0568000,LOUISVILLE METRO POLICE DEPT,Accepted,JEFFERSON,I 0265,,I265 S,,,,,,,,,38.292521035,-85.540780340,31.932,5/11/2021 12:00:00 AM,0757,2,2,0,2,CLEAR,DRY,False,REAR END IN TRAFFIC LANES BOTH VEHICLES MOVING,REAR END,STRAIGHT & LEVEL,DAYLIGHT,,,5/12/2021 8:11:49 AM,False,6886,Accepted,
28121368,0568000,LOUISVILLE METRO POLICE DEPT,Accepted,JEFFERSON,I 0264,,,,,,,,,,,38.196241895,-85.707632307,0.241,5/11/2021 12:00:00 AM,0729,2,2,0,0,CLEAR,DRY,False,OTHER RAMP RELATED COLLISIONS NOT LISTED ABOVE,REAR END,CURVE & HILLCREST,DAYLIGHT,I 0264,KY0864,5/12/2021 8:11:55 AM,False,4693,Accepted,
28121375,0568000,LOUISVILLE METRO POLICE DEPT,Accepted,JEFFERSON,,,KENT,RD,,,,,,,,38.221808710,-85.659559190,0.031,5/11/2021 12:00:00 AM,1629,2,1,0,1,CLEAR,DRY,False,COLLISION WITH BICYCLIST NON INTERSECTION,SINGLE VEHICLE,STRAIGHT & LEVEL,DAYLIGHT,,,5/12/2021 8:12:26 AM,False,5354,Accepted,
28121385,0568000,LOUISVILLE METRO POLICE DEPT,Accepted,JEFFERSON,,,BISHOP,LN,,,GARDINER,,,,,38.197856636,-85.686293135,1.262,5/11/2021 12:00:00 AM,2043,2,2,0,0,CLEAR,DRY,True,ANGLE COLLISION - OTHER,ANGLE,STRAIGHT & LEVEL,DARK-HWY LIGHTED/ON,,,5/12/2021 8:13:02 AM,False,5307,Accepted,
28139906,0568000,LOUISVILLE METRO POLICE DEPT,Accepted,JEFFERSON,US0031E,7920,BARDSTOWN,RD,,,,,,,,38.131593947,-85.578261842,4.169,5/11/2021 12:00:00 AM,1531,2,2,0,0,CLEAR,DRY,False,COLLISION IN PARKING LOT,ANGLE,STRAIGHT & LEVEL,DAYLIGHT,,,5/17/2021 8:33:45 AM,False,7278,Accepted,
28125937,0568000,LOUISVILLE METRO POLICE DEPT,Accepted,JEFFERSON,,9404,3RD,ST,,,,,,,,38.083022746,-85.660535268,0.032,5/11/2021 12:00:00 AM,1845,2,2,0,0,CLEAR,DRY,False,REAR END IN TRAFFIC LANES BOTH VEHICLES MOVING,REAR END,STRAIGHT & LEVEL,DAYLIGHT,,,5/13/2021 9:12:26 AM,False,7234,Accepted,
28130421,0568000,LOUISVILLE METRO POLICE DEPT,Accepted,JEFFERSON,KY0864,5013,POPLAR LEVEL,RD,,,,,,,,38.166350394,-85.680876998,8.858,5/11/2021 12:00:00 AM,2000,2,2,0,0,CLEAR,DRY,True,COLLISION IN PARKING LOT,BACKING,STRAIGHT & LEVEL,DAYLIGHT,,,5/14/2021 9:07:07 AM,False,7341,Accepted,
28139964,0568000,LOUISVILLE METRO POLICE DEPT,Accepted,JEFFERSON,KY1020,,NATIONAL,TPKE,,KY1065,OUTER,,,,,38.126221141,-85.748753629,3.614,5/11/2021 12:00:00 AM,1115,2,2,0,0,CLEAR,DRY,False,SIDESWIPE-SAME DIRECTION,SIDESWIPE-SAME DIRECTION,CURVE & LEVEL,DAYLIGHT,,,5/17/2021 8:37:29 AM,False,7080,Accepted,
28149030,0568000,LOUISVILLE METRO POLICE DEPT,Accepted,JEFFERSON,,3306,CHINQUAPIN,LN,,,,,,,,38.166742875,-85.698766247,0.121,5/11/2021 12:00:00 AM,1348,2,2,0,0,CLEAR,DRY,False,VEHICLE BACKING NON INTERSECTION,BACKING,STRAIGHT & LEVEL,DAYLIGHT,,,5/19/2021 8:22:07 AM,False,7283,Accepted,
28140002,0568000,LOUISVILLE METRO POLICE DEPT,Accepted,JEFFERSON,,,MILE OF SUNSHINE,DR,,KY2052,SHEPHERDSVILLE,,,,,38.150424436,-85.659825265,,5/11/2021 12:00:00 AM,2215,2,2,0,0,CLEAR,DRY,False,OTHER INTERSECTION COLLISIONS,REAR END,STRAIGHT & LEVEL,DARK-HWY LIGHTED/OFF,,,5/17/2021 8:39:47 AM,False,7415,Accepted,
28139911,0568000,LOUISVILLE METRO POLICE DEPT,Accepted,JEFFERSON,,,OLIVE,ST,,,,,WILSON,,BURNETT,38.232810529,-85.799566480,0.261,5/11/2021 12:00:00 AM,1514,2,2,0,0,CLEAR,DRY,False,1 VEHICLE PARKED POSITION (NOT PARKING LOT/DRIVEWAY),SIDESWIPE-SAME DIRECTION,STRAIGHT & LEVEL,DAYLIGHT,,,5/17/2021 8:34:02 AM,False,7656,Accepted,
28153855,0568000,LOUISVILLE METRO POLICE DEPT,Accepted,JEFFERSON,I 0264,,,,,,,,,,,38.212064512,-85.672064562,0.002,5/11/2021 12:00:00 AM,2302,1,1,0,0,CLEAR,DRY,False,OTHER RAMP RELATED COLLISIONS NOT LISTED ABOVE,SINGLE VEHICLE,CURVE & LEVEL,DARK-HWY LIGHTED/ON,US31E S,I 0264,5/20/2021 8:46:37 AM,False,7049,Accepted,
28139978,0568000,LOUISVILLE METRO POLICE DEPT,Accepted,JEFFERSON,KY1747,,FERN VALLEY,RD,,KY0061,PRESTON,,,,,38.156948146,-85.696919675,1.943,5/11/2021 12:00:00 AM,1427,2,2,0,0,CLEAR,DRY,False,ANGLE COLLISION - OTHER,ANGLE,STRAIGHT & LEVEL,DAYLIGHT,,,5/17/2021 8:38:10 AM,False,7938,Accepted,
30231979,0560000,JEFFERSON COUNTY SHERIFF DEPT.,Accepted,JEFFERSON,,,JEFFERSON,ST,W,,,,,,,38.254217949,-85.760138912,0.444,5/11/2021 12:00:00 AM,1221,2,2,0,0,CLEAR,DRY,False,1 VEHICLE PARKED POSITION (NOT PARKING LOT/DRIVEWAY),BACKING,STRAIGHT & LEVEL,DAYLIGHT,,,6/27/2022 8:58:29 AM,False,3949,Accepted,
28233818,0568000,LOUISVILLE METRO POLICE DEPT,Accepted,JEFFERSON,KY1020,8177,NATIONAL,TPKE,,,,,,,,38.133298679,-85.748680833,3.777,5/11/2021 12:00:00 AM,1520,2,1,0,1,CLEAR,DRY,False,COLLISION WITH PEDESTRIAN NON - INTERSECTION,SINGLE VEHICLE,STRAIGHT & LEVEL,DAYLIGHT,,,6/9/2021 8:22:40 AM,False,7221,Accepted,
28225429,0568000,LOUISVILLE METRO POLICE DEPT,Accepted,JEFFERSON,KY1932,,BRECKENRIDGE,LN,,,BERKSHIRE,,,,,38.222475302,-85.632691164,3.065,5/11/2021 12:00:00 AM,0040,2,1,0,1,OTHER,DRY,False,COLLISION WITH BICYCLE IN INTERSECTION,SINGLE VEHICLE,STRAIGHT & LEVEL,DARK (UNKNOWN ROADWAY LIGHTING),,,6/7/2021 9:52:54 AM,False,5153,Accepted,
28139917,0568000,LOUISVILLE METRO POLICE DEPT,Accepted,JEFFERSON,KY1931,3600B,MANSLICK,RD,,,,,ELDERWOOD,,NICHOLS,38.195005489,-85.799853144,8.354,5/10/2021 12:00:00 AM,1208,3,3,0,1,CLEAR,DRY,False,COLLISION WITH FIXED OBJECT NON - INTERSECTION - FIRST EVENT COLLISION 09 - 32 EXCLUDING 16,HEAD ON,CURVE & LEVEL,DAYLIGHT,,,5/17/2021 8:34:31 AM,False,7398,Accepted,
28130400,0568000,LOUISVILLE METRO POLICE DEPT,Accepted,JEFFERSON,,1200 BLK,28TH,ST,S,,,,,,,38.236891837,-85.800507235,1.681,5/10/2021 12:00:00 AM,1345,2,2,0,0,CLEAR,DRY,False,VEHICLE BACKING NON INTERSECTION,BACKING,STRAIGHT & LEVEL,DAYLIGHT,,,5/14/2021 9:05:44 AM,False,7066,Accepted,
28121376,0568000,LOUISVILLE METRO POLICE DEPT,Accepted,JEFFERSON,,,OAK,ST,E,KY0061,PRESTON,,,,,38.234052609,-85.749469184,0.321,5/10/2021 12:00:00 AM,1206,2,2,0,2,CLEAR,DRY,False,SIDESWIPE-SAME DIRECTION,SIDESWIPE-SAME DIRECTION,STRAIGHT & LEVEL,DAYLIGHT,,,5/12/2021 8:12:34 AM,False,7322,Accepted,
28116675,0568000,LOUISVILLE METRO POLICE DEPT,Accepted,JEFFERSON,US0150,,BROADWAY,,E,KY0864,SHELBY,,,,,38.244719722,-85.739526436,3.402,5/10/2021 12:00:00 AM,0704,2,2,0,1,CLEAR,DRY,False,ANGLE COLLISION - OTHER,ANGLE,STRAIGHT & LEVEL,DAYLIGHT,,,5/11/2021 8:38:20 AM,False,5331,Accepted,
28116677,0568000,LOUISVILLE METRO POLICE DEPT,Accepted,JEFFERSON,US0031W,,MARKET,ST,W,US0150,DR W J HODGE,,,,,38.258392108,-85.784917235,20.295,5/10/2021 12:00:00 AM,0909,2,2,0,0,CLEAR,DRY,False,OTHER INTERSECTION COLLISIONS,REAR END,STRAIGHT & LEVEL,DAYLIGHT,,,5/11/2021 8:38:33 AM,False,5108,Accepted,
28116684,0568000,LOUISVILLE METRO POLICE DEPT,Accepted,JEFFERSON,,,RIVER PARK,DR,,,,I 0264,I264 W EXIT2 OFF RAMP TO  MUHAMMAD ALI BLVD,,31ST,38.253992293,-85.803131629,1.307,5/10/2021 12:00:00 AM,1340,1,1,0,0,CLEAR,DRY,False,OTHER ROADWAY OR MID-BLOCK COLLISION,SINGLE VEHICLE,STRAIGHT & LEVEL,DAYLIGHT,,,5/11/2021 8:38:57 AM,False,7805,Accepted,
28116685,0568000,LOUISVILLE METRO POLICE DEPT,Accepted,JEFFERSON,US0031W,9209,DIXIE,HWY,,,,,,,,38.121026668,-85.855846868,9.734,5/10/2021 12:00:00 AM,1040,2,2,0,0,CLEAR,DRY,True,1 VEHICLE ENTERING/LEAVING ENTRANCE,ANGLE,STRAIGHT & LEVEL,DAYLIGHT,,,5/11/2021 8:39:01 AM,False,7232,Accepted,
28116679,0568000,LOUISVILLE METRO POLICE DEPT,Accepted,JEFFERSON,US0150,,BROADWAY,,W,US0031W,DR W J HODGE,,,,,38.249205162,-85.786580370,0.821,5/10/2021 12:00:00 AM,1029,2,2,0,0,CLEAR,DRY,False,ANGLE COLLISION - OTHER,ANGLE,STRAIGHT & LEVEL,DAYLIGHT,,,5/11/2021 8:38:40 AM,False,5108,Accepted,
28116680,0568000,LOUISVILLE METRO POLICE DEPT,Accepted,JEFFERSON,KY1065,,BEULAH CHURCH,RD,,,JOHNSON SCHOOL,,,,,38.141048498,-85.598341389,10.903,5/10/2021 12:00:00 AM,0818,2,2,0,0,CLEAR,DRY,False,ANGLE COLLISION - ONE VEHICLE TURNING RIGHT,ANGLE,CURVE & LEVEL,DAYLIGHT,,,5/11/2021 8:38:43 AM,False,2017,Accepted,
28116687,0568000,LOUISVILLE METRO POLICE DEPT,Accepted,JEFFERSON,,,1ST,ST,S,,MUHAMMAD ALI,,,,,38.250659708,-85.752605567,0.376,5/10/2021 12:00:00 AM,1215,2,2,0,2,CLEAR,DRY,False,OPPOSITE DIRECTION - BOTH VEHICLES GOING STRAIGHT AHEAD,SIDESWIPE-OPPOSITE DIRECTION,STRAIGHT & LEVEL,DAYLIGHT,,,5/11/2021 8:39:07 AM,False,5365,Accepted,
28116695,0568000,LOUISVILLE METRO POLICE DEPT,Accepted,JEFFERSON,,,26TH,ST,S,,,,GRAND,,GREENWOOD,38.241238955,-85.795867383,1.351,5/10/2021 12:00:00 AM,1245,3,3,0,1,CLEAR,DRY,True,1 VEHICLE ENTERING/LEAVING ENTRANCE,ANGLE,STRAIGHT & LEVEL,DAYLIGHT,,,5/11/2021 8:39:24 AM,False,2217,Accepted,
28116696,0568000,LOUISVILLE METRO POLICE DEPT,Accepted,JEFFERSON,KY1020,333,KENWOOD,WAY,W,,,,,,,38.180536851,-85.767787776,7.742,5/10/2021 12:00:00 AM,0826,4,4,0,0,CLEAR,DRY,False,1 VEHICLE PARKED POSITION (NOT PARKING LOT/DRIVEWAY),ANGLE,STRAIGHT & LEVEL,DAYLIGHT,,,5/11/2021 8:39:30 AM,False,7963,Accepted,
28111938,0568000,LOUISVILLE METRO POLICE DEPT,Accepted,JEFFERSON,,,ROBINWOOD,RD,,,RUSSETT,,,,,38.165058177,-85.664844612,0.744,5/10/2021 12:00:00 AM,0258,2,2,0,0,CLEAR,DRY,False,COLLISION IN PARKING LOT,BACKING,STRAIGHT & LEVEL,DARK-HWY LIGHTED/ON,,,5/10/2021 8:52:59 AM,False,7948,Accepted,
28111940,0568000,LOUISVILLE METRO POLICE DEPT,Accepted,JEFFERSON,,2234,OAK,ST,W,,,,,,,38.237511762,-85.791340612,1.974,5/10/2021 12:00:00 AM,0651,3,3,0,0,CLEAR,DRY,True,1 VEHICLE PARKED POSITION (NOT PARKING LOT/DRIVEWAY),REAR END,STRAIGHT & LEVEL,DAWN,,,5/10/2021 8:53:06 AM,False,5239,Accepted,
28116678,0568000,LOUISVILLE METRO POLICE DEPT,Accepted,JEFFERSON,KY1447,,WESTPORT,RD,,,TOWNE CENTER,,,,,38.296306748,-85.553388289,6.395,5/10/2021 12:00:00 AM,1038,2,2,0,2,CLEAR,DRY,False,ANGLE COLLISION - OTHER,ANGLE,STRAIGHT & LEVEL,DAYLIGHT,,,5/11/2021 8:38:36 AM,False,2969,Accepted,
28116686,0568000,LOUISVILLE METRO POLICE DEPT,Accepted,JEFFERSON,KY0864,7906,BEULAH CHURCH,RD,,,,,,,,38.135583422,-85.613609933,4.111,5/10/2021 12:00:00 AM,1629,2,2,0,0,CLEAR,DRY,False,OTHER ROADWAY OR MID-BLOCK COLLISION,OPPOSING LEFT TURN,STRAIGHT & LEVEL,DAYLIGHT,,,5/11/2021 8:39:04 AM,False,7698,Accepted,
28116694,0568000,LOUISVILLE METRO POLICE DEPT,Accepted,JEFFERSON,,,CHESTNUT,ST,W,US0031W,DR W J HODGE,,,,,38.252034950,-85.786016451,0.817,5/10/2021 12:00:00 AM,1735,2,2,0,0,CLEAR,DRY,False,ANGLE COLLISION - OTHER,ANGLE,STRAIGHT & LEVEL,DAYLIGHT,,,5/11/2021 8:39:20 AM,False,7361,Accepted,
28121362,0568000,LOUISVILLE METRO POLICE DEPT,Accepted,JEFFERSON,,,GAULBERT,AVE,W,,MCCLOSKEY,,,,,38.227360993,-85.787487164,0.497,5/10/2021 12:00:00 AM,1237,2,2,0,1,CLEAR,DRY,True,ANGLE COLLISION - OTHER,ANGLE,STRAIGHT & LEVEL,DAYLIGHT,,,5/12/2021 8:11:28 AM,False,5363,Accepted,
28121361,0568000,LOUISVILLE METRO POLICE DEPT,Accepted,JEFFERSON,KY1631,,CRITTENDEN,DR,,,CHICOPEE,,,,,38.193154934,-85.750931141,0.362,5/10/2021 12:00:00 AM,1133,2,2,0,0,CLEAR,DRY,False,SIDESWIPE-SAME DIRECTION,SIDESWIPE-SAME DIRECTION,STRAIGHT & LEVEL,DAYLIGHT,,,5/12/2021 8:11:16 AM,False,5111,Accepted,
28167905,0568000,LOUISVILLE METRO POLICE DEPT,Accepted,JEFFERSON,US0060A,700 BLOCK,EASTERN,PKWY,,,,,,,,38.215451921,-85.741638084,4.651,5/10/2021 12:00:00 AM,0056,1,1,1,1,CLEAR,DRY,False,COLLISION WITH FIXED OBJECT NON - INTERSECTION - FIRST EVENT COLLISION 09 - 32 EXCLUDING 16,SINGLE VEHICLE,STRAIGHT & LEVEL,DARK-HWY LIGHTED/ON,,,5/24/2021 9:24:39 AM,False,2142,Accepted,
28153831,0568000,LOUISVILLE METRO POLICE DEPT,Accepted,JEFFERSON,KY1865,,TAYLOR,BLVD,,US0060A,BERRY,,,,,38.196343143,-85.782938586,6.191,5/10/2021 12:00:00 AM,1649,2,2,0,1,CLEAR,DRY,False,HEAD-ON COLLISION,HEAD ON,STRAIGHT & LEVEL,DAYLIGHT,,,5/20/2021 8:45:07 AM,False,7398,Accepted,
28153833,0568000,LOUISVILLE METRO POLICE DEPT,Accepted,JEFFERSON,,3637,ELDERWOOD,WAY,,,,,,,,38.193532592,-85.802150554,0.101,5/10/2021 12:00:00 AM,1515,2,2,0,2,CLEAR,DRY,False,VEHICLE BACKING NON INTERSECTION,BACKING,STRAIGHT & LEVEL,DAYLIGHT,,,5/20/2021 8:45:13 AM,False,7398,Accepted,
28254937,0568000,LOUISVILLE METRO POLICE DEPT,Accepted,JEFFERSON,,,25TH,ST,S,,STANDARD,,,,,38.232620902,-85.795896170,1.114,5/10/2021 12:00:00 AM,1612,2,1,0,0,CLOUDY,DRY,False,ANGLE COLLISION - ONE VEHICLE TURNING RIGHT,ANGLE,STRAIGHT & LEVEL,DAYLIGHT,,,6/15/2021 12:57:48 AM,False,5363,Accepted,
28173270,0568000,LOUISVILLE METRO POLICE DEPT,Accepted,JEFFERSON,,2800,CRITTENDEN,DR,,,,,,,,38.216211919,-85.750620532,0.044,5/10/2021 12:00:00 AM,1019,2,2,0,0,CLEAR,DRY,False,SIDESWIPE COLLISION - SAME DIRECTION,SIDESWIPE-SAME DIRECTION,STRAIGHT & LEVEL,DAYLIGHT,,,5/25/2021 8:41:37 AM,False,2738,Accepted,